# WaveFront *.obj file (generated by Autodesk ATF)

mtllib logo.mtl

g Body1

v 2.000000 -0.905000 1.942277
v 1.991312 -0.783168 1.869013
v 1.964813 -0.657881 1.794248
v 1.919851 -0.534080 1.721640
v 1.856343 -0.416954 1.654955
v 1.774975 -0.309466 1.596859
v 1.669699 -0.208671 1.547451
v 1.541304 -0.121397 1.512921
v 1.400000 -0.056472 1.500000
v 1.400000 0.056472 1.500000
v 1.541464 0.121245 1.512806
v 1.669876 0.208502 1.547324
v 1.774507 0.308884 1.596541
v 1.855994 0.416663 1.654826
v 1.919451 0.534159 1.721675
v 1.964402 0.657962 1.794284
v 1.991151 0.783199 1.869027
v 2.000000 0.905000 1.942277
v 1.302162 -0.027999 1.500000
v 1.201733 -0.010768 1.500000
v 1.100000 -0.005000 1.500000
v 0.900000 -0.005000 1.500000
v 0.798267 -0.010768 1.500000
v 0.697838 -0.027999 1.500000
v 0.600000 -0.056472 1.500000
v 0.600000 0.056472 1.500000
v 0.697838 0.027999 1.500000
v 0.798267 0.010768 1.500000
v 0.900000 0.005000 1.500000
v 1.100000 0.005000 1.500000
v 1.201733 0.010768 1.500000
v 1.302162 0.027999 1.500000
v 0.000000 0.905000 1.942277
v 0.008688 0.783168 1.869013
v 0.035187 0.657881 1.794248
v 0.080149 0.534080 1.721640
v 0.143657 0.416954 1.654955
v 0.225025 0.309466 1.596859
v 0.330301 0.208671 1.547451
v 0.458696 0.121397 1.512921
v 0.458536 -0.121245 1.512806
v 0.330124 -0.208502 1.547324
v 0.225493 -0.308884 1.596541
v 0.144006 -0.416663 1.654826
v 0.080549 -0.534159 1.721675
v 0.035598 -0.657962 1.794284
v 0.008849 -0.783199 1.869027
v 0.000000 -0.905000 1.942277
v 0.900000 -0.905000 -0.637674
v 0.724419 -0.905000 -0.624927
v 0.555585 -0.905000 -0.587175
v 0.399987 -0.905000 -0.525868
v 0.263604 -0.905000 -0.443364
v 0.151677 -0.905000 -0.342832
v 0.068508 -0.905000 -0.228136
v 0.017293 -0.905000 -0.103684
v 0.004334 -0.905000 -0.039284
v 0.000000 -0.905000 0.025742
v 0.022565 -0.704731 0.025742
v 0.089128 -0.514505 0.025742
v 0.196352 -0.343859 0.025742
v 0.338859 -0.201352 0.025742
v 0.509505 -0.094128 0.025742
v 0.699731 -0.027565 0.025742
v 0.900000 -0.005000 0.025742
v 0.900000 -0.009334 -0.039284
v 0.900000 -0.022293 -0.103684
v 0.900000 -0.073508 -0.228136
v 0.900000 -0.156677 -0.342832
v 0.900000 -0.268604 -0.443364
v 0.900000 -0.404987 -0.525868
v 0.900000 -0.560585 -0.587175
v 0.900000 -0.729419 -0.624927
v 0.866233 -0.018406 -0.085587
v 0.774773 -0.137482 -0.308199
v 0.764551 -0.388492 -0.508294
v 0.784102 -0.496798 -0.559308
v 0.768406 -0.880432 -0.630294
v 0.895590 -0.822267 -0.634857
v 0.613254 -0.862020 -0.602303
v 0.736730 -0.806678 -0.622628
v 0.865816 -0.752943 -0.627651
v 0.250107 -0.877725 -0.432759
v 0.344699 -0.817935 -0.492382
v 0.446897 -0.762916 -0.537817
v 0.558774 -0.710919 -0.571240
v 0.684119 -0.660763 -0.592631
v 0.816365 -0.615791 -0.599456
v 0.073994 -0.896719 -0.237615
v 0.135867 -0.821983 -0.319380
v 0.215824 -0.751321 -0.390123
v 0.309190 -0.687004 -0.448216
v 0.410998 -0.630534 -0.493160
v 0.523248 -0.579909 -0.527043
v 0.649804 -0.534208 -0.549934
v 0.018495 -0.887468 -0.107435
v 0.056257 -0.798525 -0.191381
v 0.116298 -0.713629 -0.268360
v 0.194975 -0.635871 -0.335759
v 0.287611 -0.567503 -0.391942
v 0.389197 -0.509792 -0.436297
v 0.501690 -0.460501 -0.470806
v 0.628995 -0.418940 -0.495644
v 0.003237 -0.864582 -0.021930
v 0.012545 -0.813235 -0.061487
v 0.049398 -0.712944 -0.138409
v 0.108726 -0.619159 -0.209886
v 0.186905 -0.535177 -0.273433
v 0.279255 -0.463237 -0.327404
v 0.380750 -0.404405 -0.371067
v 0.493334 -0.356241 -0.406272
v 0.620925 -0.318259 -0.433326
v 0.756966 -0.293857 -0.449718
v 0.015045 -0.748496 -0.010079
v 0.052280 -0.638307 -0.079143
v 0.111908 -0.536769 -0.144464
v 0.190296 -0.447361 -0.203701
v 0.282766 -0.372306 -0.255199
v 0.384299 -0.312497 -0.298086
v 0.496845 -0.265315 -0.334072
v 0.624316 -0.230454 -0.363603
v 0.760154 -0.211325 -0.384183
v 0.065501 -0.571528 -0.010427
v 0.126502 -0.463054 -0.068611
v 0.205851 -0.368790 -0.122852
v 0.298873 -0.290948 -0.171482
v 0.400579 -0.230264 -0.213468
v 0.512951 -0.183962 -0.250359
v 0.639870 -0.151893 -0.282764
v 0.153602 -0.402287 0.016135
v 0.234737 -0.304020 -0.032523
v 0.328784 -0.223880 -0.077949
v 0.430811 -0.162476 -0.118930
v 0.542860 -0.116898 -0.156831
v 0.668752 -0.087131 -0.192446
v 0.801920 -0.076610 -0.223305
v 0.372701 -0.175662 0.022340
v 0.475201 -0.113739 -0.017563
v 0.586775 -0.068682 -0.056548
v 0.711159 -0.040570 -0.095605
v 0.841781 -0.032845 -0.132280
v 0.613714 -0.052774 -0.005106
v 0.737174 -0.025208 -0.045929
v 0.893411 -0.009294 -0.038803
v 0.765774 -0.015585 0.003328
v 0.900000 0.905000 -0.637674
v 0.900000 0.729419 -0.624927
v 0.900000 0.560585 -0.587175
v 0.900000 0.404987 -0.525868
v 0.900000 0.268604 -0.443364
v 0.900000 0.156677 -0.342832
v 0.900000 0.073508 -0.228136
v 0.900000 0.022293 -0.103684
v 0.900000 0.009334 -0.039284
v 0.900000 0.005000 0.025742
v 0.699731 0.027565 0.025742
v 0.509505 0.094128 0.025742
v 0.338859 0.201352 0.025742
v 0.196352 0.343859 0.025742
v 0.089128 0.514505 0.025742
v 0.022565 0.704731 0.025742
v 0.000000 0.905000 0.025742
v 0.004334 0.905000 -0.039284
v 0.017293 0.905000 -0.103684
v 0.068508 0.905000 -0.228136
v 0.151677 0.905000 -0.342832
v 0.263604 0.905000 -0.443364
v 0.399987 0.905000 -0.525868
v 0.555585 0.905000 -0.587175
v 0.724419 0.905000 -0.624927
v 0.893426 0.817470 -0.634511
v 0.774773 0.451971 -0.540017
v 0.018495 0.724331 0.012819
v 0.764551 0.180519 -0.354991
v 0.839312 0.034715 -0.137298
v 0.766104 0.875328 -0.629926
v 0.841781 0.690625 -0.617149
v 0.711159 0.740379 -0.611454
v 0.586775 0.793364 -0.590732
v 0.475201 0.846252 -0.557520
v 0.372701 0.900385 -0.511875
v 0.613714 0.863151 -0.602458
v 0.737174 0.807770 -0.622778
v 0.866233 0.753969 -0.627792
v 0.801920 0.567139 -0.584888
v 0.668752 0.609002 -0.577133
v 0.542860 0.657318 -0.555191
v 0.430811 0.708736 -0.521594
v 0.328784 0.764331 -0.476331
v 0.234737 0.825957 -0.417258
v 0.153602 0.891967 -0.344822
v 0.760154 0.348890 -0.485586
v 0.624316 0.376808 -0.471485
v 0.496845 0.416871 -0.445788
v 0.384299 0.465691 -0.411009
v 0.282766 0.523871 -0.366922
v 0.190296 0.593734 -0.311597
v 0.111908 0.674096 -0.245691
v 0.052280 0.762712 -0.170845
v 0.015045 0.856404 -0.089622
v 0.065501 0.855933 -0.220070
v 0.126502 0.776999 -0.300029
v 0.205851 0.703415 -0.369514
v 0.298873 0.637443 -0.426894
v 0.400579 0.580484 -0.471625
v 0.512951 0.530437 -0.505756
v 0.639870 0.486476 -0.529395
v 0.756966 0.259984 -0.424749
v 0.620925 0.282222 -0.406761
v 0.493334 0.318923 -0.378764
v 0.380750 0.366684 -0.343261
v 0.279255 0.425916 -0.299894
v 0.186905 0.499135 -0.246865
v 0.108726 0.585344 -0.184960
v 0.049398 0.682311 -0.115828
v 0.012545 0.786664 -0.041900
v 0.056257 0.610447 -0.052743
v 0.116298 0.506016 -0.115323
v 0.194975 0.414582 -0.172641
v 0.287611 0.338364 -0.223037
v 0.389197 0.278190 -0.265578
v 0.501690 0.231376 -0.301911
v 0.628995 0.197680 -0.332547
v 0.784095 0.111330 -0.275178
v 0.649787 0.124070 -0.247634
v 0.523221 0.155150 -0.213980
v 0.410960 0.201141 -0.176696
v 0.309144 0.262134 -0.135101
v 0.215770 0.340963 -0.087717
v 0.135807 0.436947 -0.035648
v 0.073931 0.547877 0.019435
v 0.816365 0.056847 -0.187442
v 0.684119 0.066105 -0.154292
v 0.558774 0.095125 -0.117321
v 0.446897 0.140467 -0.078992
v 0.344699 0.202106 -0.038436
v 0.250107 0.282991 0.005637
v 0.369981 0.177722 0.016811
v 0.472452 0.115821 -0.023151
v 0.584055 0.070743 -0.062077
v 0.708533 0.042560 -0.100944
v 0.865816 0.018597 -0.086344
v 0.736730 0.025412 -0.046734
v 0.613254 0.052985 -0.005940
v 0.900000 -1.105000 -0.637674
v 0.900000 -1.280581 -0.624927
v 0.900000 -1.449415 -0.587175
v 0.900000 -1.605013 -0.525868
v 0.900000 -1.741396 -0.443364
v 0.900000 -1.853323 -0.342832
v 0.900000 -1.936492 -0.228136
v 0.900000 -1.987707 -0.103684
v 0.900000 -2.000666 -0.039284
v 0.900000 -2.005000 0.025742
v 0.699731 -1.982435 0.025742
v 0.509505 -1.915872 0.025742
v 0.338859 -1.808648 0.025742
v 0.196352 -1.666141 0.025742
v 0.089128 -1.495495 0.025742
v 0.022565 -1.305269 0.025742
v 0.000000 -1.105000 0.025742
v 0.004334 -1.105000 -0.039284
v 0.017293 -1.105000 -0.103684
v 0.068508 -1.105000 -0.228136
v 0.151677 -1.105000 -0.342832
v 0.263604 -1.105000 -0.443364
v 0.399987 -1.105000 -0.525868
v 0.555585 -1.105000 -0.587175
v 0.724419 -1.105000 -0.624927
v 0.813879 -2.000817 0.018567
v 0.686796 -1.977218 -0.019574
v 0.255347 -1.715716 -0.082210
v 0.175733 -1.620904 -0.076609
v 0.277846 -1.691080 -0.182012
v 0.313632 -1.654055 -0.273419
v 0.359900 -1.607378 -0.354368
v 0.402910 -1.564573 -0.411403
v 0.453934 -1.514236 -0.465183
v 0.512757 -1.456625 -0.514128
v 0.578769 -1.392370 -0.556650
v 0.650953 -1.322488 -0.591281
v 0.727916 -1.248344 -0.616804
v 0.807970 -1.171576 -0.632369
v 0.874777 -1.233594 -0.630604
v 0.803347 -1.318367 -0.614811
v 0.733785 -1.399381 -0.589093
v 0.667643 -1.474872 -0.554302
v 0.606243 -1.543408 -0.511658
v 0.550599 -1.603971 -0.462629
v 0.501379 -1.655983 -0.408801
v 0.458906 -1.699286 -0.351752
v 0.411566 -1.744967 -0.270831
v 0.372527 -1.778973 -0.179510
v 0.344420 -1.798403 -0.079857
v 0.890804 -1.381017 -0.605668
v 0.829823 -1.468179 -0.579053
v 0.770686 -1.548688 -0.543529
v 0.714634 -1.621054 -0.500326
v 0.662676 -1.684258 -0.450912
v 0.615549 -1.737769 -0.396866
v 0.573697 -1.781517 -0.339751
v 0.525114 -1.826308 -0.258961
v 0.482304 -1.857612 -0.168034
v 0.447695 -1.872385 -0.069060
v 0.885812 -1.609538 -0.523525
v 0.835733 -1.685062 -0.479284
v 0.787894 -1.750443 -0.429154
v 0.743105 -1.805189 -0.374702
v 0.701948 -1.849305 -0.317467
v 0.651976 -1.893362 -0.236917
v 0.604952 -1.922439 -0.146723
v 0.563078 -1.933372 -0.049011
v 0.879874 -1.853662 -0.342159
v 0.839462 -1.898041 -0.284746
v 0.788001 -1.941571 -0.204551
v 0.736459 -1.969046 -0.115432
v 0.857778 -1.957476 -0.184697
v 0.803918 -1.984423 -0.096236
v 0.750260 -1.991685 -0.001515
v 0.871543 -1.994130 -0.074890
v 0.193220 -1.590299 -0.176058
v 0.226098 -1.549811 -0.267260
v 0.271408 -1.501994 -0.348142
v 0.314897 -1.459759 -0.405211
v 0.367535 -1.411343 -0.459104
v 0.429199 -1.357116 -0.508249
v 0.499333 -1.297770 -0.551061
v 0.576917 -1.234319 -0.586072
v 0.660496 -1.168054 -0.612061
v 0.512305 -1.133167 -0.572605
v 0.430024 -1.189269 -0.536616
v 0.356311 -1.243016 -0.493060
v 0.292185 -1.293395 -0.443404
v 0.238159 -1.339641 -0.389223
v 0.194270 -1.381255 -0.332072
v 0.149818 -1.430422 -0.251372
v 0.119496 -1.474916 -0.160704
v 0.106396 -1.512393 -0.062171
v 0.051828 -1.393178 -0.038344
v 0.061515 -1.348235 -0.135383
v 0.089868 -1.299431 -0.225189
v 0.133687 -1.248873 -0.305610
v 0.177922 -1.208009 -0.362909
v 0.233070 -1.164208 -0.417578
v 0.299157 -1.118108 -0.468088
v 0.013507 -1.255769 -0.001824
v 0.020781 -1.202175 -0.096564
v 0.047735 -1.148353 -0.185036
v 1.100000 -0.905000 -0.637674
v 1.100000 -0.729419 -0.624927
v 1.100000 -0.560585 -0.587175
v 1.100000 -0.404987 -0.525868
v 1.100000 -0.268604 -0.443364
v 1.100000 -0.156677 -0.342832
v 1.100000 -0.073508 -0.228136
v 1.100000 -0.022293 -0.103684
v 1.100000 -0.009334 -0.039284
v 1.100000 -0.005000 0.025742
v 1.300269 -0.027565 0.025742
v 1.490495 -0.094128 0.025742
v 1.661141 -0.201352 0.025742
v 1.803648 -0.343859 0.025742
v 1.910872 -0.514505 0.025742
v 1.977435 -0.704731 0.025742
v 2.000000 -0.905000 0.025742
v 1.995666 -0.905000 -0.039284
v 1.982707 -0.905000 -0.103684
v 1.931492 -0.905000 -0.228136
v 1.848323 -0.905000 -0.342832
v 1.736396 -0.905000 -0.443364
v 1.600013 -0.905000 -0.525868
v 1.444415 -0.905000 -0.587175
v 1.275581 -0.905000 -0.624927
v 1.192065 -0.136782 -0.313150
v 1.202091 -0.382989 -0.509417
v 1.102763 -0.740468 -0.626491
v 1.202856 -0.781025 -0.626961
v 1.299084 -0.822316 -0.618362
v 1.389763 -0.863424 -0.601601
v 1.473626 -0.903549 -0.577805
v 1.151268 -0.605941 -0.598835
v 1.254135 -0.638804 -0.597724
v 1.352358 -0.674561 -0.587988
v 1.444274 -0.712239 -0.570521
v 1.528665 -0.750899 -0.546424
v 1.606302 -0.790523 -0.516213
v 1.680665 -0.832986 -0.478339
v 1.750127 -0.877887 -0.432584
v 1.182916 -0.489215 -0.559451
v 1.287586 -0.515433 -0.556099
v 1.387104 -0.546422 -0.544757
v 1.479819 -0.581156 -0.526299
v 1.564547 -0.618579 -0.501787
v 1.642098 -0.658525 -0.471686
v 1.715940 -0.702916 -0.434465
v 1.784405 -0.751498 -0.389954
v 1.864274 -0.822127 -0.319229
v 1.926074 -0.896819 -0.237502
v 1.307864 -0.403102 -0.503191
v 1.408177 -0.429689 -0.489778
v 1.501390 -0.461681 -0.470031
v 1.586334 -0.497913 -0.444960
v 1.663845 -0.538091 -0.414971
v 1.737382 -0.584180 -0.378551
v 1.805252 -0.636064 -0.335597
v 1.883840 -0.713790 -0.268218
v 1.943808 -0.798640 -0.191275
v 1.981522 -0.887527 -0.107378
v 1.987471 -0.813302 -0.061435
v 1.950666 -0.713072 -0.138311
v 1.891411 -0.619334 -0.209752
v 1.813321 -0.535383 -0.273278
v 1.745684 -0.480592 -0.314433
v 1.672268 -0.432993 -0.349918
v 1.594775 -0.392585 -0.379765
v 1.509751 -0.357363 -0.405461
v 1.416349 -0.327739 -0.426673
v 1.315729 -0.304969 -0.442450
v 1.209530 -0.290165 -0.451962
v 1.206404 -0.209213 -0.387680
v 1.312424 -0.219386 -0.374492
v 1.412915 -0.238826 -0.356072
v 1.506237 -0.266386 -0.333220
v 1.591228 -0.300727 -0.306824
v 1.668729 -0.341335 -0.277137
v 1.742196 -0.390251 -0.242697
v 1.809930 -0.447577 -0.203556
v 1.888230 -0.536958 -0.144341
v 1.947784 -0.638446 -0.079054
v 1.984971 -0.748570 -0.010034
v 1.297264 -0.142814 -0.295699
v 1.397166 -0.159275 -0.274213
v 1.490122 -0.184987 -0.249461
v 1.574957 -0.218539 -0.222253
v 1.652493 -0.259328 -0.192751
v 1.726193 -0.309422 -0.159523
v 1.794377 -0.369016 -0.122716
v 1.873638 -0.463255 -0.068500
v 1.934565 -0.571678 -0.010349
v 1.846542 -0.402497 0.016233
v 1.765495 -0.304254 -0.032399
v 1.696477 -0.242789 -0.066598
v 1.622344 -0.191725 -0.098471
v 1.544742 -0.150788 -0.127766
v 1.460197 -0.117886 -0.155881
v 1.367919 -0.093696 -0.182757
v 1.269113 -0.079691 -0.207668
v 1.165436 -0.077074 -0.229880
v 1.126338 -0.034147 -0.140597
v 1.227779 -0.034308 -0.113277
v 1.324977 -0.046548 -0.084694
v 1.416257 -0.069643 -0.055541
v 1.500376 -0.102078 -0.026455
v 1.578075 -0.143121 0.002619
v 1.174401 -0.009923 -0.016610
v 1.269765 -0.021269 0.015336
v 1.100000 0.905000 -0.637674
v 1.275581 0.905000 -0.624927
v 1.444415 0.905000 -0.587175
v 1.600013 0.905000 -0.525868
v 1.736396 0.905000 -0.443364
v 1.848323 0.905000 -0.342832
v 1.931492 0.905000 -0.228136
v 1.982707 0.905000 -0.103684
v 1.995666 0.905000 -0.039284
v 2.000000 0.905000 0.025742
v 1.977435 0.704731 0.025742
v 1.910872 0.514505 0.025742
v 1.803648 0.343859 0.025742
v 1.661141 0.201352 0.025742
v 1.490495 0.094128 0.025742
v 1.300269 0.027565 0.025742
v 1.100000 0.005000 0.025742
v 1.100000 0.009334 -0.039284
v 1.100000 0.022293 -0.103684
v 1.100000 0.073508 -0.228136
v 1.100000 0.156677 -0.342832
v 1.100000 0.268604 -0.443364
v 1.100000 0.404987 -0.525868
v 1.100000 0.560585 -0.587175
v 1.100000 0.729419 -0.624927
v 1.192065 0.445255 -0.540534
v 1.202091 0.178996 -0.359047
v 1.269339 0.891832 -0.625753
v 1.174225 0.847938 -0.634075
v 1.578075 0.873631 -0.535861
v 1.500376 0.834189 -0.566115
v 1.416257 0.794730 -0.590024
v 1.324977 0.755180 -0.607048
v 1.227779 0.716404 -0.616070
v 1.126338 0.679343 -0.616189
v 1.846542 0.892100 -0.344667
v 1.765495 0.826126 -0.417085
v 1.696477 0.779730 -0.462393
v 1.622344 0.736491 -0.500034
v 1.544742 0.696748 -0.530210
v 1.460197 0.658608 -0.554463
v 1.367919 0.622148 -0.572294
v 1.269113 0.588353 -0.582617
v 1.165436 0.558219 -0.584546
v 1.934565 0.856039 -0.219960
v 1.873638 0.777150 -0.299881
v 1.794377 0.703599 -0.369347
v 1.726193 0.653666 -0.413276
v 1.652493 0.608590 -0.450202
v 1.574957 0.568566 -0.480268
v 1.490122 0.531656 -0.505000
v 1.397166 0.498077 -0.523954
v 1.297264 0.468928 -0.536088
v 1.984971 0.856466 -0.089567
v 1.947784 0.762832 -0.170742
v 1.888230 0.674263 -0.245552
v 1.809930 0.593932 -0.311437
v 1.742196 0.540832 -0.353694
v 1.668729 0.494111 -0.389751
v 1.591228 0.453836 -0.419685
v 1.506237 0.418027 -0.444999
v 1.412915 0.387026 -0.465314
v 1.312424 0.362036 -0.479644
v 1.206404 0.344145 -0.487143
v 1.987471 0.786734 -0.041851
v 1.950666 0.682443 -0.115734
v 1.891411 0.585525 -0.184830
v 1.813321 0.499345 -0.246714
v 1.745684 0.443514 -0.287101
v 1.672268 0.395374 -0.322188
v 1.594775 0.354884 -0.351974
v 1.509751 0.320023 -0.377937
v 1.416349 0.291247 -0.399774
v 1.315729 0.269843 -0.416558
v 1.209530 0.256940 -0.427470
v 1.307864 0.187441 -0.344222
v 1.408177 0.205639 -0.324623
v 1.501390 0.232427 -0.301042
v 1.586334 0.266439 -0.274333
v 1.663845 0.307123 -0.244717
v 1.737382 0.356530 -0.210744
v 1.805252 0.414803 -0.172499
v 1.883840 0.506210 -0.115204
v 1.943808 0.610591 -0.052659
v 1.981522 0.724407 0.012862
v 1.926136 0.548031 0.019508
v 1.864334 0.437152 -0.035542
v 1.784460 0.341193 -0.087586
v 1.715989 0.280795 -0.123379
v 1.642140 0.230284 -0.156079
v 1.564582 0.189431 -0.185501
v 1.479847 0.156159 -0.213062
v 1.387123 0.131101 -0.238640
v 1.287598 0.115694 -0.261458
v 1.182921 0.111130 -0.280761
v 1.750127 0.283229 0.005756
v 1.680665 0.221157 -0.027341
v 1.606302 0.169776 -0.058642
v 1.528665 0.128792 -0.087850
v 1.444274 0.096100 -0.116348
v 1.352358 0.072406 -0.144121
v 1.254135 0.059197 -0.170479
v 1.151268 0.057689 -0.194703
v 1.473626 0.086219 0.024672
v 1.389763 0.053937 -0.004905
v 1.299084 0.031199 -0.035207
v 1.202856 0.019533 -0.065643
v 1.102763 0.020171 -0.095539
v 0.900000 1.105000 -0.637674
v 0.724419 1.105000 -0.624927
v 0.555585 1.105000 -0.587175
v 0.399987 1.105000 -0.525868
v 0.263604 1.105000 -0.443364
v 0.151677 1.105000 -0.342832
v 0.068508 1.105000 -0.228136
v 0.017293 1.105000 -0.103684
v 0.004334 1.105000 -0.039284
v 0.000000 1.105000 0.025742
v 0.022565 1.305269 0.025742
v 0.089128 1.495495 0.025742
v 0.196352 1.666141 0.025742
v 0.338859 1.808648 0.025742
v 0.509505 1.915872 0.025742
v 0.699731 1.982435 0.025742
v 0.900000 2.005000 0.025742
v 0.900000 2.000666 -0.039284
v 0.900000 1.987707 -0.103684
v 0.900000 1.936492 -0.228136
v 0.900000 1.853323 -0.342832
v 0.900000 1.741396 -0.443364
v 0.900000 1.605013 -0.525868
v 0.900000 1.449415 -0.587175
v 0.900000 1.280581 -0.624927
v 0.004183 1.191121 0.018567
v 0.027782 1.318204 -0.019574
v 0.289284 1.749653 -0.082210
v 0.384096 1.829267 -0.076609
v 0.313920 1.727154 -0.182012
v 0.350945 1.691368 -0.273419
v 0.397622 1.645100 -0.354368
v 0.440427 1.602090 -0.411403
v 0.490764 1.551066 -0.465183
v 0.548375 1.492243 -0.514128
v 0.612630 1.426231 -0.556650
v 0.682512 1.354047 -0.591281
v 0.756656 1.277084 -0.616804
v 0.833424 1.197030 -0.632369
v 0.771406 1.130223 -0.630604
v 0.686633 1.201653 -0.614811
v 0.605619 1.271215 -0.589093
v 0.530128 1.337357 -0.554302
v 0.461592 1.398757 -0.511658
v 0.401029 1.454401 -0.462629
v 0.349017 1.503621 -0.408801
v 0.305714 1.546094 -0.351752
v 0.260033 1.593434 -0.270831
v 0.226027 1.632473 -0.179510
v 0.206597 1.660580 -0.079857
v 0.623983 1.114196 -0.605668
v 0.536821 1.175177 -0.579053
v 0.456312 1.234314 -0.543529
v 0.383946 1.290366 -0.500326
v 0.320742 1.342324 -0.450912
v 0.267231 1.389451 -0.396866
v 0.223483 1.431303 -0.339751
v 0.178692 1.479886 -0.258961
v 0.147388 1.522696 -0.168034
v 0.132615 1.557305 -0.069060
v 0.395462 1.119188 -0.523525
v 0.319938 1.169267 -0.479284
v 0.254557 1.217106 -0.429154
v 0.199811 1.261895 -0.374702
v 0.155695 1.303052 -0.317467
v 0.111638 1.353024 -0.236917
v 0.082561 1.400048 -0.146723
v 0.071628 1.441922 -0.049011
v 0.151338 1.125126 -0.342159
v 0.106959 1.165538 -0.284746
v 0.063429 1.216999 -0.204551
v 0.035954 1.268541 -0.115432
v 0.047524 1.147222 -0.184697
v 0.020577 1.201082 -0.096236
v 0.013315 1.254740 -0.001515
v 0.010870 1.133457 -0.074890
v 0.414701 1.811780 -0.176058
v 0.455189 1.778902 -0.267260
v 0.503006 1.733592 -0.348142
v 0.545241 1.690103 -0.405211
v 0.593657 1.637465 -0.459104
v 0.647884 1.575801 -0.508249
v 0.707230 1.505667 -0.551061
v 0.770681 1.428083 -0.586072
v 0.836946 1.344504 -0.612061
v 0.871833 1.492695 -0.572605
v 0.815731 1.574976 -0.536616
v 0.761984 1.648689 -0.493060
v 0.711605 1.712815 -0.443404
v 0.665359 1.766841 -0.389223
v 0.623745 1.810730 -0.332072
v 0.574578 1.855182 -0.251372
v 0.530084 1.885504 -0.160704
v 0.492607 1.898604 -0.062171
v 0.611822 1.953172 -0.038344
v 0.656765 1.943485 -0.135383
v 0.705569 1.915132 -0.225189
v 0.756127 1.871313 -0.305610
v 0.796991 1.827078 -0.362909
v 0.840792 1.771930 -0.417578
v 0.886892 1.705843 -0.468088
v 0.749231 1.991493 -0.001824
v 0.802825 1.984219 -0.096564
v 0.856647 1.957265 -0.185036
v 0.000000 1.105000 2.605694
v 0.022565 1.305269 2.605694
v 0.089128 1.495495 2.605694
v 0.196352 1.666141 2.605694
v 0.338859 1.808648 2.605694
v 0.509505 1.915872 2.605694
v 0.699731 1.982435 2.605694
v 0.900000 2.005000 2.605694
v 0.000000 -1.105000 2.605694
v 0.022565 -1.305269 2.605694
v 0.089128 -1.495495 2.605694
v 0.196352 -1.666141 2.605694
v 0.338859 -1.808648 2.605694
v 0.509505 -1.915872 2.605694
v 0.699731 -1.982435 2.605694
v 0.900000 -2.005000 2.605694
v 0.900000 -1.995345 2.750557
v 0.900000 -1.966474 2.894026
v 0.900000 -1.918665 3.034718
v 0.900000 -1.852378 3.171278
v 0.900000 -1.768252 3.302391
v 0.900000 -1.667097 3.426795
v 0.900000 -1.549886 3.543291
v 0.900000 -1.417749 3.650757
v 0.900000 -1.271959 3.748159
v 0.900000 -1.113918 3.834559
v 0.900000 -0.945150 3.909123
v 0.900000 -0.767280 3.971135
v 0.900000 -0.582021 4.019997
v 0.900000 -0.391156 4.055239
v 0.900000 -0.196524 4.076520
v 0.900000 -0.000000 4.083637
v 0.900000 0.196524 4.076520
v 0.900000 0.391156 4.055239
v 0.900000 0.582021 4.019997
v 0.900000 0.767280 3.971135
v 0.900000 0.945150 3.909123
v 0.900000 1.113918 3.834559
v 0.900000 1.271959 3.748159
v 0.900000 1.417749 3.650757
v 0.900000 1.549886 3.543291
v 0.900000 1.667097 3.426795
v 0.900000 1.768252 3.302391
v 0.900000 1.852378 3.171278
v 0.900000 1.918665 3.034718
v 0.900000 1.966474 2.894026
v 0.900000 1.995345 2.750557
v 0.000000 1.099679 2.685531
v 0.000000 1.083768 2.764600
v 0.000000 1.020887 2.917400
v 0.000000 0.918774 3.058221
v 0.000000 0.781353 3.181651
v 0.000000 0.613905 3.282948
v 0.000000 0.422865 3.358219
v 0.000000 0.215575 3.404570
v 0.000000 0.000000 3.420221
v 0.000000 -0.215575 3.404570
v 0.000000 -0.422865 3.358219
v 0.000000 -0.613905 3.282948
v 0.000000 -0.781353 3.181651
v 0.000000 -0.918774 3.058221
v 0.000000 -1.020887 2.917400
v 0.000000 -1.083768 2.764600
v 0.000000 -1.099679 2.685531
v 0.015025 1.219791 2.863034
v 0.015025 1.127025 3.035246
v 0.015025 0.582738 3.436456
v 0.015025 0.349112 3.504837
v 0.015025 0.114004 3.537155
v 0.015025 -0.998623 3.182598
v 0.736233 -1.665600 3.408378
v 0.015025 -1.117032 3.049203
v 0.015025 -1.201300 2.906607
v 0.736233 -1.975508 2.782246
v 0.652358 -1.955936 2.780497
v 0.568715 -1.927693 2.777973
v 0.486635 -1.890611 2.774659
v 0.407511 -1.844787 2.770564
v 0.332732 -1.790605 2.765722
v 0.263604 -1.728737 2.760192
v 0.201282 -1.660111 2.754059
v 0.146704 -1.585875 2.747425
v 0.063191 -1.425844 2.733122
v 0.015025 -1.259543 2.718260
v 0.736233 -1.929802 2.963686
v 0.652358 -1.910683 2.960139
v 0.568715 -1.883093 2.955021
v 0.486635 -1.846869 2.948301
v 0.407511 -1.802105 2.939997
v 0.332732 -1.749177 2.930179
v 0.263604 -1.688740 2.918967
v 0.201282 -1.621702 2.906531
v 0.146704 -1.549184 2.893078
v 0.063191 -1.392855 2.864078
v 0.015025 -1.230402 2.833942
v 0.736233 -1.884158 3.077656
v 0.652358 -1.865491 3.072980
v 0.568715 -1.838554 3.066233
v 0.486635 -1.803186 3.057374
v 0.407511 -1.759481 3.046426
v 0.332732 -1.707805 3.033482
v 0.263604 -1.648798 3.018701
v 0.201282 -1.583346 3.002306
v 0.146704 -1.512542 2.984570
v 0.063191 -1.359911 2.946338
v 0.736233 -1.824914 3.190627
v 0.652358 -1.806834 3.184831
v 0.568715 -1.780744 3.176469
v 0.486635 -1.746488 3.165489
v 0.407511 -1.704158 3.151921
v 0.332732 -1.654106 3.135878
v 0.263604 -1.596954 3.117559
v 0.201282 -1.533560 3.097240
v 0.146704 -1.464983 3.075259
v 0.063191 -1.317151 3.027875
v 0.015025 -1.163527 2.978635
v 0.736233 -1.751989 3.301308
v 0.652358 -1.734631 3.294416
v 0.568715 -1.709584 3.284471
v 0.486635 -1.676698 3.271414
v 0.407511 -1.636058 3.255278
v 0.332732 -1.588007 3.236200
v 0.263604 -1.533139 3.214415
v 0.201282 -1.472278 3.190251
v 0.146704 -1.406442 3.164111
v 0.063191 -1.264517 3.107760
v 0.736233 -1.566273 3.510529
v 0.652358 -1.550755 3.501564
v 0.568715 -1.528363 3.488628
v 0.486635 -1.498962 3.471644
v 0.407511 -1.462631 3.450655
v 0.332732 -1.419674 3.425839
v 0.263604 -1.370621 3.397501
v 0.201282 -1.316212 3.366069
v 0.146704 -1.257354 3.332067
v 0.063191 -1.130474 3.258768
v 0.015025 -1.061952 3.117469
v 0.063191 -1.202164 3.185040
v 0.146704 -1.337091 3.250063
v 0.201282 -1.399681 3.280227
v 0.263604 -1.457541 3.308110
v 0.332732 -1.509704 3.333249
v 0.407511 -1.555385 3.355264
v 0.486635 -1.594021 3.373883
v 0.568715 -1.625286 3.388950
v 0.652358 -1.649098 3.400425
v 0.736233 -1.454843 3.606516
v 0.652358 -1.440429 3.596600
v 0.568715 -1.419630 3.582292
v 0.486635 -1.392321 3.563505
v 0.407511 -1.358574 3.540290
v 0.332732 -1.318673 3.512841
v 0.263604 -1.273111 3.481498
v 0.201282 -1.222572 3.446731
v 0.146704 -1.167902 3.409122
v 0.063191 -1.050048 3.328048
v 0.015025 -0.927578 3.243797
v 0.736233 -1.200414 3.775619
v 0.652358 -1.188521 3.764028
v 0.568715 -1.171359 3.747302
v 0.486635 -1.148826 3.725341
v 0.407511 -1.120981 3.698203
v 0.332732 -1.088058 3.666116
v 0.263604 -1.050464 3.629477
v 0.201282 -1.008764 3.588836
v 0.146704 -0.963654 3.544872
v 0.063191 -0.866411 3.450099
v 0.015025 -0.765359 3.351614
v 0.736233 -0.913985 3.908689
v 0.652358 -0.904929 3.895780
v 0.568715 -0.891863 3.877151
v 0.486635 -0.874706 3.852693
v 0.407511 -0.853505 3.822468
v 0.332732 -0.828438 3.786732
v 0.263604 -0.799814 3.745925
v 0.201282 -0.768064 3.700661
v 0.146704 -0.733718 3.651697
v 0.063191 -0.659678 3.546144
v 0.015025 -0.582738 3.436456
v 0.736233 -0.609403 4.002087
v 0.652358 -0.603365 3.988252
v 0.568715 -0.594653 3.968288
v 0.486635 -0.583214 3.942077
v 0.407511 -0.569078 3.909686
v 0.332732 -0.552364 3.871388
v 0.263604 -0.533279 3.827655
v 0.201282 -0.512110 3.779148
v 0.146704 -0.489209 3.726674
v 0.063191 -0.439843 3.613555
v 0.015025 -0.388543 3.496005
v 0.736233 -0.300641 4.055725
v 0.652358 -0.297662 4.041359
v 0.568715 -0.293364 4.020628
v 0.486635 -0.287721 3.993410
v 0.407511 -0.280747 3.959775
v 0.332732 -0.272502 3.920005
v 0.263604 -0.263086 3.874593
v 0.201282 -0.252643 3.824222
v 0.146704 -0.241345 3.769733
v 0.063191 -0.216991 3.652269
v 0.015025 -0.191683 3.530203
v 0.736233 -0.000000 4.072562
v 0.652358 -0.000000 4.058029
v 0.568715 -0.000000 4.037058
v 0.486635 -0.000000 4.009523
v 0.407511 -0.000000 3.975497
v 0.332732 -0.000000 3.935266
v 0.263604 -0.000000 3.889327
v 0.201282 -0.000000 3.838371
v 0.146704 -0.000000 3.783249
v 0.063191 -0.000000 3.664421
v 0.015025 -0.000000 3.540938
v 0.736233 0.178808 4.066628
v 0.652358 0.177037 4.052154
v 0.568715 0.174480 4.031268
v 0.486635 0.171124 4.003844
v 0.407511 0.166976 3.969956
v 0.332732 0.162072 3.929888
v 0.263604 0.156472 3.884135
v 0.201282 0.150261 3.833385
v 0.146704 0.143541 3.778485
v 0.063191 0.129057 3.660138
v 0.736233 0.362102 4.048073
v 0.652358 0.358514 4.033782
v 0.568715 0.353338 4.013161
v 0.486635 0.346541 3.986087
v 0.407511 0.338141 3.952629
v 0.332732 0.328210 3.913070
v 0.263604 0.316870 3.867897
v 0.201282 0.304291 3.817792
v 0.146704 0.290684 3.763590
v 0.063191 0.261351 3.646746
v 0.015025 0.230869 3.525325
v 0.736233 0.547558 4.015939
v 0.652358 0.542133 4.001967
v 0.568715 0.534305 3.981805
v 0.486635 0.524027 3.955334
v 0.407511 0.511325 3.922621
v 0.332732 0.496308 3.883943
v 0.263604 0.479159 3.839777
v 0.201282 0.460138 3.790788
v 0.146704 0.439562 3.737794
v 0.063191 0.395206 3.623553
v 0.736233 0.732499 3.969570
v 0.652358 0.725242 3.956058
v 0.568715 0.714770 3.936559
v 0.486635 0.701020 3.910958
v 0.407511 0.684029 3.879321
v 0.332732 0.663939 3.841915
v 0.263604 0.640999 3.799201
v 0.201282 0.615553 3.751823
v 0.146704 0.588027 3.700571
v 0.063191 0.528689 3.590086
v 0.015025 0.467026 3.475273
v 0.736233 0.913985 3.908689
v 0.652358 0.904929 3.895780
v 0.568715 0.891863 3.877151
v 0.486635 0.874706 3.852693
v 0.407511 0.853505 3.822468
v 0.332732 0.828438 3.786732
v 0.263604 0.799814 3.745925
v 0.201282 0.768064 3.700661
v 0.146704 0.733718 3.651697
v 0.063191 0.659678 3.546144
v 0.736233 1.088934 3.833456
v 0.652358 1.078145 3.821291
v 0.568715 1.062577 3.803739
v 0.486635 1.042137 3.780692
v 0.407511 1.016878 3.752213
v 0.332732 0.987012 3.718540
v 0.263604 0.952909 3.680089
v 0.201282 0.915082 3.637439
v 0.146704 0.874161 3.591302
v 0.063191 0.785949 3.491844
v 0.015025 0.694282 3.388489
v 0.736233 1.254277 3.744501
v 0.652358 1.241851 3.733218
v 0.568715 1.223919 3.716938
v 0.486635 1.200375 3.695561
v 0.407511 1.171280 3.669145
v 0.332732 1.136880 3.637912
v 0.263604 1.097599 3.602247
v 0.201282 1.054028 3.562687
v 0.146704 1.006894 3.519892
v 0.063191 0.905288 3.427640
v 0.015025 0.799701 3.331774
v 0.736233 1.407125 3.642926
v 0.652358 1.393184 3.632649
v 0.568715 1.373067 3.617821
v 0.486635 1.346653 3.598351
v 0.407511 1.314014 3.574291
v 0.332732 1.275421 3.545843
v 0.263604 1.231353 3.513360
v 0.201282 1.182472 3.477328
v 0.146704 1.129595 3.438351
v 0.063191 1.015607 3.354327
v 0.015025 0.897154 3.267011
v 0.736233 1.544923 3.530258
v 0.652358 1.529617 3.521098
v 0.568715 1.507530 3.507880
v 0.486635 1.478530 3.490525
v 0.407511 1.442694 3.469078
v 0.332732 1.400322 3.443721
v 0.263604 1.351938 3.414765
v 0.201282 1.298271 3.382648
v 0.146704 1.240216 3.347904
v 0.063191 1.115065 3.273007
v 0.015025 0.985011 3.195177
v 0.736233 1.665600 3.408378
v 0.652358 1.649098 3.400425
v 0.568715 1.625286 3.388950
v 0.486635 1.594021 3.373883
v 0.407511 1.555385 3.355264
v 0.332732 1.509704 3.333249
v 0.263604 1.457541 3.308110
v 0.201282 1.399681 3.280227
v 0.146704 1.337091 3.250063
v 0.063191 1.202164 3.185040
v 0.015025 1.061952 3.117469
v 0.736233 1.767663 3.279418
v 0.652358 1.750150 3.272743
v 0.568715 1.724878 3.263111
v 0.486635 1.691697 3.250465
v 0.407511 1.650695 3.234837
v 0.332732 1.602214 3.216359
v 0.263604 1.546854 3.195259
v 0.201282 1.485449 3.171856
v 0.146704 1.419024 3.146538
v 0.063191 1.275829 3.091961
v 0.736233 1.850255 3.145640
v 0.652358 1.831924 3.140290
v 0.568715 1.805472 3.132571
v 0.486635 1.770741 3.122436
v 0.407511 1.727822 3.109911
v 0.332732 1.677076 3.095102
v 0.263604 1.619130 3.078192
v 0.201282 1.554856 3.059436
v 0.146704 1.485326 3.039145
v 0.063191 1.335441 2.995405
v 0.015025 1.179684 2.949952
v 0.736233 1.913160 3.009314
v 0.652358 1.894205 3.005315
v 0.568715 1.866854 2.999545
v 0.486635 1.830942 2.991969
v 0.407511 1.786564 2.982606
v 0.332732 1.734092 2.971536
v 0.263604 1.674176 2.958896
v 0.201282 1.607717 2.944875
v 0.146704 1.535824 2.929708
v 0.063191 1.380843 2.897011
v 0.736233 1.956753 2.872609
v 0.652358 1.937366 2.869965
v 0.568715 1.909392 2.866149
v 0.486635 1.872661 2.861139
v 0.407511 1.827272 2.854947
v 0.332732 1.773605 2.847627
v 0.263604 1.712324 2.839267
v 0.201282 1.644350 2.829995
v 0.146704 1.570819 2.819965
v 0.063191 1.412307 2.798343
v 0.015025 1.247585 2.775873
v 0.736233 1.981925 2.737498
v 0.652358 1.962289 2.736192
v 0.568715 1.933955 2.734308
v 0.486635 1.896752 2.731834
v 0.407511 1.850779 2.728776
v 0.332732 1.796422 2.725162
v 0.263604 1.734352 2.721034
v 0.201282 1.665504 2.716455
v 0.146704 1.591027 2.711502
v 0.063191 1.430475 2.700825
v 0.015025 1.263634 2.689729
v 1.100000 -1.105000 -0.637674
v 1.275581 -1.105000 -0.624927
v 1.444415 -1.105000 -0.587175
v 1.600013 -1.105000 -0.525868
v 1.736396 -1.105000 -0.443364
v 1.848323 -1.105000 -0.342832
v 1.931492 -1.105000 -0.228136
v 1.982707 -1.105000 -0.103684
v 1.995666 -1.105000 -0.039284
v 2.000000 -1.105000 0.025742
v 1.977435 -1.305269 0.025742
v 1.910872 -1.495495 0.025742
v 1.803648 -1.666141 0.025742
v 1.661141 -1.808648 0.025742
v 1.490495 -1.915872 0.025742
v 1.300269 -1.982435 0.025742
v 1.100000 -2.005000 0.025742
v 1.100000 -2.000666 -0.039284
v 1.100000 -1.987707 -0.103684
v 1.100000 -1.936492 -0.228136
v 1.100000 -1.853323 -0.342832
v 1.100000 -1.741396 -0.443364
v 1.100000 -1.605013 -0.525868
v 1.100000 -1.449415 -0.587175
v 1.100000 -1.280581 -0.624927
v 1.187530 -1.111574 -0.634511
v 1.553029 -1.230227 -0.540017
v 1.280669 -1.986505 0.012819
v 1.824481 -1.240449 -0.354991
v 1.970285 -1.165688 -0.137298
v 1.129672 -1.238896 -0.629926
v 1.314375 -1.163219 -0.617149
v 1.264621 -1.293841 -0.611454
v 1.211636 -1.418225 -0.590732
v 1.158748 -1.529799 -0.557520
v 1.104615 -1.632299 -0.511875
v 1.141849 -1.391286 -0.602458
v 1.197230 -1.267826 -0.622778
v 1.251031 -1.138767 -0.627792
v 1.437861 -1.203080 -0.584888
v 1.395998 -1.336248 -0.577133
v 1.347682 -1.462140 -0.555191
v 1.296264 -1.574189 -0.521594
v 1.240669 -1.676216 -0.476331
v 1.179043 -1.770263 -0.417258
v 1.113033 -1.851398 -0.344822
v 1.656110 -1.244846 -0.485586
v 1.628192 -1.380684 -0.471485
v 1.588129 -1.508155 -0.445788
v 1.539309 -1.620701 -0.411009
v 1.481129 -1.722234 -0.366922
v 1.411266 -1.814704 -0.311597
v 1.330904 -1.893092 -0.245691
v 1.242288 -1.952720 -0.170845
v 1.148596 -1.989955 -0.089622
v 1.149067 -1.939499 -0.220070
v 1.228001 -1.878498 -0.300029
v 1.301585 -1.799149 -0.369514
v 1.367557 -1.706127 -0.426894
v 1.424516 -1.604421 -0.471625
v 1.474563 -1.492049 -0.505756
v 1.518524 -1.365130 -0.529395
v 1.745016 -1.248034 -0.424749
v 1.722778 -1.384075 -0.406761
v 1.686077 -1.511666 -0.378764
v 1.638316 -1.624250 -0.343261
v 1.579084 -1.725745 -0.299894
v 1.505865 -1.818095 -0.246865
v 1.419656 -1.896274 -0.184960
v 1.322689 -1.955602 -0.115828
v 1.218336 -1.992455 -0.041900
v 1.394553 -1.948743 -0.052743
v 1.498984 -1.888702 -0.115323
v 1.590418 -1.810025 -0.172641
v 1.666636 -1.717389 -0.223037
v 1.726810 -1.615803 -0.265578
v 1.773624 -1.503310 -0.301911
v 1.807320 -1.376005 -0.332547
v 1.893670 -1.220905 -0.275178
v 1.880930 -1.355213 -0.247634
v 1.849850 -1.481779 -0.213980
v 1.803859 -1.594040 -0.176696
v 1.742866 -1.695856 -0.135101
v 1.664037 -1.789230 -0.087717
v 1.568053 -1.869193 -0.035648
v 1.457123 -1.931069 0.019435
v 1.948153 -1.188635 -0.187442
v 1.938895 -1.320881 -0.154292
v 1.909875 -1.446226 -0.117321
v 1.864533 -1.558103 -0.078992
v 1.802894 -1.660301 -0.038436
v 1.722009 -1.754893 0.005637
v 1.827278 -1.635019 0.016811
v 1.889179 -1.532548 -0.023151
v 1.934257 -1.420945 -0.062077
v 1.962440 -1.296467 -0.100944
v 1.986403 -1.139184 -0.086344
v 1.979588 -1.268270 -0.046734
v 1.952015 -1.391746 -0.005940
v 1.100000 1.105000 -0.637674
v 1.100000 1.280581 -0.624927
v 1.100000 1.449415 -0.587175
v 1.100000 1.605013 -0.525868
v 1.100000 1.741396 -0.443364
v 1.100000 1.853323 -0.342832
v 1.100000 1.936492 -0.228136
v 1.100000 1.987707 -0.103684
v 1.100000 2.000666 -0.039284
v 1.100000 2.005000 0.025742
v 1.300269 1.982435 0.025742
v 1.490495 1.915872 0.025742
v 1.661141 1.808648 0.025742
v 1.803648 1.666141 0.025742
v 1.910872 1.495495 0.025742
v 1.977435 1.305269 0.025742
v 2.000000 1.105000 0.025742
v 1.995666 1.105000 -0.039284
v 1.982707 1.105000 -0.103684
v 1.931492 1.105000 -0.228136
v 1.848323 1.105000 -0.342832
v 1.736396 1.105000 -0.443364
v 1.600013 1.105000 -0.525868
v 1.444415 1.105000 -0.587175
v 1.275581 1.105000 -0.624927
v 1.559745 1.197065 -0.540534
v 1.826004 1.207091 -0.359047
v 1.113168 1.274339 -0.625753
v 1.157062 1.179225 -0.634075
v 1.131369 1.583075 -0.535861
v 1.170811 1.505376 -0.566115
v 1.210270 1.421257 -0.590024
v 1.249820 1.329977 -0.607048
v 1.288596 1.232779 -0.616070
v 1.325657 1.131338 -0.616189
v 1.112900 1.851542 -0.344667
v 1.178874 1.770495 -0.417085
v 1.225270 1.701477 -0.462393
v 1.268509 1.627344 -0.500034
v 1.308252 1.549742 -0.530210
v 1.346392 1.465197 -0.554463
v 1.382852 1.372919 -0.572294
v 1.416647 1.274113 -0.582617
v 1.446781 1.170436 -0.584546
v 1.148961 1.939565 -0.219960
v 1.227850 1.878638 -0.299881
v 1.301401 1.799377 -0.369347
v 1.351334 1.731193 -0.413276
v 1.396410 1.657493 -0.450202
v 1.436434 1.579957 -0.480268
v 1.473344 1.495122 -0.505000
v 1.506923 1.402166 -0.523954
v 1.536072 1.302264 -0.536088
v 1.148534 1.989971 -0.089567
v 1.242168 1.952784 -0.170742
v 1.330737 1.893230 -0.245552
v 1.411068 1.814930 -0.311437
v 1.464168 1.747196 -0.353694
v 1.510889 1.673729 -0.389751
v 1.551164 1.596228 -0.419685
v 1.586973 1.511237 -0.444999
v 1.617974 1.417915 -0.465314
v 1.642964 1.317424 -0.479644
v 1.660855 1.211404 -0.487143
v 1.218266 1.992471 -0.041851
v 1.322557 1.955666 -0.115734
v 1.419475 1.896411 -0.184830
v 1.505655 1.818321 -0.246714
v 1.561486 1.750684 -0.287101
v 1.609626 1.677268 -0.322188
v 1.650116 1.599775 -0.351974
v 1.684977 1.514751 -0.377937
v 1.713753 1.421349 -0.399774
v 1.735157 1.320729 -0.416558
v 1.748060 1.214530 -0.427470
v 1.817559 1.312864 -0.344222
v 1.799361 1.413177 -0.324623
v 1.772573 1.506390 -0.301042
v 1.738561 1.591334 -0.274333
v 1.697877 1.668845 -0.244717
v 1.648470 1.742382 -0.210744
v 1.590197 1.810252 -0.172499
v 1.498790 1.888840 -0.115204
v 1.394409 1.948808 -0.052659
v 1.280593 1.986522 0.012862
v 1.456969 1.931136 0.019508
v 1.567848 1.869334 -0.035542
v 1.663807 1.789460 -0.087586
v 1.724205 1.720989 -0.123379
v 1.774716 1.647140 -0.156079
v 1.815569 1.569582 -0.185501
v 1.848841 1.484847 -0.213062
v 1.873899 1.392123 -0.238640
v 1.889306 1.292598 -0.261458
v 1.893870 1.187921 -0.280761
v 1.721771 1.755127 0.005756
v 1.783843 1.685665 -0.027341
v 1.835224 1.611302 -0.058642
v 1.876208 1.533665 -0.087850
v 1.908900 1.449274 -0.116348
v 1.932594 1.357358 -0.144121
v 1.945803 1.259135 -0.170479
v 1.947311 1.156268 -0.194703
v 1.918781 1.478626 0.024672
v 1.951063 1.394763 -0.004905
v 1.973801 1.304084 -0.035207
v 1.985467 1.207856 -0.065643
v 1.984829 1.107763 -0.095539
v 1.100000 2.005000 2.605694
v 1.300269 1.982435 2.605694
v 1.490495 1.915872 2.605694
v 1.661141 1.808648 2.605694
v 1.803648 1.666141 2.605694
v 1.910872 1.495495 2.605694
v 1.977435 1.305269 2.605694
v 2.000000 1.105000 2.605694
v 1.100000 -2.005000 2.605694
v 1.300269 -1.982435 2.605694
v 1.490495 -1.915872 2.605694
v 1.661141 -1.808648 2.605694
v 1.803648 -1.666141 2.605694
v 1.910872 -1.495495 2.605694
v 1.977435 -1.305269 2.605694
v 2.000000 -1.105000 2.605694
v 2.000000 -1.099679 2.685531
v 2.000000 -1.083768 2.764600
v 2.000000 -1.020887 2.917400
v 2.000000 -0.918774 3.058221
v 2.000000 -0.781353 3.181651
v 2.000000 -0.613905 3.282948
v 2.000000 -0.422865 3.358219
v 2.000000 -0.215575 3.404570
v 2.000000 -0.000000 3.420221
v 2.000000 0.215575 3.404570
v 2.000000 0.422865 3.358219
v 2.000000 0.613905 3.282948
v 2.000000 0.781353 3.181651
v 2.000000 0.918774 3.058221
v 2.000000 1.020887 2.917400
v 2.000000 1.083768 2.764600
v 2.000000 1.099679 2.685531
v 1.100000 1.995345 2.750557
v 1.100000 1.966474 2.894026
v 1.100000 1.918665 3.034718
v 1.100000 1.852378 3.171278
v 1.100000 1.768252 3.302391
v 1.100000 1.667097 3.426795
v 1.100000 1.549886 3.543291
v 1.100000 1.417749 3.650757
v 1.100000 1.271959 3.748159
v 1.100000 1.113918 3.834559
v 1.100000 0.945150 3.909123
v 1.100000 0.767280 3.971135
v 1.100000 0.582021 4.019997
v 1.100000 0.391156 4.055239
v 1.100000 0.196524 4.076520
v 1.100000 0.000000 4.083637
v 1.100000 -0.196524 4.076520
v 1.100000 -0.391156 4.055239
v 1.100000 -0.582021 4.019997
v 1.100000 -0.767280 3.971135
v 1.100000 -0.945150 3.909123
v 1.100000 -1.113918 3.834559
v 1.100000 -1.271959 3.748159
v 1.100000 -1.417749 3.650757
v 1.100000 -1.549886 3.543291
v 1.100000 -1.667097 3.426795
v 1.100000 -1.768252 3.302391
v 1.100000 -1.852378 3.171278
v 1.100000 -1.918665 3.034718
v 1.100000 -1.966474 2.894026
v 1.100000 -1.995345 2.750557
v 1.984975 1.219791 2.863034
v 1.984975 1.127025 3.035246
v 1.984975 0.582738 3.436456
v 1.984975 0.349112 3.504837
v 1.984975 0.114004 3.537155
v 1.984975 -0.998623 3.182598
v 1.984975 -1.117032 3.049203
v 1.263767 -1.665600 3.408378
v 1.984975 -1.201300 2.906607
v 1.984975 -1.259543 2.718260
v 1.936809 -1.425844 2.733122
v 1.853296 -1.585875 2.747425
v 1.736396 -1.728737 2.760192
v 1.592489 -1.844787 2.770564
v 1.513365 -1.890611 2.774659
v 1.431285 -1.927693 2.777973
v 1.263767 -1.975508 2.782246
v 1.984975 -1.230402 2.833942
v 1.936809 -1.392855 2.864078
v 1.853296 -1.549184 2.893078
v 1.736396 -1.688740 2.918967
v 1.592489 -1.802105 2.939997
v 1.513365 -1.846869 2.948301
v 1.431285 -1.883093 2.955021
v 1.263767 -1.929802 2.963686
v 1.984975 -1.163527 2.978635
v 1.936809 -1.317151 3.027875
v 1.853296 -1.464983 3.075259
v 1.736396 -1.596954 3.117559
v 1.592489 -1.704158 3.151921
v 1.513365 -1.746488 3.165489
v 1.431285 -1.780744 3.176469
v 1.263767 -1.824914 3.190627
v 1.263767 -1.884158 3.077656
v 1.431285 -1.838554 3.066233
v 1.513365 -1.803186 3.057374
v 1.592489 -1.759481 3.046426
v 1.736396 -1.648798 3.018701
v 1.853296 -1.512542 2.984570
v 1.936809 -1.359911 2.946338
v 1.936809 -1.130474 3.258768
v 1.853296 -1.257354 3.332067
v 1.736396 -1.370621 3.397501
v 1.592489 -1.462631 3.450655
v 1.513365 -1.498962 3.471644
v 1.431285 -1.528363 3.488628
v 1.263767 -1.566273 3.510529
v 1.431285 -1.625286 3.388950
v 1.513365 -1.594021 3.373883
v 1.592489 -1.555385 3.355264
v 1.736396 -1.457541 3.308110
v 1.853296 -1.337091 3.250063
v 1.936809 -1.202164 3.185040
v 1.984975 -1.061952 3.117469
v 1.984975 -0.765359 3.351614
v 1.936809 -0.866411 3.450099
v 1.853296 -0.963654 3.544872
v 1.736396 -1.050464 3.629477
v 1.592489 -1.120981 3.698203
v 1.513365 -1.148826 3.725341
v 1.431285 -1.171359 3.747302
v 1.263767 -1.200414 3.775619
v 1.263767 -1.454843 3.606516
v 1.431285 -1.419630 3.582292
v 1.513365 -1.392321 3.563505
v 1.592489 -1.358574 3.540290
v 1.736396 -1.273111 3.481498
v 1.853296 -1.167902 3.409122
v 1.936809 -1.050048 3.328048
v 1.984975 -0.927578 3.243797
v 1.984975 -0.582738 3.436456
v 1.936809 -0.659678 3.546144
v 1.853296 -0.733718 3.651697
v 1.736396 -0.799814 3.745925
v 1.592489 -0.853505 3.822468
v 1.513365 -0.874706 3.852693
v 1.431285 -0.891863 3.877151
v 1.263767 -0.913985 3.908689
v 1.984975 -0.388543 3.496005
v 1.936809 -0.439843 3.613555
v 1.853296 -0.489209 3.726674
v 1.736396 -0.533279 3.827655
v 1.592489 -0.569078 3.909686
v 1.513365 -0.583214 3.942077
v 1.431285 -0.594653 3.968288
v 1.263767 -0.609403 4.002087
v 1.984975 -0.191683 3.530203
v 1.936809 -0.216991 3.652269
v 1.853296 -0.241345 3.769733
v 1.736396 -0.263086 3.874593
v 1.592489 -0.280747 3.959775
v 1.513365 -0.287721 3.993410
v 1.431285 -0.293364 4.020628
v 1.263767 -0.300641 4.055725
v 1.936809 0.129057 3.660138
v 1.853296 0.143541 3.778485
v 1.736396 0.156472 3.884135
v 1.592489 0.166976 3.969956
v 1.513365 0.171124 4.003844
v 1.431285 0.174480 4.031268
v 1.263767 0.178808 4.066628
v 1.263767 -0.000000 4.072562
v 1.431285 -0.000000 4.037058
v 1.513365 -0.000000 4.009523
v 1.592489 -0.000000 3.975497
v 1.736396 -0.000000 3.889327
v 1.853296 -0.000000 3.783249
v 1.936809 -0.000000 3.664421
v 1.984975 -0.000000 3.540938
v 1.936809 0.395206 3.623553
v 1.853296 0.439562 3.737794
v 1.736396 0.479159 3.839777
v 1.592489 0.511325 3.922621
v 1.513365 0.524027 3.955334
v 1.431285 0.534305 3.981805
v 1.263767 0.547558 4.015939
v 1.263767 0.362102 4.048073
v 1.431285 0.353338 4.013161
v 1.513365 0.346541 3.986087
v 1.592489 0.338141 3.952629
v 1.736396 0.316870 3.867897
v 1.853296 0.290684 3.763590
v 1.936809 0.261351 3.646746
v 1.984975 0.230869 3.525325
v 1.936809 0.659678 3.546144
v 1.853296 0.733718 3.651697
v 1.736396 0.799814 3.745925
v 1.592489 0.853505 3.822468
v 1.513365 0.874706 3.852693
v 1.431285 0.891863 3.877151
v 1.263767 0.913985 3.908689
v 1.263767 0.732499 3.969570
v 1.431285 0.714770 3.936559
v 1.513365 0.701020 3.910958
v 1.592489 0.684029 3.879321
v 1.736396 0.640999 3.799201
v 1.853296 0.588027 3.700571
v 1.936809 0.528689 3.590086
v 1.984975 0.467026 3.475273
v 1.984975 0.799701 3.331774
v 1.936809 0.905288 3.427640
v 1.853296 1.006894 3.519892
v 1.736396 1.097599 3.602247
v 1.592489 1.171280 3.669145
v 1.513365 1.200375 3.695561
v 1.431285 1.223919 3.716938
v 1.263767 1.254277 3.744501
v 1.263767 1.088934 3.833456
v 1.431285 1.062577 3.803739
v 1.513365 1.042137 3.780692
v 1.592489 1.016878 3.752213
v 1.736396 0.952909 3.680089
v 1.853296 0.874161 3.591302
v 1.936809 0.785949 3.491844
v 1.984975 0.694282 3.388489
v 1.984975 0.985011 3.195177
v 1.936809 1.115065 3.273007
v 1.853296 1.240216 3.347904
v 1.736396 1.351938 3.414765
v 1.592489 1.442694 3.469078
v 1.513365 1.478530 3.490525
v 1.431285 1.507530 3.507880
v 1.263767 1.544923 3.530258
v 1.263767 1.407125 3.642926
v 1.431285 1.373067 3.617821
v 1.513365 1.346653 3.598351
v 1.592489 1.314014 3.574291
v 1.736396 1.231353 3.513360
v 1.853296 1.129595 3.438351
v 1.936809 1.015607 3.354327
v 1.984975 0.897154 3.267011
v 1.984975 1.061952 3.117469
v 1.936809 1.202164 3.185040
v 1.853296 1.337091 3.250063
v 1.736396 1.457541 3.308110
v 1.592489 1.555385 3.355264
v 1.513365 1.594021 3.373883
v 1.431285 1.625286 3.388950
v 1.263767 1.665600 3.408378
v 1.984975 1.179684 2.949952
v 1.936809 1.335441 2.995405
v 1.853296 1.485326 3.039145
v 1.736396 1.619130 3.078192
v 1.592489 1.727822 3.109911
v 1.513365 1.770741 3.122436
v 1.431285 1.805472 3.132571
v 1.263767 1.850255 3.145640
v 1.263767 1.767663 3.279418
v 1.431285 1.724878 3.263111
v 1.513365 1.691697 3.250465
v 1.592489 1.650695 3.234837
v 1.736396 1.546854 3.195259
v 1.853296 1.419024 3.146538
v 1.936809 1.275829 3.091961
v 1.984975 1.247585 2.775873
v 1.936809 1.412307 2.798343
v 1.853296 1.570819 2.819965
v 1.736396 1.712324 2.839267
v 1.592489 1.827272 2.854947
v 1.513365 1.872661 2.861139
v 1.431285 1.909392 2.866149
v 1.263767 1.956753 2.872609
v 1.263767 1.913160 3.009314
v 1.431285 1.866854 2.999545
v 1.513365 1.830942 2.991969
v 1.592489 1.786564 2.982606
v 1.736396 1.674176 2.958896
v 1.853296 1.535824 2.929708
v 1.936809 1.380843 2.897011
v 1.984975 1.263634 2.689729
v 1.936809 1.430475 2.700825
v 1.853296 1.591027 2.711502
v 1.736396 1.734352 2.721034
v 1.592489 1.850779 2.728776
v 1.513365 1.896752 2.731834
v 1.431285 1.933955 2.734308
v 1.263767 1.981925 2.737498
v 1.936809 -1.264517 3.107760
v 1.853296 -1.406442 3.164111
v 1.736396 -1.533139 3.214415
v 1.592489 -1.636058 3.255278
v 1.513365 -1.676698 3.271414
v 1.431285 -1.709584 3.284471
v 1.263767 -1.751989 3.301308
vt -0.097500 -1.655869 0.000000
vt -0.219332 -1.568094 0.000000
vt -1.907500 -1.655869 0.000000
vt -1.785699 -1.568088 0.000000
vt -0.344619 -1.475813 0.000000
vt -1.660462 -1.475733 0.000000
vt -0.468420 -1.380512 0.000000
vt -1.536659 -1.380372 0.000000
vt -0.585546 -1.283278 0.000000
vt -1.419163 -1.282962 0.000000
vt -0.693034 -1.183642 0.000000
vt -1.311384 -1.183084 0.000000
vt -0.793829 -1.073796 0.000000
vt -1.211002 -1.073867 0.000000
vt -1.123745 -0.953482 0.000000
vt -0.881103 -0.953378 0.000000
vt -0.946028 -0.827935 0.000000
vt -1.058972 -0.827935 0.000000
vt -1.400000 2.061472 0.000000
vt -1.400000 1.948528 0.000000
vt -1.302162 2.032999 0.000000
vt -1.302162 1.977001 0.000000
vt -1.201733 2.015768 0.000000
vt -1.201733 1.994232 0.000000
vt -1.100000 2.010000 0.000000
vt -1.100000 2.000000 0.000000
vt -0.900000 2.000000 0.000000
vt -0.900000 2.010000 0.000000
vt -0.798267 1.994232 0.000000
vt -0.798267 2.015768 0.000000
vt -0.697838 1.977001 0.000000
vt -0.697838 2.032999 0.000000
vt -0.600000 1.948528 0.000000
vt -0.600000 2.061472 0.000000
vt -1.907500 -0.000000 0.000000
vt -1.785668 -0.087772 0.000000
vt -0.097500 -0.000000 0.000000
vt -0.219301 -0.087779 0.000000
vt -1.660381 -0.180050 0.000000
vt -0.344538 -0.180131 0.000000
vt -1.536580 -0.275350 0.000000
vt -0.468341 -0.275489 0.000000
vt -1.419454 -0.372581 0.000000
vt -0.585837 -0.372897 0.000000
vt -1.311966 -0.472213 0.000000
vt -0.693616 -0.472771 0.000000
vt -1.211171 -0.582056 0.000000
vt -0.793998 -0.581985 0.000000
vt -0.881255 -0.702367 0.000000
vt -1.123897 -0.702471 0.000000
vt -1.058972 -0.827910 0.000000
vt -0.946028 -0.827910 0.000000
vt 0.209114 2.771186 0.000000
vt 0.255345 2.768436 0.000000
vt 0.352094 2.831314 0.000000
vt 0.379830 2.768436 0.000000
vt 0.415193 2.697576 0.000000
vt 0.379830 2.705558 0.000000
vt 0.379830 2.579802 0.000000
vt 0.255345 2.705558 0.000000
vt 0.255345 2.579802 0.000000
vt 0.127756 2.705558 0.000000
vt 0.127756 2.579802 0.000000
vt 0.057390 2.716225 0.000000
vt 0.000167 2.579802 0.000000
vt -0.100459 2.662381 0.000000
vt -0.127422 2.579802 0.000000
vt -0.249564 2.605901 0.000000
vt -0.255011 2.579802 0.000000
vt -0.390412 2.542303 0.000000
vt -0.255011 2.464860 0.000000
vt -0.382600 2.464900 0.000000
vt -0.382600 2.349463 0.000000
vt -0.510189 2.349463 0.000000
vt -0.382600 2.234293 0.000000
vt -0.510189 2.234293 0.000000
vt -0.382600 2.119123 0.000000
vt -0.510189 2.119123 0.000000
vt -0.382600 2.003953 0.000000
vt -0.510189 2.003953 0.000000
vt -0.486623 1.933527 0.000000
vt -0.632757 2.043386 0.000000
vt -0.637778 2.119123 0.000000
vt -0.637778 2.234293 0.000000
vt -0.701572 2.234293 0.000000
vt -0.709576 2.294954 0.000000
vt -0.765367 2.211259 0.000000
vt -0.510189 2.464940 0.000000
vt -0.524105 2.464944 0.000000
vt -0.650229 2.362223 0.000000
vt -0.637778 2.349463 0.000000
vt -0.382600 1.888784 0.000000
vt -0.330963 1.851734 0.000000
vt -0.255011 1.888784 0.000000
vt -0.165486 1.783787 0.000000
vt -0.127422 1.888784 0.000000
vt -0.127422 1.773614 0.000000
vt 0.000167 1.773614 0.000000
vt 0.012136 1.721630 0.000000
vt 0.127756 1.773614 0.000000
vt 0.127756 1.716029 0.000000
vt 0.255345 1.716029 0.000000
vt 0.188019 1.659396 0.000000
vt 0.255345 1.659072 0.000000
vt 0.352094 1.591204 0.000000
vt 0.379830 1.658474 0.000000
vt 0.385322 1.656740 0.000000
vt 0.379830 1.716029 0.000000
vt 0.415193 1.724942 0.000000
vt 0.379830 1.773614 0.000000
vt 0.463409 1.871033 0.000000
vt 0.379830 1.888784 0.000000
vt 0.379830 2.003953 0.000000
vt 0.255345 2.003953 0.000000
vt 0.255345 2.119123 0.000000
vt 0.127756 2.119123 0.000000
vt 0.127756 2.234293 0.000000
vt 0.000167 2.234293 0.000000
vt 0.000167 2.349463 0.000000
vt -0.127422 2.349463 0.000000
vt 0.000167 2.464781 0.000000
vt -0.127422 2.464821 0.000000
vt 0.493870 2.032437 0.000000
vt 0.379830 2.119123 0.000000
vt 0.255345 2.234293 0.000000
vt 0.127756 2.349463 0.000000
vt 0.127756 2.464742 0.000000
vt 0.504314 2.211259 0.000000
vt 0.379830 2.234293 0.000000
vt 0.255345 2.349463 0.000000
vt 0.255345 2.464702 0.000000
vt 0.379830 2.349463 0.000000
vt 0.493870 2.390081 0.000000
vt 0.379830 2.464663 0.000000
vt 0.463409 2.551485 0.000000
vt -0.255011 2.349463 0.000000
vt -0.127422 2.234293 0.000000
vt 0.000167 2.119123 0.000000
vt 0.127756 2.003953 0.000000
vt 0.255345 1.888784 0.000000
vt -0.255011 2.234293 0.000000
vt -0.255011 2.119123 0.000000
vt -0.255011 2.003953 0.000000
vt -0.127422 2.119123 0.000000
vt 0.000167 2.003953 0.000000
vt 0.127756 1.888784 0.000000
vt 0.255345 1.773614 0.000000
vt -0.127422 2.003953 0.000000
vt 0.000167 1.888784 0.000000
vt 0.369486 -0.502956 0.000000
vt 1.843744 -0.504899 0.000000
vt 0.369486 -0.401005 0.000000
vt 1.843744 -0.302939 0.000000
vt 0.356680 -0.245183 0.000000
vt 1.843744 -0.100980 0.000000
vt 0.322162 -0.089691 0.000000
vt 0.272945 0.055455 0.000000
vt 1.843744 0.100980 0.000000
vt 0.214660 0.190686 0.000000
vt 1.843744 0.302939 0.000000
vt 0.147811 0.324385 0.000000
vt 0.075202 0.456325 0.000000
vt 1.843744 0.504899 0.000000
vt 0.000459 0.584606 0.000000
vt 1.843744 0.706858 0.000000
vt -0.072791 0.706858 0.000000
vt 0.369486 -0.604907 0.000000
vt 1.843744 -0.706858 0.000000
vt 0.369486 -0.706858 0.000000
vt 0.415193 1.724905 0.000000
vt 0.379830 1.658408 0.000000
vt 0.352094 1.591169 0.000000
vt 0.255345 1.658408 0.000000
vt 0.209114 1.651296 0.000000
vt 0.255345 1.715992 0.000000
vt 0.127756 1.715992 0.000000
vt 0.127756 1.773575 0.000000
vt 0.057390 1.706256 0.000000
vt 0.000167 1.773575 0.000000
vt -0.100459 1.760098 0.000000
vt -0.127422 1.773575 0.000000
vt -0.249564 1.816577 0.000000
vt -0.127422 1.888743 0.000000
vt -0.255011 1.888743 0.000000
vt -0.255011 2.003910 0.000000
vt -0.382600 2.003910 0.000000
vt -0.382600 2.119077 0.000000
vt -0.510189 2.119077 0.000000
vt -0.510189 2.234244 0.000000
vt -0.637778 2.234244 0.000000
vt -0.637778 2.349412 0.000000
vt -0.765367 2.211211 0.000000
vt -0.632757 2.379080 0.000000
vt -0.510189 2.349412 0.000000
vt -0.510189 2.464579 0.000000
vt -0.382600 2.349412 0.000000
vt -0.382600 2.464579 0.000000
vt -0.255011 2.349412 0.000000
vt -0.255011 2.464579 0.000000
vt -0.127422 2.349412 0.000000
vt -0.127422 2.464579 0.000000
vt 0.000167 2.349412 0.000000
vt 0.000167 2.464579 0.000000
vt 0.127756 2.349412 0.000000
vt 0.127756 2.464579 0.000000
vt 0.255345 2.349412 0.000000
vt 0.255345 2.464579 0.000000
vt 0.379830 2.349412 0.000000
vt 0.379830 2.464579 0.000000
vt 0.493870 2.390029 0.000000
vt 0.463409 2.551430 0.000000
vt 0.463409 1.870992 0.000000
vt 0.379830 1.773575 0.000000
vt 0.379830 1.715992 0.000000
vt 0.493870 2.032393 0.000000
vt 0.379830 2.003910 0.000000
vt 0.379830 1.888743 0.000000
vt 0.255345 1.888743 0.000000
vt 0.255345 1.773575 0.000000
vt 0.127756 1.888743 0.000000
vt 0.000167 1.888743 0.000000
vt 0.379830 2.119077 0.000000
vt 0.504314 2.211211 0.000000
vt 0.379830 2.234244 0.000000
vt 0.415193 2.697517 0.000000
vt 0.379830 2.642623 0.000000
vt 0.379830 2.579746 0.000000
vt 0.255345 2.579746 0.000000
vt 0.127756 2.579746 0.000000
vt 0.000167 2.579746 0.000000
vt -0.127422 2.579746 0.000000
vt -0.255011 2.579746 0.000000
vt -0.330963 2.570729 0.000000
vt -0.486623 2.488936 0.000000
vt 0.379830 2.705499 0.000000
vt 0.385322 2.765718 0.000000
vt 0.352094 2.831253 0.000000
vt 0.255345 2.705499 0.000000
vt 0.188019 2.763062 0.000000
vt 0.127756 2.705499 0.000000
vt 0.012136 2.700830 0.000000
vt 0.127756 2.642623 0.000000
vt 0.000167 2.642623 0.000000
vt -0.127422 2.642623 0.000000
vt -0.165486 2.638673 0.000000
vt -0.709576 2.127517 0.000000
vt -0.637778 2.119077 0.000000
vt -0.650229 2.060250 0.000000
vt -0.510189 2.003910 0.000000
vt -0.524105 1.957531 0.000000
vt -0.382600 1.888743 0.000000
vt -0.390412 1.880174 0.000000
vt 0.255345 2.003910 0.000000
vt 0.255345 2.119077 0.000000
vt 0.255345 2.234244 0.000000
vt 0.127756 2.003910 0.000000
vt 0.127756 2.119077 0.000000
vt 0.127756 2.234244 0.000000
vt 0.000167 2.003910 0.000000
vt 0.000167 2.119077 0.000000
vt 0.000167 2.234244 0.000000
vt -0.127422 2.003910 0.000000
vt -0.127422 2.119077 0.000000
vt -0.127422 2.234244 0.000000
vt -0.255011 2.119077 0.000000
vt -0.382600 2.234244 0.000000
vt -0.255011 2.234244 0.000000
vt 0.255345 2.642623 0.000000
vt 0.369486 0.706858 0.000000
vt 0.369486 0.604907 0.000000
vt 1.843744 0.706858 0.000000
vt 1.843744 0.504899 0.000000
vt 0.369486 0.502956 0.000000
vt 0.369486 0.401005 0.000000
vt 1.843744 0.302939 0.000000
vt 0.356565 0.245247 0.000000
vt 1.843744 0.100980 0.000000
vt 0.322035 0.089720 0.000000
vt 0.272627 -0.056201 0.000000
vt 1.843744 -0.100980 0.000000
vt 0.214531 -0.191119 0.000000
vt 1.843744 -0.302939 0.000000
vt 0.147846 -0.324478 0.000000
vt 0.075238 -0.456360 0.000000
vt 1.843744 -0.504899 0.000000
vt 0.000473 -0.584596 0.000000
vt 1.843744 -0.706858 0.000000
vt -0.072791 -0.706858 0.000000
vt -0.602434 2.344623 0.000000
vt -0.619945 2.411570 0.000000
vt -0.709109 2.516421 0.000000
vt -0.619945 2.542634 0.000000
vt -0.602434 2.688219 0.000000
vt -0.530781 2.673698 0.000000
vt -0.485581 2.805116 0.000000
vt -0.441616 2.673698 0.000000
vt -0.441616 2.805099 0.000000
vt -0.352452 2.805065 0.000000
vt -0.361715 2.893151 0.000000
vt -0.263288 2.805031 0.000000
vt -0.263288 2.935825 0.000000
vt -0.174124 2.804997 0.000000
vt -0.174124 2.935825 0.000000
vt -0.084960 2.804963 0.000000
vt -0.084960 2.935825 0.000000
vt 0.004204 2.804929 0.000000
vt 0.004204 2.935825 0.000000
vt 0.119170 2.804885 0.000000
vt 0.119170 2.935825 0.000000
vt 0.234137 2.804841 0.000000
vt 0.234137 2.935825 0.000000
vt 0.349103 2.804798 0.000000
vt 0.349103 2.935825 0.000000
vt 0.439198 2.853024 0.000000
vt 0.391964 3.047049 0.000000
vt -0.485581 2.227727 0.000000
vt -0.530781 2.280507 0.000000
vt -0.530781 2.411570 0.000000
vt -0.441616 2.280507 0.000000
vt -0.361715 2.139692 0.000000
vt -0.352452 2.149443 0.000000
vt -0.263288 2.149443 0.000000
vt -0.352452 2.280507 0.000000
vt -0.263288 2.280507 0.000000
vt -0.352452 2.411570 0.000000
vt -0.263288 2.411570 0.000000
vt -0.352452 2.542634 0.000000
vt -0.263288 2.542634 0.000000
vt -0.352452 2.673698 0.000000
vt -0.263288 2.673698 0.000000
vt -0.231220 2.067317 0.000000
vt -0.174124 2.149443 0.000000
vt -0.174124 2.280507 0.000000
vt -0.174124 2.411570 0.000000
vt -0.174124 2.542634 0.000000
vt -0.174124 2.673698 0.000000
vt -0.093075 2.003042 0.000000
vt -0.084960 2.018380 0.000000
vt -0.084960 2.149443 0.000000
vt 0.004204 2.018380 0.000000
vt 0.004204 2.149443 0.000000
vt 0.119170 2.018380 0.000000
vt 0.119170 2.149443 0.000000
vt 0.234137 2.018380 0.000000
vt 0.234137 2.149443 0.000000
vt 0.349103 2.018380 0.000000
vt 0.349103 2.149443 0.000000
vt 0.439198 2.179819 0.000000
vt 0.349103 2.280507 0.000000
vt 0.464070 2.397607 0.000000
vt 0.349103 2.411570 0.000000
vt 0.349103 2.542634 0.000000
vt 0.234137 2.542634 0.000000
vt 0.234137 2.673698 0.000000
vt 0.119170 2.673698 0.000000
vt 0.053171 1.941768 0.000000
vt 0.119170 1.952848 0.000000
vt 0.234137 1.952848 0.000000
vt 0.193743 1.879222 0.000000
vt 0.234137 1.887316 0.000000
vt 0.260888 1.846078 0.000000
vt 0.349103 1.887316 0.000000
vt 0.326214 1.810796 0.000000
vt 0.391964 1.985793 0.000000
vt 0.349103 1.952848 0.000000
vt 0.464070 2.635236 0.000000
vt 0.349103 2.673698 0.000000
vt 0.349103 3.078936 0.000000
vt 0.326214 3.222047 0.000000
vt 0.260888 3.186765 0.000000
vt 0.234137 3.078936 0.000000
vt 0.193743 3.153620 0.000000
vt 0.119170 3.078936 0.000000
vt 0.053171 3.091074 0.000000
vt -0.093075 3.029800 0.000000
vt -0.231220 2.965526 0.000000
vt 0.119170 2.542634 0.000000
vt 0.234137 2.411570 0.000000
vt 0.119170 2.411570 0.000000
vt 0.234137 2.280507 0.000000
vt 0.119170 2.280507 0.000000
vt 0.004204 2.542634 0.000000
vt 0.004204 2.411570 0.000000
vt 0.004204 2.280507 0.000000
vt 0.004204 2.673698 0.000000
vt -0.084960 2.673698 0.000000
vt -0.084960 2.542634 0.000000
vt -0.084960 2.411570 0.000000
vt -0.084960 2.280507 0.000000
vt -0.441616 2.542634 0.000000
vt -0.441616 2.411570 0.000000
vt -0.530781 2.542634 0.000000
vt -0.415185 2.697576 0.000000
vt -0.409349 2.705558 0.000000
vt -0.352087 2.831314 0.000000
vt -0.314393 2.705558 0.000000
vt -0.209110 2.771186 0.000000
vt -0.219438 2.705558 0.000000
vt -0.124482 2.705558 0.000000
vt -0.124482 2.579802 0.000000
vt -0.029526 2.579802 0.000000
vt -0.029526 2.464772 0.000000
vt 0.065429 2.464802 0.000000
vt 0.065429 2.349463 0.000000
vt 0.160385 2.349463 0.000000
vt 0.160385 2.234293 0.000000
vt 0.255340 2.234293 0.000000
vt 0.255340 2.119123 0.000000
vt 0.382843 2.119123 0.000000
vt 0.382843 2.003953 0.000000
vt 0.510346 2.003953 0.000000
vt 0.486614 1.933527 0.000000
vt 0.632745 2.043386 0.000000
vt -0.409349 2.579802 0.000000
vt -0.463401 2.551485 0.000000
vt -0.409349 2.464654 0.000000
vt -0.493861 2.390081 0.000000
vt -0.409349 2.349463 0.000000
vt -0.504305 2.211259 0.000000
vt -0.409349 2.234293 0.000000
vt -0.409349 2.119123 0.000000
vt -0.314393 2.119123 0.000000
vt -0.314393 2.003953 0.000000
vt -0.219438 2.003953 0.000000
vt -0.219438 1.888784 0.000000
vt -0.124482 1.888784 0.000000
vt -0.124482 1.773614 0.000000
vt -0.029526 1.773614 0.000000
vt -0.012135 1.721630 0.000000
vt 0.065429 1.773614 0.000000
vt 0.165483 1.783787 0.000000
vt 0.065429 1.888784 0.000000
vt 0.160385 1.888784 0.000000
vt 0.065429 2.003953 0.000000
vt 0.160385 2.003953 0.000000
vt 0.065429 2.119123 0.000000
vt 0.160385 2.119123 0.000000
vt 0.065429 2.234293 0.000000
vt -0.493861 2.032437 0.000000
vt -0.409349 2.003953 0.000000
vt -0.314393 1.888784 0.000000
vt -0.219438 1.773614 0.000000
vt -0.188015 1.659396 0.000000
vt -0.463401 1.871033 0.000000
vt -0.409349 1.888784 0.000000
vt -0.314393 1.773614 0.000000
vt -0.219438 1.659245 0.000000
vt -0.352087 1.591204 0.000000
vt -0.314393 1.658789 0.000000
vt -0.385315 1.656740 0.000000
vt -0.415185 1.724942 0.000000
vt -0.409349 1.773614 0.000000
vt 0.255340 1.888784 0.000000
vt 0.330957 1.851734 0.000000
vt 0.382843 1.888784 0.000000
vt 0.765352 2.211259 0.000000
vt 0.637849 2.119123 0.000000
vt 0.510346 2.119123 0.000000
vt 0.637849 2.234293 0.000000
vt 0.709563 2.294954 0.000000
vt 0.637849 2.349463 0.000000
vt 0.650217 2.362223 0.000000
vt 0.524095 2.464944 0.000000
vt 0.390404 2.542303 0.000000
vt 0.510346 2.464940 0.000000
vt 0.510346 2.349463 0.000000
vt 0.249559 2.605901 0.000000
vt 0.255340 2.579802 0.000000
vt 0.255340 2.464861 0.000000
vt 0.382843 2.464900 0.000000
vt 0.382843 2.349463 0.000000
vt 0.510346 2.234293 0.000000
vt 0.160385 2.579802 0.000000
vt 0.100457 2.662381 0.000000
vt 0.065429 2.579802 0.000000
vt -0.029526 2.705558 0.000000
vt -0.057389 2.716225 0.000000
vt -0.314393 2.579802 0.000000
vt -0.314393 2.464684 0.000000
vt -0.314393 2.349463 0.000000
vt -0.314393 2.234293 0.000000
vt -0.219438 2.579802 0.000000
vt -0.219438 2.464713 0.000000
vt -0.219438 2.349463 0.000000
vt -0.219438 2.234293 0.000000
vt -0.219438 2.119123 0.000000
vt -0.124482 2.464743 0.000000
vt -0.029526 2.349463 0.000000
vt 0.160385 2.464831 0.000000
vt -0.124482 2.349463 0.000000
vt -0.124482 2.234293 0.000000
vt -0.124482 2.119123 0.000000
vt -0.124482 2.003953 0.000000
vt 0.255340 2.349463 0.000000
vt -0.029526 2.234293 0.000000
vt 0.382843 2.234293 0.000000
vt -0.029526 2.119123 0.000000
vt -0.029526 2.003953 0.000000
vt -0.029526 1.888784 0.000000
vt 0.255340 2.003953 0.000000
vt 0.369486 0.706858 0.000000
vt 0.369486 0.604907 0.000000
vt 1.843744 0.706858 0.000000
vt 1.843744 0.504899 0.000000
vt 0.369486 0.502956 0.000000
vt 0.369486 0.401005 0.000000
vt 1.843744 0.302939 0.000000
vt 0.356565 0.245247 0.000000
vt 1.843744 0.100980 0.000000
vt 0.322035 0.089720 0.000000
vt 0.272627 -0.056201 0.000000
vt 1.843744 -0.100980 0.000000
vt 0.214531 -0.191119 0.000000
vt 1.843744 -0.302939 0.000000
vt 0.147846 -0.324478 0.000000
vt 0.075238 -0.456360 0.000000
vt 1.843744 -0.504899 0.000000
vt 0.000473 -0.584596 0.000000
vt 1.843744 -0.706858 0.000000
vt -0.072791 -0.706858 0.000000
vt -0.415185 1.724905 0.000000
vt -0.352087 1.591169 0.000000
vt -0.314393 1.658408 0.000000
vt -0.209110 1.651296 0.000000
vt -0.219438 1.658408 0.000000
vt -0.219438 1.773575 0.000000
vt -0.314393 1.773575 0.000000
vt -0.314393 1.888743 0.000000
vt -0.409349 1.888743 0.000000
vt -0.409349 2.003910 0.000000
vt -0.463401 1.870992 0.000000
vt -0.493861 2.032393 0.000000
vt -0.409349 2.119077 0.000000
vt -0.504305 2.211211 0.000000
vt -0.409349 2.234244 0.000000
vt -0.409349 2.349412 0.000000
vt -0.314393 2.234244 0.000000
vt -0.314393 2.349412 0.000000
vt -0.219438 2.234244 0.000000
vt -0.219438 2.349412 0.000000
vt -0.124482 2.234244 0.000000
vt -0.124482 2.349412 0.000000
vt -0.029526 2.234244 0.000000
vt -0.029526 2.349412 0.000000
vt 0.065429 2.234244 0.000000
vt 0.065429 2.349412 0.000000
vt 0.160385 2.234244 0.000000
vt 0.160385 2.349412 0.000000
vt 0.255340 2.234244 0.000000
vt 0.255340 2.349412 0.000000
vt 0.382843 2.234244 0.000000
vt 0.382843 2.349412 0.000000
vt 0.510346 2.234244 0.000000
vt 0.510346 2.349412 0.000000
vt 0.637849 2.234244 0.000000
vt 0.637849 2.349412 0.000000
vt 0.765352 2.211211 0.000000
vt 0.632745 2.379080 0.000000
vt -0.124482 1.773575 0.000000
vt -0.057389 1.706256 0.000000
vt -0.029526 1.773575 0.000000
vt 0.100457 1.760098 0.000000
vt 0.065429 1.773575 0.000000
vt 0.065429 1.888743 0.000000
vt -0.029526 1.888743 0.000000
vt -0.029526 2.003910 0.000000
vt -0.124482 2.003910 0.000000
vt -0.124482 2.119077 0.000000
vt -0.219438 2.119077 0.000000
vt 0.160385 1.888743 0.000000
vt 0.249559 1.816577 0.000000
vt 0.255340 1.888743 0.000000
vt 0.390404 1.880174 0.000000
vt 0.382843 1.888743 0.000000
vt 0.524095 1.957531 0.000000
vt 0.382843 2.003910 0.000000
vt 0.510346 2.003910 0.000000
vt 0.382843 2.119077 0.000000
vt 0.510346 2.119077 0.000000
vt 0.650217 2.060250 0.000000
vt 0.637849 2.119077 0.000000
vt 0.709563 2.127517 0.000000
vt 0.486614 2.488936 0.000000
vt 0.510346 2.464579 0.000000
vt 0.382843 2.464579 0.000000
vt 0.330957 2.570729 0.000000
vt 0.255340 2.464579 0.000000
vt 0.255340 2.579746 0.000000
vt 0.160385 2.579746 0.000000
vt 0.165483 2.638673 0.000000
vt 0.065429 2.579746 0.000000
vt -0.012135 2.700830 0.000000
vt -0.029526 2.579746 0.000000
vt -0.029526 2.705499 0.000000
vt -0.124482 2.705499 0.000000
vt -0.188015 2.763062 0.000000
vt -0.219438 2.705499 0.000000
vt -0.352087 2.831253 0.000000
vt -0.314393 2.705499 0.000000
vt -0.385315 2.765718 0.000000
vt -0.409349 2.705499 0.000000
vt -0.415185 2.697517 0.000000
vt -0.409349 2.579746 0.000000
vt -0.463401 2.551430 0.000000
vt -0.409349 2.464579 0.000000
vt -0.493861 2.390029 0.000000
vt -0.409349 1.773575 0.000000
vt -0.124482 1.888743 0.000000
vt -0.219438 1.888743 0.000000
vt 0.255340 2.003910 0.000000
vt 0.255340 2.119077 0.000000
vt 0.160385 2.003910 0.000000
vt 0.160385 2.119077 0.000000
vt 0.065429 2.003910 0.000000
vt 0.065429 2.119077 0.000000
vt -0.219438 2.003910 0.000000
vt -0.314393 2.003910 0.000000
vt -0.029526 2.119077 0.000000
vt -0.314393 2.119077 0.000000
vt -0.314393 2.464579 0.000000
vt -0.314393 2.579746 0.000000
vt -0.219438 2.464579 0.000000
vt -0.219438 2.579746 0.000000
vt -0.124482 2.464579 0.000000
vt -0.124482 2.579746 0.000000
vt -0.029526 2.464579 0.000000
vt 0.065429 2.464579 0.000000
vt 0.160385 2.464579 0.000000
vt 0.369486 -0.502956 0.000000
vt 1.843744 -0.504899 0.000000
vt 0.369486 -0.401005 0.000000
vt 1.843744 -0.302939 0.000000
vt 0.356680 -0.245183 0.000000
vt 1.843744 -0.100980 0.000000
vt 0.322162 -0.089691 0.000000
vt 0.272945 0.055455 0.000000
vt 1.843744 0.100980 0.000000
vt 0.214660 0.190686 0.000000
vt 1.843744 0.302939 0.000000
vt 0.147811 0.324385 0.000000
vt 0.075202 0.456325 0.000000
vt 1.843744 0.504899 0.000000
vt 0.000459 0.584606 0.000000
vt 1.843744 0.706858 0.000000
vt -0.072791 0.706858 0.000000
vt 0.369486 -0.604907 0.000000
vt 1.843744 -0.706858 0.000000
vt 0.369486 -0.706858 0.000000
vt 0.400000 -2.483804 0.000000
vt 0.600000 -2.483804 0.000000
vt 0.400000 -2.406185 0.000000
vt 0.600000 -2.406185 0.000000
vt 0.600000 -2.328566 0.000000
vt 0.400000 -2.328566 0.000000
vt 0.600000 -2.173328 0.000000
vt 0.400000 -2.173328 0.000000
vt 0.600000 -2.018091 0.000000
vt 0.400000 -2.018091 0.000000
vt 0.600000 -1.862853 0.000000
vt 0.400000 -1.862853 0.000000
vt 0.600000 -1.707615 0.000000
vt 0.400000 -1.707615 0.000000
vt 0.600000 -1.552377 0.000000
vt 0.400000 -1.552377 0.000000
vt 0.600000 -1.397140 0.000000
vt 0.400000 -1.397140 0.000000
vt 0.600000 -1.241902 0.000000
vt 0.400000 -1.241902 0.000000
vt -0.602434 2.344623 0.000000
vt -0.619945 2.411570 0.000000
vt -0.709109 2.516421 0.000000
vt -0.619945 2.542634 0.000000
vt -0.602434 2.688219 0.000000
vt -0.530781 2.673698 0.000000
vt -0.485581 2.805116 0.000000
vt -0.441616 2.673698 0.000000
vt -0.441616 2.805099 0.000000
vt -0.352452 2.805065 0.000000
vt -0.361715 2.893151 0.000000
vt -0.263288 2.805031 0.000000
vt -0.263288 2.935825 0.000000
vt -0.174124 2.804997 0.000000
vt -0.174124 2.935825 0.000000
vt -0.084960 2.804963 0.000000
vt -0.084960 2.935825 0.000000
vt 0.004204 2.804929 0.000000
vt 0.004204 2.935825 0.000000
vt 0.119170 2.804885 0.000000
vt 0.119170 2.935825 0.000000
vt 0.234137 2.804841 0.000000
vt 0.234137 2.935825 0.000000
vt 0.349103 2.804798 0.000000
vt 0.349103 2.935825 0.000000
vt 0.439198 2.853024 0.000000
vt 0.391964 3.047049 0.000000
vt -0.485581 2.227727 0.000000
vt -0.530781 2.280507 0.000000
vt -0.530781 2.411570 0.000000
vt -0.441616 2.280507 0.000000
vt -0.361715 2.139692 0.000000
vt -0.352452 2.149443 0.000000
vt -0.263288 2.149443 0.000000
vt -0.352452 2.280507 0.000000
vt -0.263288 2.280507 0.000000
vt -0.352452 2.411570 0.000000
vt -0.263288 2.411570 0.000000
vt -0.352452 2.542634 0.000000
vt -0.263288 2.542634 0.000000
vt -0.352452 2.673698 0.000000
vt -0.263288 2.673698 0.000000
vt -0.231220 2.067317 0.000000
vt -0.174124 2.149443 0.000000
vt -0.174124 2.280507 0.000000
vt -0.174124 2.411570 0.000000
vt -0.174124 2.542634 0.000000
vt -0.174124 2.673698 0.000000
vt -0.093075 2.003042 0.000000
vt -0.084960 2.018380 0.000000
vt -0.084960 2.149443 0.000000
vt 0.004204 2.018380 0.000000
vt 0.004204 2.149443 0.000000
vt 0.119170 2.018380 0.000000
vt 0.119170 2.149443 0.000000
vt 0.234137 2.018380 0.000000
vt 0.234137 2.149443 0.000000
vt 0.349103 2.018380 0.000000
vt 0.349103 2.149443 0.000000
vt 0.439198 2.179819 0.000000
vt 0.349103 2.280507 0.000000
vt 0.464070 2.397607 0.000000
vt 0.349103 2.411570 0.000000
vt 0.349103 2.542634 0.000000
vt 0.234137 2.542634 0.000000
vt 0.234137 2.673698 0.000000
vt 0.119170 2.673698 0.000000
vt 0.053171 1.941768 0.000000
vt 0.119170 1.952848 0.000000
vt 0.234137 1.952848 0.000000
vt 0.193743 1.879222 0.000000
vt 0.234137 1.887316 0.000000
vt 0.260888 1.846078 0.000000
vt 0.349103 1.887316 0.000000
vt 0.326214 1.810796 0.000000
vt 0.391964 1.985793 0.000000
vt 0.349103 1.952848 0.000000
vt 0.464070 2.635236 0.000000
vt 0.349103 2.673698 0.000000
vt 0.349103 3.078936 0.000000
vt 0.326214 3.222047 0.000000
vt 0.260888 3.186765 0.000000
vt 0.234137 3.078936 0.000000
vt 0.193743 3.153620 0.000000
vt 0.119170 3.078936 0.000000
vt 0.053171 3.091074 0.000000
vt -0.093075 3.029800 0.000000
vt -0.231220 2.965526 0.000000
vt 0.119170 2.542634 0.000000
vt 0.234137 2.411570 0.000000
vt 0.119170 2.411570 0.000000
vt 0.234137 2.280507 0.000000
vt 0.119170 2.280507 0.000000
vt 0.004204 2.542634 0.000000
vt 0.004204 2.411570 0.000000
vt 0.004204 2.280507 0.000000
vt 0.004204 2.673698 0.000000
vt -0.084960 2.673698 0.000000
vt -0.084960 2.542634 0.000000
vt -0.084960 2.411570 0.000000
vt -0.084960 2.280507 0.000000
vt -0.441616 2.542634 0.000000
vt -0.441616 2.411570 0.000000
vt -0.530781 2.542634 0.000000
vt 1.290897 0.706858 0.000000
vt -1.289054 0.706858 0.000000
vt 1.290897 0.504899 0.000000
vt -1.289054 0.504899 0.000000
vt 1.290897 0.302939 0.000000
vt -1.289054 0.302939 0.000000
vt 1.290897 0.100980 0.000000
vt -1.289054 0.100980 0.000000
vt 1.290897 -0.100980 0.000000
vt -1.289054 -0.100980 0.000000
vt 1.290897 -0.302939 0.000000
vt -1.289054 -0.302939 0.000000
vt 1.290897 -0.504899 0.000000
vt -1.289054 -0.504899 0.000000
vt 1.290897 -0.706858 0.000000
vt -1.289054 -0.706858 0.000000
vt 1.309942 2.295062 0.000000
vt 1.309942 2.462752 0.000000
vt 1.146199 2.257523 0.000000
vt 1.110518 2.462752 0.000000
vt 0.982457 2.257523 0.000000
vt 0.923635 2.462752 0.000000
vt 0.818714 2.257523 0.000000
vt 0.743772 2.462752 0.000000
vt 0.736842 2.257523 0.000000
vt 0.654971 2.257523 0.000000
vt 0.736842 2.052293 0.000000
vt 0.654971 2.052293 0.000000
vt 0.736842 1.924025 0.000000
vt 0.654971 1.924025 0.000000
vt 0.736842 1.795757 0.000000
vt 0.654971 1.795757 0.000000
vt 0.736842 1.667488 0.000000
vt 0.654971 1.667488 0.000000
vt 0.736842 1.539220 0.000000
vt 0.654971 1.539220 0.000000
vt 0.736842 1.410952 0.000000
vt 0.654971 1.410952 0.000000
vt 0.736842 1.282683 0.000000
vt 0.654971 1.282683 0.000000
vt 0.736842 1.026147 0.000000
vt 0.654971 1.026147 0.000000
vt 0.736842 0.769610 0.000000
vt 0.654971 0.769610 0.000000
vt 0.736842 0.513073 0.000000
vt 0.654971 0.513073 0.000000
vt 0.736842 0.256537 0.000000
vt 0.654971 0.256537 0.000000
vt 0.736842 0.000000 0.000000
vt 0.654971 0.000000 0.000000
vt 0.736842 -0.153922 0.000000
vt 0.654971 -0.153922 0.000000
vt 0.736842 -0.307844 0.000000
vt 0.654971 -0.307844 0.000000
vt 0.736842 -0.461766 0.000000
vt 0.654971 -0.461766 0.000000
vt 0.736842 -0.615688 0.000000
vt 0.654971 -0.615688 0.000000
vt 0.736842 -0.769610 0.000000
vt 0.654971 -0.769610 0.000000
vt 0.736842 -0.923532 0.000000
vt 0.654971 -0.923532 0.000000
vt 0.736842 -1.077454 0.000000
vt 0.654971 -1.077454 0.000000
vt 0.736842 -1.231376 0.000000
vt 0.654971 -1.231376 0.000000
vt 0.736842 -1.385298 0.000000
vt 0.654971 -1.385298 0.000000
vt 0.736842 -1.539220 0.000000
vt 0.654971 -1.539220 0.000000
vt 0.736842 -1.693142 0.000000
vt 0.654971 -1.693142 0.000000
vt 0.736842 -1.847064 0.000000
vt 0.654971 -1.847064 0.000000
vt 0.736842 -2.000986 0.000000
vt 0.654971 -2.000986 0.000000
vt 0.736842 -2.154908 0.000000
vt 0.654971 -2.154908 0.000000
vt 0.736842 -2.308830 0.000000
vt 0.654971 -2.308830 0.000000
vt 0.743772 -2.462752 0.000000
vt 0.566171 -2.462752 0.000000
vt 0.573100 -2.308830 0.000000
vt 0.491228 -2.308830 0.000000
vt 0.491228 -2.154908 0.000000
vt 0.409357 -2.154908 0.000000
vt 0.409357 -2.000986 0.000000
vt 0.327486 -2.000986 0.000000
vt 0.327486 -1.847064 0.000000
vt 0.245614 -1.847064 0.000000
vt 0.245614 -1.693142 0.000000
vt 0.163743 -1.693142 0.000000
vt 0.163743 -1.539220 0.000000
vt 0.000000 -1.672350 0.000000
vt -0.000000 -1.524172 0.000000
vt 0.163743 -1.385298 0.000000
vt 0.000000 -1.377420 0.000000
vt 0.163743 -1.231376 0.000000
vt -0.000000 -1.231376 0.000000
vt 0.000000 -1.085331 0.000000
vt 0.163743 -1.077454 0.000000
vt -0.000000 -0.938580 0.000000
vt 0.163743 -0.923532 0.000000
vt -0.000000 -0.790402 0.000000
vt 0.163743 -0.769610 0.000000
vt -0.000000 -0.640048 0.000000
vt 0.163743 -0.615688 0.000000
vt 0.000000 -0.486727 0.000000
vt 0.163743 -0.461766 0.000000
vt -0.000000 -0.329586 0.000000
vt 0.163743 -0.307844 0.000000
vt -0.000000 -0.167689 0.000000
vt 0.163743 -0.153922 0.000000
vt -0.000000 0.000000 0.000000
vt 0.163743 0.000000 0.000000
vt -0.000000 0.167689 0.000000
vt 0.163743 0.256537 0.000000
vt 0.000000 0.329586 0.000000
vt 0.163743 0.513073 0.000000
vt -0.000000 0.486727 0.000000
vt -0.000000 0.640048 0.000000
vt 0.163743 0.769610 0.000000
vt -0.000000 0.790402 0.000000
vt -0.000000 0.938580 0.000000
vt 0.163743 1.026147 0.000000
vt 0.000000 1.085331 0.000000
vt 0.163743 1.282683 0.000000
vt -0.000000 1.231376 0.000000
vt -0.000000 1.377420 0.000000
vt 0.163743 1.410952 0.000000
vt 0.000000 1.524172 0.000000
vt 0.163743 1.539220 0.000000
vt -0.000000 1.672350 0.000000
vt 0.163743 1.667488 0.000000
vt 0.163743 1.795757 0.000000
vt 0.245614 1.667488 0.000000
vt 0.245614 1.795757 0.000000
vt 0.327486 1.667488 0.000000
vt 0.327486 1.795757 0.000000
vt 0.409357 1.667488 0.000000
vt 0.409357 1.795757 0.000000
vt 0.491228 1.667488 0.000000
vt 0.491228 1.795757 0.000000
vt 0.573100 1.667488 0.000000
vt 0.573100 1.795757 0.000000
vt 0.566171 2.462752 0.000000
vt 0.573100 2.257523 0.000000
vt 0.573100 2.052293 0.000000
vt 0.573100 1.924025 0.000000
vt 0.491228 2.257523 0.000000
vt 0.386308 2.462752 0.000000
vt 0.409357 2.257523 0.000000
vt 0.327486 2.257523 0.000000
vt 0.409357 2.052293 0.000000
vt 0.327486 2.052293 0.000000
vt 0.409357 1.924025 0.000000
vt 0.327486 1.924025 0.000000
vt 0.199424 2.462752 0.000000
vt 0.245614 2.257523 0.000000
vt 0.245614 2.052293 0.000000
vt 0.245614 1.924025 0.000000
vt 0.163743 2.257523 0.000000
vt -0.000000 2.462752 0.000000
vt -0.000000 2.295062 0.000000
vt -0.000000 2.133166 0.000000
vt 0.163743 2.052293 0.000000
vt 0.000000 1.976025 0.000000
vt 0.163743 1.924025 0.000000
vt -0.000000 1.822704 0.000000
vt 0.000000 -1.822704 0.000000
vt 0.163743 -1.847064 0.000000
vt 0.245614 -2.000986 0.000000
vt 0.327486 -2.154908 0.000000
vt 0.409357 -2.308830 0.000000
vt 0.386308 -2.462752 0.000000
vt 0.000000 -1.976025 0.000000
vt 0.163743 -2.000986 0.000000
vt 0.245614 -2.154908 0.000000
vt 0.327486 -2.308830 0.000000
vt 0.000000 -2.133166 0.000000
vt 0.163743 -2.154908 0.000000
vt 0.245614 -2.308830 0.000000
vt 0.199424 -2.462752 0.000000
vt 0.000000 -2.295062 0.000000
vt 0.163743 -2.308830 0.000000
vt -0.000000 -2.462752 0.000000
vt 0.818714 -2.308830 0.000000
vt 0.923635 -2.462752 0.000000
vt 0.982457 -2.308830 0.000000
vt 1.110518 -2.462752 0.000000
vt 1.146199 -2.308830 0.000000
vt 1.309942 -2.462752 0.000000
vt 1.309942 -2.295062 0.000000
vt 1.146199 -2.154908 0.000000
vt 1.309942 -2.133166 0.000000
vt 1.146199 -2.000986 0.000000
vt 1.309942 -1.822704 0.000000
vt 1.146199 -1.847064 0.000000
vt 1.146199 -1.693142 0.000000
vt 0.982457 -1.693142 0.000000
vt 0.982457 -1.539220 0.000000
vt 0.818714 -1.539220 0.000000
vt 0.818714 -1.385298 0.000000
vt 1.309942 -1.524172 0.000000
vt 1.146199 -1.539220 0.000000
vt 0.982457 -1.385298 0.000000
vt 0.818714 -1.231376 0.000000
vt 1.146199 -1.385298 0.000000
vt 1.309942 -1.231376 0.000000
vt 1.146199 -1.231376 0.000000
vt 1.146199 -1.077454 0.000000
vt 0.982457 -1.077454 0.000000
vt 0.982457 -0.923532 0.000000
vt 0.818714 -0.923532 0.000000
vt 0.818714 -0.769610 0.000000
vt 1.309942 -0.938580 0.000000
vt 1.146199 -0.923532 0.000000
vt 0.982457 -0.769610 0.000000
vt 0.818714 -0.615688 0.000000
vt 1.146199 -0.769610 0.000000
vt 1.309942 -0.640048 0.000000
vt 1.146199 -0.615688 0.000000
vt 1.146199 -0.461766 0.000000
vt 0.982457 -0.461766 0.000000
vt 0.982457 -0.307844 0.000000
vt 0.818714 -0.307844 0.000000
vt 0.818714 -0.153922 0.000000
vt 1.309942 -0.329586 0.000000
vt 1.146199 -0.307844 0.000000
vt 0.982457 -0.153922 0.000000
vt 0.818714 0.000000 0.000000
vt 1.146199 -0.153922 0.000000
vt 1.309942 0.000000 0.000000
vt 1.146199 0.000000 0.000000
vt 1.146199 0.256537 0.000000
vt 0.982457 0.256537 0.000000
vt 0.982457 0.513073 0.000000
vt 0.818714 0.513073 0.000000
vt 0.818714 0.769610 0.000000
vt 1.309942 0.329586 0.000000
vt 1.146199 0.513073 0.000000
vt 0.982457 0.769610 0.000000
vt 0.818714 1.026147 0.000000
vt 1.309942 0.640048 0.000000
vt 1.146199 0.769610 0.000000
vt 0.982457 1.026147 0.000000
vt 0.818714 1.282683 0.000000
vt 1.309942 0.938580 0.000000
vt 1.146199 1.026147 0.000000
vt 0.982457 1.282683 0.000000
vt 0.818714 1.410952 0.000000
vt 1.309942 1.231376 0.000000
vt 1.146199 1.282683 0.000000
vt 0.982457 1.410952 0.000000
vt 0.818714 1.539220 0.000000
vt 1.146199 1.410952 0.000000
vt 1.309942 1.524172 0.000000
vt 1.146199 1.539220 0.000000
vt 1.146199 1.667488 0.000000
vt 0.982457 1.667488 0.000000
vt 0.982457 1.795757 0.000000
vt 0.818714 1.795757 0.000000
vt 0.818714 1.924025 0.000000
vt 1.309942 1.822704 0.000000
vt 1.146199 1.795757 0.000000
vt 0.982457 1.924025 0.000000
vt 0.818714 2.052293 0.000000
vt 1.146199 1.924025 0.000000
vt 1.309942 2.133166 0.000000
vt 1.146199 2.052293 0.000000
vt 0.491228 2.052293 0.000000
vt 0.491228 1.924025 0.000000
vt 0.982457 2.052293 0.000000
vt 0.818714 1.667488 0.000000
vt 0.245614 1.539220 0.000000
vt 0.245614 1.410952 0.000000
vt 0.245614 1.282683 0.000000
vt 0.245614 1.026147 0.000000
vt 0.245614 0.769610 0.000000
vt 0.245614 0.513073 0.000000
vt 0.245614 0.256537 0.000000
vt 0.245614 0.000000 0.000000
vt 0.245614 -0.153922 0.000000
vt 0.245614 -0.307844 0.000000
vt 0.245614 -0.461766 0.000000
vt 0.245614 -0.615688 0.000000
vt 0.245614 -0.769610 0.000000
vt 0.245614 -0.923532 0.000000
vt 0.245614 -1.077454 0.000000
vt 0.245614 -1.231376 0.000000
vt 0.245614 -1.385298 0.000000
vt 0.245614 -1.539220 0.000000
vt 0.327486 1.539220 0.000000
vt 0.327486 1.410952 0.000000
vt 0.327486 1.282683 0.000000
vt 0.327486 1.026147 0.000000
vt 0.327486 0.769610 0.000000
vt 0.327486 0.513073 0.000000
vt 0.327486 0.256537 0.000000
vt 0.327486 0.000000 0.000000
vt 0.327486 -0.153922 0.000000
vt 0.327486 -0.307844 0.000000
vt 0.327486 -0.461766 0.000000
vt 0.327486 -0.615688 0.000000
vt 0.327486 -0.769610 0.000000
vt 0.327486 -0.923532 0.000000
vt 0.327486 -1.077454 0.000000
vt 0.327486 -1.231376 0.000000
vt 0.327486 -1.385298 0.000000
vt 0.327486 -1.539220 0.000000
vt 0.327486 -1.693142 0.000000
vt 0.409357 1.539220 0.000000
vt 0.409357 1.410952 0.000000
vt 0.409357 1.282683 0.000000
vt 0.409357 1.026147 0.000000
vt 0.409357 0.769610 0.000000
vt 0.409357 0.513073 0.000000
vt 0.409357 0.256537 0.000000
vt 0.409357 0.000000 0.000000
vt 0.409357 -0.153922 0.000000
vt 0.409357 -0.307844 0.000000
vt 0.409357 -0.461766 0.000000
vt 0.409357 -0.615688 0.000000
vt 0.409357 -0.769610 0.000000
vt 0.409357 -0.923532 0.000000
vt 0.409357 -1.077454 0.000000
vt 0.409357 -1.231376 0.000000
vt 0.409357 -1.385298 0.000000
vt 0.409357 -1.539220 0.000000
vt 0.409357 -1.693142 0.000000
vt 0.409357 -1.847064 0.000000
vt 0.491228 1.539220 0.000000
vt 0.491228 1.410952 0.000000
vt 0.491228 1.282683 0.000000
vt 0.491228 1.026147 0.000000
vt 0.491228 0.769610 0.000000
vt 0.491228 0.513073 0.000000
vt 0.491228 0.256537 0.000000
vt 0.491228 0.000000 0.000000
vt 0.491228 -0.153922 0.000000
vt 0.491228 -0.307844 0.000000
vt 0.491228 -0.461766 0.000000
vt 0.491228 -0.615688 0.000000
vt 0.491228 -0.769610 0.000000
vt 0.491228 -0.923532 0.000000
vt 0.491228 -1.077454 0.000000
vt 0.491228 -1.231376 0.000000
vt 0.491228 -1.385298 0.000000
vt 0.491228 -1.539220 0.000000
vt 0.491228 -1.693142 0.000000
vt 0.491228 -1.847064 0.000000
vt 0.491228 -2.000986 0.000000
vt 0.573100 1.539220 0.000000
vt 0.573100 1.410952 0.000000
vt 0.573100 1.282683 0.000000
vt 0.573100 1.026147 0.000000
vt 0.573100 0.769610 0.000000
vt 0.573100 0.513073 0.000000
vt 0.573100 0.256537 0.000000
vt 0.573100 0.000000 0.000000
vt 0.573100 -0.153922 0.000000
vt 0.573100 -0.307844 0.000000
vt 0.573100 -0.461766 0.000000
vt 0.573100 -0.615688 0.000000
vt 0.573100 -0.769610 0.000000
vt 0.573100 -0.923532 0.000000
vt 0.573100 -1.077454 0.000000
vt 0.573100 -1.231376 0.000000
vt 0.573100 -1.385298 0.000000
vt 0.573100 -1.539220 0.000000
vt 0.573100 -1.693142 0.000000
vt 0.573100 -1.847064 0.000000
vt 0.573100 -2.000986 0.000000
vt 0.573100 -2.154908 0.000000
vt 0.982457 1.539220 0.000000
vt 0.818714 0.256537 0.000000
vt 0.982457 0.000000 0.000000
vt 0.818714 -0.461766 0.000000
vt 0.982457 -0.615688 0.000000
vt 0.818714 -1.077454 0.000000
vt 0.982457 -1.231376 0.000000
vt 0.818714 -1.693142 0.000000
vt 0.818714 -1.847064 0.000000
vt 0.818714 -2.000986 0.000000
vt 0.818714 -2.154908 0.000000
vt 0.982457 -1.847064 0.000000
vt 0.982457 -2.000986 0.000000
vt 0.982457 -2.154908 0.000000
vt 2.396591 0.706858 0.000000
vt -0.183361 0.706858 0.000000
vt 2.396591 0.504899 0.000000
vt -0.183361 0.504899 0.000000
vt 2.396591 0.302939 0.000000
vt -0.183361 0.302939 0.000000
vt 2.396591 0.100980 0.000000
vt -0.183361 0.100980 0.000000
vt 2.396591 -0.100980 0.000000
vt -0.183361 -0.100980 0.000000
vt 2.396591 -0.302939 0.000000
vt -0.183361 -0.302939 0.000000
vt 2.396591 -0.504899 0.000000
vt -0.183361 -0.504899 0.000000
vt 2.396591 -0.706858 0.000000
vt -0.183361 -0.706858 0.000000
vt 0.415193 1.724905 0.000000
vt 0.379830 1.658408 0.000000
vt 0.352094 1.591169 0.000000
vt 0.255345 1.658408 0.000000
vt 0.209114 1.651296 0.000000
vt 0.255345 1.715992 0.000000
vt 0.127756 1.715992 0.000000
vt 0.127756 1.773575 0.000000
vt 0.057390 1.706256 0.000000
vt 0.000167 1.773575 0.000000
vt -0.100459 1.760098 0.000000
vt -0.127422 1.773575 0.000000
vt -0.249564 1.816577 0.000000
vt -0.127422 1.888743 0.000000
vt -0.255011 1.888743 0.000000
vt -0.255011 2.003910 0.000000
vt -0.382600 2.003910 0.000000
vt -0.382600 2.119077 0.000000
vt -0.510189 2.119077 0.000000
vt -0.510189 2.234244 0.000000
vt -0.637778 2.234244 0.000000
vt -0.637778 2.349412 0.000000
vt -0.765367 2.211211 0.000000
vt -0.632757 2.379080 0.000000
vt -0.510189 2.349412 0.000000
vt -0.510189 2.464579 0.000000
vt -0.382600 2.349412 0.000000
vt -0.382600 2.464579 0.000000
vt -0.255011 2.349412 0.000000
vt -0.255011 2.464579 0.000000
vt -0.127422 2.349412 0.000000
vt -0.127422 2.464579 0.000000
vt 0.000167 2.349412 0.000000
vt 0.000167 2.464579 0.000000
vt 0.127756 2.349412 0.000000
vt 0.127756 2.464579 0.000000
vt 0.255345 2.349412 0.000000
vt 0.255345 2.464579 0.000000
vt 0.379830 2.349412 0.000000
vt 0.379830 2.464579 0.000000
vt 0.493870 2.390029 0.000000
vt 0.463409 2.551430 0.000000
vt 0.463409 1.870992 0.000000
vt 0.379830 1.773575 0.000000
vt 0.379830 1.715992 0.000000
vt 0.493870 2.032393 0.000000
vt 0.379830 2.003910 0.000000
vt 0.379830 1.888743 0.000000
vt 0.255345 1.888743 0.000000
vt 0.255345 1.773575 0.000000
vt 0.127756 1.888743 0.000000
vt 0.000167 1.888743 0.000000
vt 0.379830 2.119077 0.000000
vt 0.504314 2.211211 0.000000
vt 0.379830 2.234244 0.000000
vt 0.415193 2.697517 0.000000
vt 0.379830 2.642623 0.000000
vt 0.379830 2.579746 0.000000
vt 0.255345 2.579746 0.000000
vt 0.127756 2.579746 0.000000
vt 0.000167 2.579746 0.000000
vt -0.127422 2.579746 0.000000
vt -0.255011 2.579746 0.000000
vt -0.330963 2.570729 0.000000
vt -0.486623 2.488936 0.000000
vt 0.379830 2.705499 0.000000
vt 0.385322 2.765718 0.000000
vt 0.352094 2.831253 0.000000
vt 0.255345 2.705499 0.000000
vt 0.188019 2.763062 0.000000
vt 0.127756 2.705499 0.000000
vt 0.012136 2.700830 0.000000
vt 0.127756 2.642623 0.000000
vt 0.000167 2.642623 0.000000
vt -0.127422 2.642623 0.000000
vt -0.165486 2.638673 0.000000
vt -0.709576 2.127517 0.000000
vt -0.637778 2.119077 0.000000
vt -0.650229 2.060250 0.000000
vt -0.510189 2.003910 0.000000
vt -0.524105 1.957531 0.000000
vt -0.382600 1.888743 0.000000
vt -0.390412 1.880174 0.000000
vt 0.255345 2.003910 0.000000
vt 0.255345 2.119077 0.000000
vt 0.255345 2.234244 0.000000
vt 0.127756 2.003910 0.000000
vt 0.127756 2.119077 0.000000
vt 0.127756 2.234244 0.000000
vt 0.000167 2.003910 0.000000
vt 0.000167 2.119077 0.000000
vt 0.000167 2.234244 0.000000
vt -0.127422 2.003910 0.000000
vt -0.127422 2.119077 0.000000
vt -0.127422 2.234244 0.000000
vt -0.255011 2.119077 0.000000
vt -0.382600 2.234244 0.000000
vt -0.255011 2.234244 0.000000
vt 0.255345 2.642623 0.000000
vt -0.415185 1.724905 0.000000
vt -0.352087 1.591169 0.000000
vt -0.314393 1.658408 0.000000
vt -0.209110 1.651296 0.000000
vt -0.219438 1.658408 0.000000
vt -0.219438 1.773575 0.000000
vt -0.314393 1.773575 0.000000
vt -0.314393 1.888743 0.000000
vt -0.409349 1.888743 0.000000
vt -0.409349 2.003910 0.000000
vt -0.463401 1.870992 0.000000
vt -0.493861 2.032393 0.000000
vt -0.409349 2.119077 0.000000
vt -0.504305 2.211211 0.000000
vt -0.409349 2.234244 0.000000
vt -0.409349 2.349412 0.000000
vt -0.314393 2.234244 0.000000
vt -0.314393 2.349412 0.000000
vt -0.219438 2.234244 0.000000
vt -0.219438 2.349412 0.000000
vt -0.124482 2.234244 0.000000
vt -0.124482 2.349412 0.000000
vt -0.029526 2.234244 0.000000
vt -0.029526 2.349412 0.000000
vt 0.065429 2.234244 0.000000
vt 0.065429 2.349412 0.000000
vt 0.160385 2.234244 0.000000
vt 0.160385 2.349412 0.000000
vt 0.255340 2.234244 0.000000
vt 0.255340 2.349412 0.000000
vt 0.382843 2.234244 0.000000
vt 0.382843 2.349412 0.000000
vt 0.510346 2.234244 0.000000
vt 0.510346 2.349412 0.000000
vt 0.637849 2.234244 0.000000
vt 0.637849 2.349412 0.000000
vt 0.765352 2.211211 0.000000
vt 0.632745 2.379080 0.000000
vt -0.124482 1.773575 0.000000
vt -0.057389 1.706256 0.000000
vt -0.029526 1.773575 0.000000
vt 0.100457 1.760098 0.000000
vt 0.065429 1.773575 0.000000
vt 0.065429 1.888743 0.000000
vt -0.029526 1.888743 0.000000
vt -0.029526 2.003910 0.000000
vt -0.124482 2.003910 0.000000
vt -0.124482 2.119077 0.000000
vt -0.219438 2.119077 0.000000
vt 0.160385 1.888743 0.000000
vt 0.249559 1.816577 0.000000
vt 0.255340 1.888743 0.000000
vt 0.390404 1.880174 0.000000
vt 0.382843 1.888743 0.000000
vt 0.524095 1.957531 0.000000
vt 0.382843 2.003910 0.000000
vt 0.510346 2.003910 0.000000
vt 0.382843 2.119077 0.000000
vt 0.510346 2.119077 0.000000
vt 0.650217 2.060250 0.000000
vt 0.637849 2.119077 0.000000
vt 0.709563 2.127517 0.000000
vt 0.486614 2.488936 0.000000
vt 0.510346 2.464579 0.000000
vt 0.382843 2.464579 0.000000
vt 0.330957 2.570729 0.000000
vt 0.255340 2.464579 0.000000
vt 0.255340 2.579746 0.000000
vt 0.160385 2.579746 0.000000
vt 0.165483 2.638673 0.000000
vt 0.065429 2.579746 0.000000
vt -0.012135 2.700830 0.000000
vt -0.029526 2.579746 0.000000
vt -0.029526 2.705499 0.000000
vt -0.124482 2.705499 0.000000
vt -0.188015 2.763062 0.000000
vt -0.219438 2.705499 0.000000
vt -0.352087 2.831253 0.000000
vt -0.314393 2.705499 0.000000
vt -0.385315 2.765718 0.000000
vt -0.409349 2.705499 0.000000
vt -0.415185 2.697517 0.000000
vt -0.409349 2.579746 0.000000
vt -0.463401 2.551430 0.000000
vt -0.409349 2.464579 0.000000
vt -0.493861 2.390029 0.000000
vt -0.409349 1.773575 0.000000
vt -0.124482 1.888743 0.000000
vt -0.219438 1.888743 0.000000
vt 0.255340 2.003910 0.000000
vt 0.255340 2.119077 0.000000
vt 0.160385 2.003910 0.000000
vt 0.160385 2.119077 0.000000
vt 0.065429 2.003910 0.000000
vt 0.065429 2.119077 0.000000
vt -0.219438 2.003910 0.000000
vt -0.314393 2.003910 0.000000
vt -0.029526 2.119077 0.000000
vt -0.314393 2.119077 0.000000
vt -0.314393 2.464579 0.000000
vt -0.314393 2.579746 0.000000
vt -0.219438 2.464579 0.000000
vt -0.219438 2.579746 0.000000
vt -0.124482 2.464579 0.000000
vt -0.124482 2.579746 0.000000
vt -0.029526 2.464579 0.000000
vt 0.065429 2.464579 0.000000
vt 0.160385 2.464579 0.000000
vt 1.290897 0.706858 0.000000
vt -1.289054 0.706858 0.000000
vt 1.290897 0.504899 0.000000
vt -1.289054 0.504899 0.000000
vt 1.290897 0.302939 0.000000
vt -1.289054 0.302939 0.000000
vt 1.290897 0.100980 0.000000
vt -1.289054 0.100980 0.000000
vt 1.290897 -0.100980 0.000000
vt -1.289054 -0.100980 0.000000
vt 1.290897 -0.302939 0.000000
vt -1.289054 -0.302939 0.000000
vt 1.290897 -0.504899 0.000000
vt -1.289054 -0.504899 0.000000
vt 1.290897 -0.706858 0.000000
vt -1.289054 -0.706858 0.000000
vt -0.000000 2.462752 0.000000
vt -0.199417 2.462752 0.000000
vt -0.000000 2.295062 0.000000
vt -0.163738 2.257523 0.000000
vt -0.000000 2.133166 0.000000
vt -0.163738 2.052293 0.000000
vt -0.000000 1.976025 0.000000
vt -0.163738 1.924025 0.000000
vt -0.000000 1.822704 0.000000
vt -0.163738 1.795757 0.000000
vt -0.000000 1.672350 0.000000
vt -0.163738 1.667488 0.000000
vt -0.163738 1.539220 0.000000
vt -0.327475 1.667488 0.000000
vt -0.327475 1.539220 0.000000
vt -0.409344 1.667488 0.000000
vt -0.409344 1.539220 0.000000
vt -0.491213 1.667488 0.000000
vt -0.491213 1.539220 0.000000
vt -0.654951 1.667488 0.000000
vt -0.654951 1.539220 0.000000
vt -0.818688 1.667488 0.000000
vt -0.818688 1.539220 0.000000
vt -0.982426 1.667488 0.000000
vt -0.982426 1.539220 0.000000
vt -1.146164 1.667488 0.000000
vt -1.146164 1.539220 0.000000
vt -1.309901 1.524172 0.000000
vt -1.146164 1.410952 0.000000
vt -1.309901 1.231376 0.000000
vt -1.146164 1.282683 0.000000
vt -1.146164 1.026147 0.000000
vt -0.982426 1.026147 0.000000
vt -0.982426 0.769610 0.000000
vt -0.818688 0.769610 0.000000
vt -0.818688 0.513073 0.000000
vt -0.654951 0.513073 0.000000
vt -0.654951 0.256537 0.000000
vt -0.491213 0.256537 0.000000
vt -0.491213 0.000000 0.000000
vt -0.409344 0.000000 0.000000
vt -0.409344 -0.153922 0.000000
vt -0.327475 -0.153922 0.000000
vt -0.327475 -0.307844 0.000000
vt -0.163738 -0.307844 0.000000
vt -0.163738 -0.461766 0.000000
vt -0.000000 -0.329586 0.000000
vt -0.000000 -0.486727 0.000000
vt -0.163738 -0.615688 0.000000
vt -0.000000 -0.640048 0.000000
vt -0.163738 -0.769610 0.000000
vt -0.000000 -0.790402 0.000000
vt -0.163738 -0.923532 0.000000
vt -0.000000 -0.938580 0.000000
vt -0.163738 -1.077454 0.000000
vt -0.000000 -1.085331 0.000000
vt -0.163738 -1.231376 0.000000
vt -0.000000 -1.231376 0.000000
vt -0.000000 -1.377420 0.000000
vt -0.163738 -1.385298 0.000000
vt -0.000000 -1.524172 0.000000
vt -0.163738 -1.539220 0.000000
vt -0.000000 -1.672350 0.000000
vt -0.163738 -1.693142 0.000000
vt -0.000000 -1.822704 0.000000
vt -0.163738 -1.847064 0.000000
vt -0.000000 -1.976025 0.000000
vt -0.163738 -2.000986 0.000000
vt -0.000000 -2.133166 0.000000
vt -0.163738 -2.154908 0.000000
vt -0.000000 -2.295062 0.000000
vt -0.163738 -2.308830 0.000000
vt -0.000000 -2.462752 0.000000
vt -0.199417 -2.462752 0.000000
vt -0.327475 -2.308830 0.000000
vt -0.386296 -2.462752 0.000000
vt -0.409344 -2.308830 0.000000
vt -0.491213 -2.308830 0.000000
vt -0.491213 -2.154908 0.000000
vt -0.654951 -2.154908 0.000000
vt -0.654951 -2.000986 0.000000
vt -0.818688 -2.000986 0.000000
vt -0.818688 -1.847064 0.000000
vt -0.982426 -1.847064 0.000000
vt -0.982426 -1.693142 0.000000
vt -1.146164 -1.693142 0.000000
vt -1.146164 -1.539220 0.000000
vt -1.309901 -1.524172 0.000000
vt -1.146164 -1.385298 0.000000
vt -1.309901 -1.231376 0.000000
vt -1.146164 -1.231376 0.000000
vt -1.146164 -1.077454 0.000000
vt -0.982426 -1.231376 0.000000
vt -0.982426 -1.077454 0.000000
vt -0.818688 -1.231376 0.000000
vt -0.818688 -1.077454 0.000000
vt -0.654951 -1.231376 0.000000
vt -0.654951 -1.077454 0.000000
vt -0.491213 -1.231376 0.000000
vt -0.491213 -1.077454 0.000000
vt -0.409344 -1.231376 0.000000
vt -0.409344 -1.077454 0.000000
vt -0.327475 -1.231376 0.000000
vt -0.327475 -1.077454 0.000000
vt -0.327475 2.257523 0.000000
vt -0.386296 2.462752 0.000000
vt -0.409344 2.257523 0.000000
vt -0.491213 2.257523 0.000000
vt -0.409344 2.052293 0.000000
vt -0.491213 2.052293 0.000000
vt -0.409344 1.924025 0.000000
vt -0.491213 1.924025 0.000000
vt -0.409344 1.795757 0.000000
vt -0.491213 1.795757 0.000000
vt -0.566153 2.462752 0.000000
vt -0.654951 2.257523 0.000000
vt -0.654951 2.052293 0.000000
vt -0.654951 1.924025 0.000000
vt -0.654951 1.795757 0.000000
vt -0.743748 2.462752 0.000000
vt -0.818688 2.257523 0.000000
vt -0.818688 2.052293 0.000000
vt -0.818688 1.924025 0.000000
vt -0.818688 1.795757 0.000000
vt -0.923606 2.462752 0.000000
vt -0.982426 2.257523 0.000000
vt -0.982426 2.052293 0.000000
vt -0.982426 1.924025 0.000000
vt -0.982426 1.795757 0.000000
vt -1.110484 2.462752 0.000000
vt -1.146164 2.257523 0.000000
vt -1.146164 2.052293 0.000000
vt -1.146164 1.924025 0.000000
vt -1.146164 1.795757 0.000000
vt -1.309901 2.462752 0.000000
vt -1.309901 2.295062 0.000000
vt -1.309901 2.133166 0.000000
vt -1.309901 1.822704 0.000000
vt -1.309901 0.938580 0.000000
vt -1.146164 0.769610 0.000000
vt -0.982426 0.513073 0.000000
vt -0.818688 0.256537 0.000000
vt -0.654951 0.000000 0.000000
vt -0.491213 -0.153922 0.000000
vt -0.409344 -0.307844 0.000000
vt -0.327475 -0.461766 0.000000
vt -1.309901 0.640048 0.000000
vt -1.146164 0.513073 0.000000
vt -0.982426 0.256537 0.000000
vt -0.818688 0.000000 0.000000
vt -0.654951 -0.153922 0.000000
vt -0.491213 -0.307844 0.000000
vt -0.409344 -0.461766 0.000000
vt -0.327475 -0.615688 0.000000
vt -1.309901 0.329586 0.000000
vt -1.146164 0.256537 0.000000
vt -0.982426 0.000000 0.000000
vt -0.818688 -0.153922 0.000000
vt -0.654951 -0.307844 0.000000
vt -0.491213 -0.461766 0.000000
vt -0.409344 -0.615688 0.000000
vt -0.327475 -0.769610 0.000000
vt -1.309901 0.000000 0.000000
vt -1.146164 0.000000 0.000000
vt -0.982426 -0.153922 0.000000
vt -0.818688 -0.307844 0.000000
vt -0.654951 -0.461766 0.000000
vt -0.491213 -0.615688 0.000000
vt -0.409344 -0.769610 0.000000
vt -0.327475 -0.923532 0.000000
vt -1.146164 -0.153922 0.000000
vt -1.309901 -0.329586 0.000000
vt -1.146164 -0.307844 0.000000
vt -1.146164 -0.461766 0.000000
vt -0.982426 -0.461766 0.000000
vt -0.982426 -0.615688 0.000000
vt -0.818688 -0.615688 0.000000
vt -0.818688 -0.769610 0.000000
vt -0.654951 -0.769610 0.000000
vt -0.654951 -0.923532 0.000000
vt -0.491213 -0.923532 0.000000
vt -1.309901 -0.640048 0.000000
vt -1.146164 -0.615688 0.000000
vt -0.982426 -0.769610 0.000000
vt -0.818688 -0.923532 0.000000
vt -1.146164 -0.769610 0.000000
vt -1.309901 -0.938580 0.000000
vt -1.146164 -0.923532 0.000000
vt -1.309901 -1.822704 0.000000
vt -1.146164 -1.847064 0.000000
vt -0.982426 -2.000986 0.000000
vt -0.818688 -2.154908 0.000000
vt -0.654951 -2.308830 0.000000
vt -0.566153 -2.462752 0.000000
vt -1.146164 -2.000986 0.000000
vt -1.309901 -2.133166 0.000000
vt -1.146164 -2.154908 0.000000
vt -1.309901 -2.295062 0.000000
vt -1.146164 -2.308830 0.000000
vt -1.309901 -2.462752 0.000000
vt -1.110484 -2.462752 0.000000
vt -0.982426 -2.308830 0.000000
vt -0.923606 -2.462752 0.000000
vt -0.818688 -2.308830 0.000000
vt -0.743748 -2.462752 0.000000
vt -0.000000 -0.167689 0.000000
vt -0.163738 -0.153922 0.000000
vt -0.327475 0.000000 0.000000
vt -0.409344 0.256537 0.000000
vt -0.491213 0.513073 0.000000
vt -0.654951 0.769610 0.000000
vt -0.818688 1.026147 0.000000
vt -0.982426 1.282683 0.000000
vt -0.000000 0.000000 0.000000
vt -0.163738 0.000000 0.000000
vt -0.327475 0.256537 0.000000
vt -0.409344 0.513073 0.000000
vt -0.491213 0.769610 0.000000
vt -0.654951 1.026147 0.000000
vt -0.818688 1.282683 0.000000
vt -0.982426 1.410952 0.000000
vt -0.000000 0.167689 0.000000
vt -0.163738 0.256537 0.000000
vt -0.327475 0.513073 0.000000
vt -0.409344 0.769610 0.000000
vt -0.491213 1.026147 0.000000
vt -0.654951 1.282683 0.000000
vt -0.818688 1.410952 0.000000
vt -0.000000 0.329586 0.000000
vt -0.163738 0.513073 0.000000
vt -0.327475 0.769610 0.000000
vt -0.409344 1.026147 0.000000
vt -0.491213 1.282683 0.000000
vt -0.654951 1.410952 0.000000
vt -0.000000 0.486727 0.000000
vt -0.000000 0.640048 0.000000
vt -0.163738 0.769610 0.000000
vt -0.000000 0.790402 0.000000
vt -0.000000 0.938580 0.000000
vt -0.163738 1.026147 0.000000
vt -0.000000 1.085331 0.000000
vt -0.163738 1.282683 0.000000
vt -0.000000 1.231376 0.000000
vt -0.000000 1.377420 0.000000
vt -0.163738 1.410952 0.000000
vt -0.000000 1.524172 0.000000
vt -0.327475 2.052293 0.000000
vt -0.327475 1.924025 0.000000
vt -0.327475 1.795757 0.000000
vt -0.491213 1.410952 0.000000
vt -0.409344 1.410952 0.000000
vt -0.409344 1.282683 0.000000
vt -0.327475 1.410952 0.000000
vt -0.327475 1.282683 0.000000
vt -0.327475 1.026147 0.000000
vt -0.982426 -0.307844 0.000000
vt -0.818688 -0.461766 0.000000
vt -0.654951 -0.615688 0.000000
vt -0.491213 -0.769610 0.000000
vt -0.409344 -0.923532 0.000000
vt -0.982426 -0.923532 0.000000
vt -0.982426 -1.385298 0.000000
vt -0.982426 -1.539220 0.000000
vt -0.818688 -1.385298 0.000000
vt -0.818688 -1.539220 0.000000
vt -0.818688 -1.693142 0.000000
vt -0.654951 -1.385298 0.000000
vt -0.654951 -1.539220 0.000000
vt -0.654951 -1.693142 0.000000
vt -0.654951 -1.847064 0.000000
vt -0.491213 -1.385298 0.000000
vt -0.491213 -1.539220 0.000000
vt -0.491213 -1.693142 0.000000
vt -0.491213 -1.847064 0.000000
vt -0.491213 -2.000986 0.000000
vt -0.409344 -1.385298 0.000000
vt -0.409344 -1.539220 0.000000
vt -0.409344 -1.693142 0.000000
vt -0.409344 -1.847064 0.000000
vt -0.409344 -2.000986 0.000000
vt -0.409344 -2.154908 0.000000
vt -0.327475 -1.385298 0.000000
vt -0.327475 -1.539220 0.000000
vt -0.327475 -1.693142 0.000000
vt -0.327475 -1.847064 0.000000
vt -0.327475 -2.000986 0.000000
vt -0.327475 -2.154908 0.000000
vt -0.982426 -2.154908 0.000000
vt -0.183361 -0.706858 0.000000
vt 2.396591 -0.706858 0.000000
vt -0.183361 -0.504899 0.000000
vt 2.396591 -0.504899 0.000000
vt -0.183361 -0.302939 0.000000
vt 2.396591 -0.302939 0.000000
vt -0.183361 -0.100980 0.000000
vt 2.396591 -0.100980 0.000000
vt -0.183361 0.100980 0.000000
vt 2.396591 0.100980 0.000000
vt -0.183361 0.302939 0.000000
vt 2.396591 0.302939 0.000000
vt -0.183361 0.504899 0.000000
vt 2.396591 0.504899 0.000000
vt -0.183361 0.706858 0.000000
vt 2.396591 0.706858 0.000000
vt -0.602500 -2.483804 0.000000
vt -0.402500 -2.483804 0.000000
vt -0.602500 -2.406185 0.000000
vt -0.402500 -2.406185 0.000000
vt -0.402500 -2.328566 0.000000
vt -0.602500 -2.328566 0.000000
vt -0.402500 -2.173328 0.000000
vt -0.602500 -2.173328 0.000000
vt -0.402500 -2.018091 0.000000
vt -0.602500 -2.018091 0.000000
vt -0.402500 -1.862853 0.000000
vt -0.602500 -1.862853 0.000000
vt -0.402500 -1.707615 0.000000
vt -0.602500 -1.707615 0.000000
vt -0.402500 -1.552377 0.000000
vt -0.602500 -1.552377 0.000000
vt -0.402500 -1.397140 0.000000
vt -0.602500 -1.397140 0.000000
vt -0.402500 -1.241902 0.000000
vt -0.602500 -1.241902 0.000000
vt -0.400000 0.000000 0.000000
vt -0.600000 -0.000000 0.000000
vt -0.400000 -0.077617 0.000000
vt -0.600000 -0.077617 0.000000
vt -0.600000 -0.155233 0.000000
vt -0.400000 -0.155233 0.000000
vt -0.600000 -0.310466 0.000000
vt -0.400000 -0.310466 0.000000
vt -0.600000 -0.465699 0.000000
vt -0.400000 -0.465699 0.000000
vt -0.600000 -0.620933 0.000000
vt -0.400000 -0.620933 0.000000
vt -0.600000 -0.776166 0.000000
vt -0.400000 -0.776166 0.000000
vt -0.600000 -0.931399 0.000000
vt -0.400000 -0.931399 0.000000
vt -0.600000 -1.086632 0.000000
vt -0.400000 -1.086632 0.000000
vt -0.600000 -1.241865 0.000000
vt -0.400000 -1.241865 0.000000
vt -0.600000 -2.483804 0.000000
vt -0.400000 -2.483804 0.000000
vt -0.600000 -2.406185 0.000000
vt -0.400000 -2.406185 0.000000
vt -0.400000 -2.328566 0.000000
vt -0.600000 -2.328566 0.000000
vt -0.400000 -2.173328 0.000000
vt -0.600000 -2.173328 0.000000
vt -0.400000 -2.018091 0.000000
vt -0.600000 -2.018091 0.000000
vt -0.400000 -1.862853 0.000000
vt -0.600000 -1.862853 0.000000
vt -0.400000 -1.707615 0.000000
vt -0.600000 -1.707615 0.000000
vt -0.400000 -1.552377 0.000000
vt -0.600000 -1.552377 0.000000
vt -0.400000 -1.397140 0.000000
vt -0.600000 -1.397140 0.000000
vt -0.400000 -1.241902 0.000000
vt -0.600000 -1.241902 0.000000
vt 0.402500 -2.483804 0.000000
vt 0.602500 -2.483804 0.000000
vt 0.402500 -2.406185 0.000000
vt 0.602500 -2.406185 0.000000
vt 0.602500 -2.328566 0.000000
vt 0.402500 -2.328566 0.000000
vt 0.602500 -2.173328 0.000000
vt 0.402500 -2.173328 0.000000
vt 0.602500 -2.018091 0.000000
vt 0.402500 -2.018091 0.000000
vt 0.602500 -1.862853 0.000000
vt 0.402500 -1.862853 0.000000
vt 0.602500 -1.707615 0.000000
vt 0.402500 -1.707615 0.000000
vt 0.602500 -1.552377 0.000000
vt 0.402500 -1.552377 0.000000
vt 0.602500 -1.397140 0.000000
vt 0.402500 -1.397140 0.000000
vt 0.602500 -1.241902 0.000000
vt 0.402500 -1.241902 0.000000
vt -0.402500 -0.000000 0.000000
vt -0.602500 -0.000000 0.000000
vt -0.402500 -0.077617 0.000000
vt -0.602500 -0.077617 0.000000
vt -0.602500 -0.155233 0.000000
vt -0.402500 -0.155233 0.000000
vt -0.602500 -0.310466 0.000000
vt -0.402500 -0.310466 0.000000
vt -0.602500 -0.465699 0.000000
vt -0.402500 -0.465699 0.000000
vt -0.602500 -0.620933 0.000000
vt -0.402500 -0.620933 0.000000
vt -0.602500 -0.776166 0.000000
vt -0.402500 -0.776166 0.000000
vt -0.602500 -0.931399 0.000000
vt -0.402500 -0.931399 0.000000
vt -0.602500 -1.086632 0.000000
vt -0.402500 -1.086632 0.000000
vt -0.602500 -1.241865 0.000000
vt -0.402500 -1.241865 0.000000
vt -0.400000 -0.000000 0.000000
vt -0.600000 -0.000000 0.000000
vt -0.400000 -0.077617 0.000000
vt -0.600000 -0.077617 0.000000
vt -0.600000 -0.155233 0.000000
vt -0.400000 -0.155233 0.000000
vt -0.600000 -0.310466 0.000000
vt -0.400000 -0.310466 0.000000
vt -0.600000 -0.465699 0.000000
vt -0.400000 -0.465699 0.000000
vt -0.600000 -0.620933 0.000000
vt -0.400000 -0.620933 0.000000
vt -0.600000 -0.776166 0.000000
vt -0.400000 -0.776166 0.000000
vt -0.600000 -0.931399 0.000000
vt -0.400000 -0.931399 0.000000
vt -0.600000 -1.086632 0.000000
vt -0.400000 -1.086632 0.000000
vt -0.600000 -1.241865 0.000000
vt -0.400000 -1.241865 0.000000
vt 0.602500 -0.000000 0.000000
vt 0.402500 -0.000000 0.000000
vt 0.602500 -0.077617 0.000000
vt 0.402500 -0.077617 0.000000
vt 0.402500 -0.155233 0.000000
vt 0.602500 -0.155233 0.000000
vt 0.402500 -0.310466 0.000000
vt 0.602500 -0.310466 0.000000
vt 0.402500 -0.465699 0.000000
vt 0.602500 -0.465699 0.000000
vt 0.402500 -0.620933 0.000000
vt 0.602500 -0.620933 0.000000
vt 0.402500 -0.776166 0.000000
vt 0.602500 -0.776166 0.000000
vt 0.402500 -0.931399 0.000000
vt 0.602500 -0.931399 0.000000
vt 0.402500 -1.086632 0.000000
vt 0.602500 -1.086632 0.000000
vt 0.402500 -1.241865 0.000000
vt 0.602500 -1.241865 0.000000
vt 0.000000 0.900000 0.000000
vt 2.579951 0.900000 0.000000
vt 0.000000 1.100000 0.000000
vt 2.579951 1.100000 0.000000
vt -2.213230 -0.905000 0.000000
vt -2.213230 -1.105000 0.000000
vt -0.296694 -0.905000 0.000000
vt 0.366722 -1.105000 0.000000
vt 0.678428 -1.020887 0.000000
vt 0.446559 -1.099679 0.000000
vt 0.525628 -1.083768 0.000000
vt 0.819249 -0.918774 0.000000
vt 0.942680 -0.781353 0.000000
vt 1.043977 -0.613905 0.000000
vt 1.119247 -0.422865 0.000000
vt 1.165598 -0.215575 0.000000
vt 1.181249 0.000000 0.000000
vt -0.296694 0.905000 0.000000
vt 1.165598 0.215575 0.000000
vt 1.119247 0.422865 0.000000
vt 1.043977 0.613905 0.000000
vt 0.942680 0.781353 0.000000
vt 0.819249 0.918774 0.000000
vt 0.678428 1.020887 0.000000
vt 0.366722 1.105000 0.000000
vt -2.213230 1.105000 0.000000
vt 0.525628 1.083768 0.000000
vt 0.446559 1.099679 0.000000
vt -2.213230 0.905000 0.000000
vt 0.000000 -1.100000 0.000000
vt 1.474258 -1.100000 0.000000
vt 0.000000 -0.900000 0.000000
vt 1.474258 -0.900000 0.000000
vt -0.100000 -0.100000 0.000000
vt 0.100000 -0.100000 0.000000
vt -0.100000 0.100000 0.000000
vt 0.100000 0.100000 0.000000
vt -0.100000 -0.100000 0.000000
vt 0.100000 -0.100000 0.000000
vt -0.100000 0.100000 0.000000
vt 0.100000 0.100000 0.000000
vt -1.474258 0.900000 0.000000
vt 0.000000 0.900000 0.000000
vt -1.474258 1.100000 0.000000
vt 0.000000 1.100000 0.000000
vt -1.100000 0.000000 0.000000
vt -0.900000 0.000000 0.000000
vt -1.100000 0.196840 0.000000
vt -0.900000 0.196840 0.000000
vt -0.900000 0.393681 0.000000
vt -1.100000 0.393681 0.000000
vt -0.900000 0.590521 0.000000
vt -1.100000 0.590521 0.000000
vt -1.100000 0.787362 0.000000
vt -0.900000 0.787362 0.000000
vt -0.900000 0.984202 0.000000
vt -1.100000 0.984202 0.000000
vt -0.900000 1.181042 0.000000
vt -1.100000 1.181042 0.000000
vt -0.900000 1.377883 0.000000
vt -1.100000 1.377883 0.000000
vt -1.100000 1.574723 0.000000
vt -0.900000 1.574723 0.000000
vt -0.900000 1.771564 0.000000
vt -1.100000 1.771564 0.000000
vt -0.900000 1.968404 0.000000
vt -1.100000 1.968404 0.000000
vt -1.100000 2.165245 0.000000
vt -0.900000 2.165245 0.000000
vt -0.900000 2.362085 0.000000
vt -1.100000 2.362085 0.000000
vt -0.900000 2.558925 0.000000
vt -1.100000 2.558925 0.000000
vt -0.900000 2.755766 0.000000
vt -1.100000 2.755766 0.000000
vt -1.100000 2.952606 0.000000
vt -0.900000 2.952606 0.000000
vt -0.900000 3.149447 0.000000
vt -1.100000 3.149447 0.000000
vt -0.900000 3.346287 0.000000
vt -1.100000 3.346287 0.000000
vt -1.100000 3.543127 0.000000
vt -0.900000 3.543127 0.000000
vt -0.900000 3.739968 0.000000
vt -1.100000 3.739968 0.000000
vt -0.900000 3.936808 0.000000
vt -1.100000 3.936808 0.000000
vt -0.900000 4.133649 0.000000
vt -1.100000 4.133649 0.000000
vt -1.100000 4.330489 0.000000
vt -0.900000 4.330489 0.000000
vt -0.900000 4.527330 0.000000
vt -1.100000 4.527330 0.000000
vt -0.900000 4.724170 0.000000
vt -1.100000 4.724170 0.000000
vt -1.100000 4.921010 0.000000
vt -0.900000 4.921010 0.000000
vt -0.900000 5.117851 0.000000
vt -1.100000 5.117851 0.000000
vt -0.900000 5.314691 0.000000
vt -1.100000 5.314691 0.000000
vt -0.900000 5.511532 0.000000
vt -1.100000 5.511532 0.000000
vt -1.100000 5.708372 0.000000
vt -0.900000 5.708372 0.000000
vt -0.900000 5.905212 0.000000
vt -1.100000 5.905212 0.000000
vt -0.900000 6.102053 0.000000
vt -1.100000 6.102053 0.000000
vt -1.100000 6.298893 0.000000
vt -0.900000 6.298893 0.000000
vt -0.368565 0.900000 0.000000
vt 2.211387 0.900000 0.000000
vt -0.368565 1.100000 0.000000
vt 2.211387 1.100000 0.000000
vt 2.213230 0.905000 0.000000
vt 2.213230 1.105000 0.000000
vt 0.296694 0.905000 0.000000
vt -0.366722 1.105000 0.000000
vt -0.678428 1.020887 0.000000
vt -0.446559 1.099679 0.000000
vt -0.525628 1.083768 0.000000
vt -0.819249 0.918774 0.000000
vt -0.942680 0.781353 0.000000
vt -1.043977 0.613905 0.000000
vt -1.119247 0.422865 0.000000
vt -1.165598 0.215575 0.000000
vt -1.181249 -0.000000 0.000000
vt 0.296694 -0.905000 0.000000
vt -1.165598 -0.215575 0.000000
vt -1.119247 -0.422865 0.000000
vt -1.043977 -0.613905 0.000000
vt -0.942680 -0.781353 0.000000
vt -0.819249 -0.918774 0.000000
vt -0.678428 -1.020887 0.000000
vt -0.366722 -1.105000 0.000000
vt 2.213230 -1.105000 0.000000
vt -0.525628 -1.083768 0.000000
vt -0.446559 -1.099679 0.000000
vt 2.213230 -0.905000 0.000000
vn 1.000000 -0.000000 -0.000000
vn 0.974973 -0.000000 -0.222323
vn 1.000000 -0.000000 -0.000000
vn 0.974969 -0.000000 -0.222340
vn 0.900698 -0.000000 -0.434446
vn 0.900615 -0.000000 -0.434617
vn 0.788076 -0.000000 -0.615577
vn 0.787894 -0.000000 -0.615811
vn 0.653343 -0.000000 -0.757062
vn 0.652888 -0.000000 -0.757454
vn 0.508055 -0.000000 -0.861325
vn 0.507238 -0.000000 -0.861806
vn 0.347965 -0.000000 -0.937507
vn 0.348067 -0.000000 -0.937469
vn 0.176178 -0.000000 -0.984358
vn 0.176031 -0.000000 -0.984385
vn 0.000000 -0.000000 -1.000000
vn 0.000000 -0.000000 -1.000000
vn -0.000000 -0.000000 -1.000000
vn -0.000000 -0.000000 -1.000000
vn -0.000000 -0.000000 -1.000000
vn -0.000000 -0.000000 -1.000000
vn -0.000000 -0.000000 -1.000000
vn -0.000000 -0.000000 -1.000000
vn -0.000000 -0.000000 -1.000000
vn -0.000000 -0.000000 -1.000000
vn -0.000000 -0.000000 -1.000000
vn -0.000000 -0.000000 -1.000000
vn -0.000000 -0.000000 -1.000000
vn -0.000000 -0.000000 -1.000000
vn -0.000000 -0.000000 -1.000000
vn -0.000000 -0.000000 -1.000000
vn -1.000000 0.000000 -0.000000
vn -0.974973 0.000000 -0.222323
vn -1.000000 0.000000 -0.000000
vn -0.974969 0.000000 -0.222340
vn -0.900698 0.000000 -0.434446
vn -0.900615 0.000000 -0.434617
vn -0.788076 0.000000 -0.615577
vn -0.787894 0.000000 -0.615811
vn -0.653343 0.000000 -0.757062
vn -0.652888 0.000000 -0.757454
vn -0.508055 0.000000 -0.861325
vn -0.507238 0.000000 -0.861806
vn -0.347965 0.000000 -0.937507
vn -0.348067 0.000000 -0.937469
vn -0.176178 0.000000 -0.984358
vn -0.176031 0.000000 -0.984385
vn -0.145073 0.000000 -0.989421
vn -0.108328 0.020225 -0.993909
vn 0.000000 0.000000 -1.000000
vn -0.003619 0.067893 -0.997686
vn 0.000000 0.145073 -0.989421
vn -0.028192 0.125401 -0.991705
vn -0.070320 0.243165 -0.967433
vn -0.135114 0.081366 -0.987483
vn -0.182359 0.206312 -0.961343
vn -0.240626 0.036067 -0.969948
vn -0.292468 0.166349 -0.941695
vn -0.292020 0.000000 -0.956412
vn -0.397210 0.124557 -0.909236
vn -0.441847 -0.000000 -0.897090
vn -0.501676 0.078657 -0.861472
vn -0.593349 -0.000000 -0.804946
vn -0.609980 0.025600 -0.792003
vn -0.740909 -0.000000 -0.671605
vn -0.659115 0.148050 -0.737325
vn -0.766349 0.083258 -0.637006
vn -0.806706 0.196988 -0.557154
vn -0.897947 0.113315 -0.425266
vn -0.835995 0.301997 -0.458159
vn -0.921699 0.208109 -0.327355
vn -0.852399 0.398277 -0.338808
vn -0.932171 0.293262 -0.212260
vn -0.852230 0.486929 -0.191323
vn -0.926065 0.370063 -0.073869
vn -0.900969 0.433884 0.000000
vn -0.974928 0.222521 0.000000
vn -0.982081 0.173681 -0.073162
vn -0.978975 0.101228 -0.177091
vn -0.994248 0.044812 -0.097273
vn -0.991191 0.000000 -0.132438
vn -1.000000 0.000000 -0.000000
vn -0.862450 0.008646 -0.506068
vn -0.871788 0.000000 -0.489883
vn -0.965466 -0.000000 -0.260529
vn -0.963274 0.019158 -0.267835
vn -0.829258 0.558521 -0.019643
vn -0.781831 0.623490 -0.000000
vn -0.736797 0.665602 -0.118761
vn -0.623490 0.781831 -0.000000
vn -0.628268 0.749149 -0.209893
vn -0.585881 0.810367 -0.006956
vn -0.471156 0.877609 -0.088396
vn -0.433884 0.900969 0.000000
vn -0.345800 0.923292 -0.167197
vn -0.317807 0.946059 -0.063024
vn -0.180037 0.972788 -0.145846
vn -0.222521 0.974928 -0.000000
vn -0.149069 0.987765 -0.045812
vn -0.000000 1.000000 -0.000000
vn -0.007292 0.991294 -0.131466
vn 0.000000 0.991191 -0.132438
vn -0.037082 0.973651 -0.225009
vn 0.000000 0.965466 -0.260529
vn -0.063199 0.946752 -0.315699
vn 0.000000 0.871788 -0.489883
vn -0.103046 0.870336 -0.481556
vn -0.126339 0.774331 -0.620041
vn -0.265882 0.769757 -0.580328
vn -0.269752 0.660033 -0.701135
vn -0.401106 0.636434 -0.658837
vn -0.387976 0.523538 -0.758540
vn -0.505885 0.487710 -0.711491
vn -0.478372 0.370116 -0.796350
vn -0.589317 0.324782 -0.739745
vn -0.441555 0.247835 -0.862326
vn -0.549159 0.202628 -0.810781
vn 0.000000 0.740909 -0.671605
vn -0.135201 0.670631 -0.729366
vn -0.261843 0.550511 -0.792702
vn -0.364924 0.407241 -0.837249
vn -0.332665 0.287049 -0.898297
vn 0.000000 0.593349 -0.804946
vn -0.132824 0.567518 -0.812577
vn -0.244312 0.438184 -0.865047
vn -0.217556 0.322419 -0.921258
vn -0.121096 0.461775 -0.878692
vn 0.000000 0.441847 -0.897090
vn -0.100143 0.352711 -0.930358
vn 0.000000 0.292020 -0.956412
vn -0.700789 0.267512 -0.661311
vn -0.619850 0.441126 -0.648995
vn -0.523024 0.600917 -0.604437
vn -0.401804 0.748524 -0.527508
vn -0.246005 0.870058 -0.427178
vn -0.732223 0.379743 -0.565372
vn -0.751684 0.484709 -0.447246
vn -0.755514 0.583613 -0.297648
vn -0.639328 0.551762 -0.535554
vn -0.526874 0.711826 -0.464444
vn -0.384767 0.849064 -0.362000
vn -0.206934 0.947253 -0.244725
vn -0.644416 0.658272 -0.389110
vn -0.511206 0.809019 -0.290099
vn -0.224625 0.974445 -0.000000
vn -0.333333 0.942809 -0.000000
vn -0.490769 0.871290 -0.000000
vn -0.633247 0.773949 -0.000000
vn -0.749307 0.662223 -0.000000
vn -0.839994 0.542596 -0.000000
vn -0.900969 0.433884 -0.000000
vn -0.911051 0.412294 -0.000000
vn -0.961505 0.274789 -0.000000
vn -0.974928 0.222521 -0.000000
vn -0.990788 0.135419 -0.000000
vn -0.113037 0.993591 -0.000000
vn -0.000000 1.000000 -0.000000
vn 0.000000 -0.145073 -0.989421
vn -0.005396 -0.071846 -0.997401
vn -0.000000 0.000000 -1.000000
vn -0.110251 -0.024432 -0.993603
vn -0.145073 -0.000000 -0.989421
vn -0.134733 -0.080454 -0.987610
vn -0.240214 -0.035114 -0.970085
vn -0.264932 -0.094424 -0.959633
vn -0.292020 -0.000000 -0.956412
vn -0.367496 -0.050823 -0.928635
vn -0.441847 0.000000 -0.897090
vn -0.470308 -0.004116 -0.882493
vn -0.593349 0.000000 -0.804946
vn -0.521472 -0.128419 -0.843549
vn -0.630437 -0.074905 -0.772618
vn -0.676893 -0.196573 -0.709348
vn -0.783696 -0.129689 -0.607454
vn -0.819883 -0.240218 -0.519698
vn -0.908969 -0.152569 -0.387941
vn -0.927532 -0.242830 -0.284111
vn -0.981781 -0.130914 -0.137721
vn -0.979294 -0.200712 -0.026422
vn -1.000000 0.000000 -0.000000
vn -0.974928 -0.222521 0.000000
vn -0.932027 -0.325373 -0.159559
vn -0.917819 -0.396788 -0.012897
vn -0.854694 -0.435125 -0.283134
vn -0.846064 -0.518197 -0.125086
vn -0.755488 -0.525520 -0.391237
vn -0.751081 -0.619144 -0.229212
vn -0.643471 -0.595395 -0.481092
vn -0.640868 -0.697281 -0.321072
vn -0.526500 -0.646071 -0.552621
vn -0.523289 -0.753153 -0.398660
vn -0.403168 -0.681840 -0.610369
vn -0.397407 -0.790903 -0.465340
vn -0.269854 -0.704316 -0.656595
vn -0.260076 -0.811714 -0.522954
vn -0.133190 -0.712400 -0.689019
vn -0.118913 -0.814264 -0.568185
vn 0.000000 -0.740909 -0.671605
vn 0.000000 -0.871788 -0.489883
vn 0.000000 -0.292020 -0.956412
vn -0.048361 -0.178074 -0.982828
vn -0.027845 -0.124543 -0.991823
vn 0.000000 -0.441847 -0.897090
vn -0.109618 -0.396560 -0.911440
vn -0.083289 -0.286910 -0.954330
vn -0.197414 -0.252689 -0.947194
vn -0.157478 -0.137281 -0.977934
vn -0.309450 -0.214608 -0.926382
vn -0.415790 -0.173927 -0.892675
vn -0.126903 -0.504640 -0.853952
vn 0.000000 -0.593349 -0.804946
vn -0.134920 -0.608428 -0.782056
vn 0.000000 -0.965466 -0.260529
vn -0.065782 -0.943338 -0.325247
vn -0.089140 -0.903984 -0.418171
vn -0.232772 -0.904534 -0.357260
vn -0.371942 -0.882776 -0.286994
vn -0.498256 -0.840721 -0.211962
vn -0.614590 -0.777940 -0.130724
vn -0.721825 -0.690854 -0.041097
vn -0.781831 -0.623490 0.000000
vn -0.900969 -0.433884 0.000000
vn -0.037535 -0.973287 -0.226503
vn -0.000000 -0.991191 -0.132438
vn -0.000000 -1.000000 0.000000
vn -0.180508 -0.972456 -0.147468
vn -0.222521 -0.974928 -0.000000
vn -0.318302 -0.945777 -0.064724
vn -0.433884 -0.900969 -0.000000
vn -0.348494 -0.920202 -0.178272
vn -0.473973 -0.874871 -0.099754
vn -0.588865 -0.808025 -0.018261
vn -0.623490 -0.781831 -0.000000
vn -0.991191 0.000000 -0.132438
vn -0.971022 -0.053322 -0.232965
vn -0.965466 0.000000 -0.260529
vn -0.877955 -0.051622 -0.475952
vn -0.871788 0.000000 -0.489883
vn -0.738181 -0.012889 -0.674480
vn -0.740909 0.000000 -0.671605
vn -0.229330 -0.368969 -0.900705
vn -0.252465 -0.483706 -0.838027
vn -0.266169 -0.593979 -0.759172
vn -0.346614 -0.335433 -0.875982
vn -0.375310 -0.454414 -0.807868
vn -0.394418 -0.568424 -0.722031
vn -0.457317 -0.297158 -0.838187
vn -0.490581 -0.417910 -0.764645
vn -0.513983 -0.532856 -0.672225
vn -0.566274 -0.252044 -0.784734
vn -0.602796 -0.372214 -0.705757
vn -0.628973 -0.485434 -0.607245
vn -0.714722 -0.313467 -0.625229
vn -0.844141 -0.341013 -0.413685
vn -0.741465 -0.422012 -0.521667
vn -0.209555 -0.943913 -0.255178
vn -0.000000 -1.000000 0.000000
vn -0.113037 -0.993591 0.000000
vn -0.222521 -0.974928 0.000000
vn -0.224625 -0.974445 0.000000
vn -0.333333 -0.942809 0.000000
vn -0.490707 -0.871325 0.000000
vn -0.633222 -0.773970 0.000000
vn -0.749856 -0.661601 0.000000
vn -0.840255 -0.542192 0.000000
vn -0.911093 -0.412200 0.000000
vn -0.961515 -0.274752 0.000000
vn -0.974928 -0.222521 0.000000
vn -0.990787 -0.135429 0.000000
vn 0.000000 -0.145073 -0.989421
vn -0.020759 -0.105836 -0.994167
vn -0.000000 -0.000000 -1.000000
vn -0.075651 -0.054728 -0.995631
vn -0.145073 0.000000 -0.989421
vn -0.199643 -0.052560 -0.978458
vn -0.292020 -0.000000 -0.956412
vn -0.274139 -0.109729 -0.955410
vn -0.331989 -0.024120 -0.942975
vn -0.412334 -0.073934 -0.908028
vn -0.441847 0.000000 -0.897090
vn -0.490967 -0.124632 -0.862217
vn -0.551444 -0.012030 -0.834125
vn -0.566687 -0.175647 -0.804993
vn -0.631892 -0.056097 -0.773023
vn -0.637941 -0.226168 -0.736124
vn -0.706825 -0.100833 -0.700165
vn -0.702916 -0.275153 -0.655897
vn -0.774166 -0.145347 -0.616070
vn -0.778416 -0.337670 -0.529196
vn -0.850470 -0.204112 -0.484808
vn -0.839802 -0.398020 -0.369204
vn -0.909382 -0.263802 -0.321609
vn -0.875346 -0.449356 -0.178460
vn -0.938739 -0.318949 -0.130538
vn -0.900969 -0.433884 0.000000
vn -0.974928 -0.222521 0.000000
vn 0.000000 -0.292020 -0.956412
vn -0.007699 -0.231090 -0.972902
vn -0.080415 -0.177521 -0.980826
vn -0.059831 -0.309637 -0.948971
vn 0.000000 -0.441847 -0.897090
vn -0.012557 -0.446542 -0.894674
vn -0.058558 -0.528535 -0.846889
vn -0.112929 -0.387470 -0.914940
vn -0.166596 -0.463797 -0.870137
vn -0.201451 -0.320674 -0.925519
vn -0.262045 -0.391080 -0.882263
vn -0.278062 -0.248751 -0.927795
vn -0.344875 -0.313153 -0.884871
vn -0.348132 -0.167494 -0.922361
vn -0.420923 -0.225406 -0.878644
vn 0.000000 -0.593349 -0.804946
vn -0.105458 -0.607166 -0.787545
vn -0.220216 -0.537502 -0.814000
vn -0.321801 -0.459555 -0.827800
vn -0.410157 -0.376293 -0.830768
vn -0.491512 -0.282781 -0.823681
vn 0.000000 -0.740909 -0.671605
vn -0.019934 -0.741524 -0.670631
vn -0.152533 -0.680721 -0.716487
vn -0.061815 -0.809772 -0.583479
vn -0.198830 -0.747230 -0.634125
vn -0.118583 -0.885754 -0.448751
vn -0.259047 -0.823400 -0.504883
vn -0.178350 -0.942289 -0.283344
vn -0.318900 -0.883521 -0.343064
vn -0.236430 -0.967237 -0.092485
vn -0.372376 -0.915541 -0.152054
vn -0.433884 -0.900969 -0.000000
vn -0.498304 -0.845426 -0.192218
vn -0.623490 -0.781831 0.000000
vn -0.610842 -0.762374 -0.213675
vn -0.708443 -0.671147 -0.218335
vn -0.664443 -0.625918 -0.408340
vn -0.756451 -0.519405 -0.397493
vn -0.694050 -0.458110 -0.555365
vn -0.000000 -0.871788 -0.489883
vn -0.045047 -0.909522 -0.413208
vn -0.105273 -0.963546 -0.245963
vn -0.000000 -0.965466 -0.260529
vn -0.031317 -0.978507 -0.203820
vn 0.000000 -0.991191 -0.132438
vn -0.095685 -0.995304 -0.014672
vn -0.000000 -1.000000 0.000000
vn -0.222521 -0.974928 -0.000000
vn -0.166260 -0.984508 -0.055699
vn -0.781831 -0.623490 0.000000
vn -0.796812 -0.567578 -0.207234
vn -0.984279 -0.167400 -0.056328
vn -1.000000 -0.000000 -0.000000
vn -0.991191 -0.000000 -0.132438
vn -0.963250 -0.106463 -0.246606
vn -0.965466 0.000000 -0.260529
vn -0.909182 -0.046248 -0.413822
vn -0.871788 -0.000000 -0.489883
vn -0.740909 -0.000000 -0.671605
vn -0.593349 0.000000 -0.804946
vn -0.602101 -0.563786 -0.565349
vn -0.563841 -0.720442 -0.403791
vn -0.502171 -0.657966 -0.561165
vn -0.448313 -0.807778 -0.382766
vn -0.387622 -0.745813 -0.541768
vn -0.531282 -0.494176 -0.688135
vn -0.434537 -0.585452 -0.684414
vn -0.323625 -0.670967 -0.667136
vn -0.620513 -0.391891 -0.679253
vn -0.558572 -0.338673 -0.757164
vn -0.472763 -0.437082 -0.765150
vn -0.379715 -0.524851 -0.761806
vn -0.272927 -0.607133 -0.746258
vn -0.210570 -0.183887 -0.960128
vn -0.140745 -0.249272 -0.958151
vn -0.142978 -0.119100 -0.982534
vn -0.000000 0.145073 -0.989421
vn 0.002281 0.135797 -0.990734
vn 0.000000 0.000000 -1.000000
vn 0.084865 0.102290 -0.991128
vn 0.145073 0.000000 -0.989421
vn 0.165235 0.068626 -0.983864
vn 0.243274 0.034906 -0.969329
vn 0.295224 0.165298 -0.941020
vn 0.373623 0.134314 -0.917805
vn 0.417105 0.257170 -0.871715
vn 0.496377 0.225687 -0.838257
vn 0.535079 0.348191 -0.769710
vn 0.618261 0.311196 -0.721741
vn 0.649271 0.426766 -0.629538
vn 0.732510 0.379560 -0.565122
vn 0.751967 0.484508 -0.446988
vn 0.852580 0.398088 -0.338576
vn 0.852400 0.486718 -0.191101
vn 0.926144 0.369898 -0.073710
vn 0.900969 0.433884 -0.000000
vn 0.974928 0.222521 0.000000
vn 0.043124 0.251554 -0.966882
vn -0.000000 0.292020 -0.956412
vn 0.071638 0.359229 -0.930496
vn -0.000000 0.441847 -0.897090
vn 0.091205 0.466348 -0.879887
vn -0.000000 0.593349 -0.804946
vn 0.101567 0.570134 -0.815249
vn 0.102656 0.671278 -0.734062
vn 0.206543 0.666632 -0.716200
vn 0.200311 0.773959 -0.600719
vn 0.305020 0.765436 -0.566630
vn 0.286052 0.866214 -0.409692
vn 0.388180 0.848264 -0.360227
vn 0.349201 0.922375 -0.165177
vn 0.443710 0.889824 -0.106460
vn 0.433884 0.900969 -0.000000
vn 0.530924 0.846101 -0.047260
vn 0.623490 0.781831 -0.000000
vn 0.572017 0.781106 -0.250341
vn 0.657422 0.729872 -0.187306
vn 0.587679 0.686793 -0.427724
vn 0.674033 0.641079 -0.367012
vn 0.582925 0.577735 -0.571333
vn 0.669007 0.536239 -0.514662
vn 0.564347 0.465474 -0.681797
vn -0.000000 0.740909 -0.671605
vn 0.092639 0.773013 -0.627590
vn 0.178832 0.872738 -0.454254
vn 0.247114 0.942919 -0.223246
vn 0.222521 0.974928 -0.000000
vn -0.000000 0.871788 -0.489883
vn 0.068556 0.867395 -0.492876
vn 0.139427 0.950064 -0.279175
vn 0.188609 0.981822 -0.021278
vn 0.000000 1.000000 -0.000000
vn 0.082527 0.992832 -0.086456
vn 0.000000 0.991191 -0.132438
vn -0.000000 0.965466 -0.260529
vn 0.028521 0.943024 -0.331500
vn 0.737064 0.665351 -0.118510
vn 0.781831 0.623490 0.000000
vn 0.829419 0.558288 -0.019443
vn 1.000000 0.000000 -0.000000
vn 0.982102 0.173599 -0.073068
vn 0.932258 0.293113 -0.212084
vn 0.979001 0.101155 -0.176988
vn 0.991191 -0.000000 -0.132438
vn 0.963306 0.019094 -0.267724
vn 0.965466 -0.000000 -0.260529
vn 0.871788 -0.000000 -0.489883
vn 0.740909 0.000000 -0.671605
vn 0.862564 0.008543 -0.505875
vn 0.898052 0.113197 -0.425075
vn 0.593349 0.000000 -0.804946
vn 0.610267 0.025451 -0.791787
vn 0.659403 0.147894 -0.737099
vn 0.766552 0.083121 -0.636780
vn 0.806903 0.196836 -0.556922
vn 0.921795 0.207976 -0.327169
vn 0.529410 0.065657 -0.845822
vn 0.441847 -0.000000 -0.897090
vn 0.450285 0.101811 -0.887062
vn 0.318814 0.001238 -0.947817
vn 0.292020 0.000000 -0.956412
vn 0.129749 0.224081 -0.965895
vn 0.162437 0.337340 -0.927263
vn 0.186463 0.450225 -0.873229
vn 0.201253 0.559766 -0.803841
vn 0.213849 0.195274 -0.957150
vn 0.250519 0.312886 -0.916157
vn 0.278891 0.430142 -0.858602
vn 0.298048 0.543867 -0.784459
vn 0.307508 0.654662 -0.690548
vn 0.335539 0.286089 -0.897534
vn 0.452980 0.379168 -0.806871
vn 0.577496 0.189471 -0.794103
vn 0.367929 0.406363 -0.836360
vn 0.391112 0.522726 -0.757489
vn 0.404362 0.635667 -0.657586
vn 0.405161 0.747769 -0.526009
vn 0.701078 0.267345 -0.661073
vn 0.479590 0.496688 -0.723391
vn 0.836185 0.301827 -0.457925
vn 0.495947 0.610078 -0.617934
vn 0.499230 0.721542 -0.479736
vn 0.483401 0.819773 -0.307075
vn 0.755790 0.583388 -0.297388
vn 0.000000 1.000000 -0.000000
vn 0.113037 0.993591 -0.000000
vn 0.222521 0.974928 -0.000000
vn 0.224625 0.974445 -0.000000
vn 0.333333 0.942809 -0.000000
vn 0.490707 0.871325 -0.000000
vn 0.633222 0.773970 -0.000000
vn 0.749856 0.661601 -0.000000
vn 0.840255 0.542192 -0.000000
vn 0.911093 0.412200 -0.000000
vn 0.961515 0.274752 -0.000000
vn 0.974928 0.222521 -0.000000
vn 0.990787 0.135429 -0.000000
vn -0.000000 -0.145073 -0.989421
vn 0.000000 0.000000 -1.000000
vn 0.060943 -0.046851 -0.997041
vn 0.145073 -0.000000 -0.989421
vn 0.139836 -0.010874 -0.990115
vn 0.188180 -0.125315 -0.974107
vn 0.106221 -0.156776 -0.981905
vn 0.143832 -0.269311 -0.952252
vn 0.055581 -0.294553 -0.954017
vn 0.080561 -0.402300 -0.911956
vn -0.000000 -0.292020 -0.956412
vn -0.000000 -0.441847 -0.897090
vn 0.096458 -0.508429 -0.855684
vn -0.000000 -0.593349 -0.804946
vn 0.103143 -0.610267 -0.785452
vn 0.100156 -0.712246 -0.694747
vn 0.204524 -0.602165 -0.771730
vn 0.205645 -0.709898 -0.673613
vn 0.303000 -0.587856 -0.750077
vn 0.308198 -0.699409 -0.644857
vn 0.397602 -0.567633 -0.720906
vn 0.406469 -0.681083 -0.609023
vn 0.487360 -0.541871 -0.684731
vn 0.499159 -0.655401 -0.566824
vn 0.573061 -0.510332 -0.641219
vn 0.586849 -0.622270 -0.518062
vn 0.658527 -0.470666 -0.587210
vn 0.673170 -0.579266 -0.459666
vn 0.741751 -0.421823 -0.521413
vn 0.755769 -0.525310 -0.390977
vn 0.844328 -0.340837 -0.413451
vn 0.854870 -0.434927 -0.282904
vn 0.927624 -0.242691 -0.283928
vn 0.932110 -0.325218 -0.159389
vn 0.981806 -0.130837 -0.137621
vn 0.979314 -0.200627 -0.026333
vn 1.000000 -0.000000 -0.000000
vn 0.974928 -0.222521 0.000000
vn 0.267626 -0.093314 -0.958994
vn 0.292020 -0.000000 -0.956412
vn 0.344360 -0.060904 -0.936860
vn 0.441847 0.000000 -0.897090
vn 0.419652 -0.027535 -0.907267
vn 0.469540 -0.151474 -0.869821
vn 0.391869 -0.183494 -0.901537
vn 0.432491 -0.306353 -0.847998
vn 0.349540 -0.334508 -0.875172
vn 0.378368 -0.453565 -0.806918
vn 0.287701 -0.476237 -0.830919
vn 0.549443 -0.115392 -0.827525
vn 0.593349 -0.000000 -0.804946
vn 0.630724 -0.074753 -0.772399
vn 0.740909 0.000000 -0.671605
vn 0.738387 -0.012759 -0.674256
vn 0.871788 -0.000000 -0.489883
vn 0.783898 -0.129546 -0.607225
vn 0.878066 -0.051513 -0.475760
vn 0.820078 -0.240060 -0.519465
vn 0.909071 -0.152445 -0.387751
vn 0.965466 0.000000 -0.260529
vn 0.971052 -0.053254 -0.232858
vn 0.991191 -0.000000 -0.132438
vn 0.900969 -0.433884 0.000000
vn 0.917895 -0.396618 -0.012747
vn 0.846231 -0.517977 -0.124872
vn 0.781831 -0.623490 -0.000000
vn 0.751353 -0.618909 -0.228953
vn 0.722088 -0.690594 -0.040854
vn 0.643455 -0.757790 -0.108259
vn 0.623490 -0.781831 -0.000000
vn 0.558772 -0.811417 -0.171395
vn 0.433884 -0.900969 0.000000
vn 0.470533 -0.852021 -0.229475
vn 0.415139 -0.909755 -0.002188
vn 0.321671 -0.944779 -0.062614
vn 0.222521 -0.974928 0.000000
vn 0.220424 -0.967465 -0.124194
vn -0.000000 -1.000000 0.000000
vn 0.113384 -0.976100 -0.185401
vn 0.000000 -0.991191 -0.132438
vn 0.003028 -0.969620 -0.244596
vn -0.000000 -0.965466 -0.260529
vn 0.054492 -0.900598 -0.431223
vn -0.000000 -0.871788 -0.489883
vn 0.084839 -0.812230 -0.577135
vn -0.000000 -0.740909 -0.671605
vn 0.021893 -0.187570 -0.982007
vn 0.312252 -0.213595 -0.925676
vn 0.229472 -0.242262 -0.942683
vn 0.677182 -0.196413 -0.709117
vn 0.715010 -0.313294 -0.624986
vn 0.594865 -0.238760 -0.767548
vn 0.631953 -0.358360 -0.687178
vn 0.512898 -0.275168 -0.813154
vn 0.548018 -0.395927 -0.736830
vn 0.262932 -0.360045 -0.895117
vn 0.173131 -0.382723 -0.907496
vn 0.464817 -0.426906 -0.775691
vn 0.193509 -0.494617 -0.847294
vn 0.193743 -0.815158 -0.545876
vn 0.165292 -0.907030 -0.387267
vn 0.299655 -0.807676 -0.507805
vn 0.272979 -0.900628 -0.338161
vn 0.400794 -0.790138 -0.463732
vn 0.375360 -0.881938 -0.285115
vn 0.495522 -0.763224 -0.414664
vn 0.584221 -0.727087 -0.360598
vn 0.670349 -0.679290 -0.298661
vn 0.224625 -0.974445 -0.000000
vn 0.333333 -0.942809 -0.000000
vn 0.490769 -0.871290 -0.000000
vn 0.633247 -0.773949 -0.000000
vn 0.749307 -0.662223 -0.000000
vn 0.839994 -0.542596 -0.000000
vn 0.900969 -0.433884 -0.000000
vn 0.911051 -0.412294 -0.000000
vn 0.961505 -0.274789 -0.000000
vn 0.974928 -0.222521 -0.000000
vn 0.990788 -0.135419 -0.000000
vn 0.113037 -0.993591 -0.000000
vn 0.000000 -1.000000 -0.000000
vn 0.000000 -0.871788 -0.489883
vn 0.000000 -0.593349 -0.804946
vn 0.000000 -0.593349 -0.804946
vn -0.145073 -0.000000 -0.989421
vn -0.105836 0.020759 -0.994167
vn -0.000000 0.000000 -1.000000
vn -0.054728 0.075651 -0.995631
vn 0.000000 0.145073 -0.989421
vn -0.052560 0.199643 -0.978458
vn 0.000000 0.292020 -0.956412
vn -0.109729 0.274139 -0.955410
vn -0.024120 0.331989 -0.942975
vn -0.073934 0.412334 -0.908028
vn 0.000000 0.441847 -0.897090
vn -0.124632 0.490967 -0.862217
vn -0.012030 0.551444 -0.834125
vn -0.175647 0.566687 -0.804993
vn -0.056097 0.631892 -0.773023
vn -0.226168 0.637941 -0.736124
vn -0.100833 0.706825 -0.700165
vn -0.275153 0.702916 -0.655897
vn -0.145347 0.774166 -0.616070
vn -0.337670 0.778416 -0.529196
vn -0.204112 0.850470 -0.484808
vn -0.398020 0.839802 -0.369204
vn -0.263802 0.909382 -0.321609
vn -0.449356 0.875346 -0.178460
vn -0.318949 0.938739 -0.130538
vn -0.433884 0.900969 0.000000
vn -0.222521 0.974928 0.000000
vn -0.292020 -0.000000 -0.956412
vn -0.231090 0.007699 -0.972902
vn -0.177521 0.080415 -0.980826
vn -0.309637 0.059831 -0.948971
vn -0.441847 -0.000000 -0.897090
vn -0.446542 0.012557 -0.894674
vn -0.528535 0.058558 -0.846889
vn -0.387470 0.112929 -0.914940
vn -0.463797 0.166596 -0.870137
vn -0.320674 0.201451 -0.925519
vn -0.391080 0.262045 -0.882263
vn -0.248751 0.278062 -0.927795
vn -0.313153 0.344875 -0.884871
vn -0.167494 0.348132 -0.922361
vn -0.225406 0.420923 -0.878644
vn -0.593349 -0.000000 -0.804946
vn -0.607166 0.105458 -0.787545
vn -0.537502 0.220216 -0.814000
vn -0.459555 0.321801 -0.827800
vn -0.376293 0.410157 -0.830768
vn -0.282781 0.491512 -0.823681
vn -0.740909 -0.000000 -0.671605
vn -0.741524 0.019934 -0.670631
vn -0.680721 0.152533 -0.716487
vn -0.809772 0.061815 -0.583479
vn -0.747230 0.198830 -0.634125
vn -0.885754 0.118583 -0.448751
vn -0.823400 0.259047 -0.504883
vn -0.942289 0.178350 -0.283344
vn -0.883521 0.318900 -0.343064
vn -0.967237 0.236430 -0.092485
vn -0.915541 0.372376 -0.152054
vn -0.900969 0.433884 0.000000
vn -0.845426 0.498304 -0.192218
vn -0.781831 0.623490 0.000000
vn -0.762374 0.610842 -0.213675
vn -0.671147 0.708443 -0.218335
vn -0.625918 0.664443 -0.408340
vn -0.519405 0.756451 -0.397493
vn -0.458110 0.694050 -0.555365
vn -0.871788 0.000000 -0.489883
vn -0.909522 0.045047 -0.413208
vn -0.963546 0.105273 -0.245963
vn -0.965466 0.000000 -0.260529
vn -0.978507 0.031317 -0.203820
vn -0.991191 -0.000000 -0.132438
vn -0.995304 0.095685 -0.014672
vn -1.000000 0.000000 -0.000000
vn -0.974928 0.222521 -0.000000
vn -0.984508 0.166260 -0.055699
vn -0.623490 0.781831 0.000000
vn -0.567578 0.796812 -0.207234
vn -0.167400 0.984279 -0.056328
vn -0.000000 1.000000 -0.000000
vn -0.000000 0.991191 -0.132438
vn -0.106463 0.963250 -0.246606
vn 0.000000 0.965466 -0.260529
vn -0.046248 0.909182 -0.413822
vn -0.000000 0.871788 -0.489883
vn -0.000000 0.740909 -0.671605
vn 0.000000 0.593349 -0.804946
vn -0.563786 0.602101 -0.565349
vn -0.720442 0.563841 -0.403791
vn -0.657966 0.502171 -0.561165
vn -0.807778 0.448313 -0.382766
vn -0.745813 0.387622 -0.541768
vn -0.494176 0.531282 -0.688135
vn -0.585452 0.434537 -0.684414
vn -0.670967 0.323625 -0.667136
vn -0.391891 0.620513 -0.679253
vn -0.338673 0.558572 -0.757164
vn -0.437082 0.472763 -0.765150
vn -0.524851 0.379715 -0.761806
vn -0.607133 0.272927 -0.746258
vn -0.183887 0.210570 -0.960128
vn -0.249272 0.140745 -0.958151
vn -0.119100 0.142978 -0.982534
vn -1.000000 0.000000 -0.000000
vn -0.974928 0.222521 -0.000000
vn -0.900969 0.433884 -0.000000
vn -0.781831 0.623490 -0.000000
vn -0.781831 0.623490 -0.000000
vn -0.623490 0.781831 -0.000000
vn -0.623490 0.781831 -0.000000
vn -0.433884 0.900969 -0.000000
vn -0.222521 0.974928 -0.000000
vn -0.222521 0.974928 -0.000000
vn -0.000000 1.000000 -0.000000
vn -1.000000 -0.000000 0.000000
vn -1.000000 0.000000 0.000000
vn -0.983107 -0.180604 0.029705
vn -0.974928 -0.222521 -0.000000
vn -0.929022 -0.365118 0.060054
vn -0.900969 -0.433884 0.000000
vn -0.835474 -0.542244 0.089188
vn -0.781831 -0.623490 0.000000
vn -0.774482 -0.624208 0.102669
vn -0.704964 -0.699839 0.115109
vn -0.768747 -0.605251 0.206638
vn -0.698421 -0.677302 0.231237
vn -0.763275 -0.586729 0.270484
vn -0.692211 -0.655403 0.302143
vn -0.756531 -0.563259 0.332265
vn -0.684605 -0.627820 0.370349
vn -0.748753 -0.535191 0.391074
vn -0.675893 -0.595061 0.434822
vn -0.740232 -0.503012 0.446134
vn -0.666422 -0.557793 0.494721
vn -0.731290 -0.467301 0.496834
vn -0.656564 -0.516770 0.549430
vn -0.722253 -0.428691 0.542748
vn -0.646681 -0.472780 0.598567
vn -0.705083 -0.345311 0.619370
vn -0.628125 -0.378904 0.679625
vn -0.690688 -0.257549 0.675736
vn -0.612780 -0.281447 0.738436
vn -0.680237 -0.169124 0.713214
vn -0.601756 -0.184280 0.777130
vn -0.674134 -0.082686 0.733966
vn -0.595362 -0.089946 0.798407
vn -0.672206 -0.000000 0.740364
vn -0.593349 -0.000000 0.804946
vn -0.672886 0.049087 0.738116
vn -0.594059 0.053379 0.802649
vn -0.675009 0.099719 0.731040
vn -0.596277 0.108500 0.795413
vn -0.678667 0.151609 0.718627
vn -0.600108 0.165125 0.782690
vn -0.683903 0.204381 0.700361
vn -0.605612 0.222923 0.763898
vn -0.690688 0.257549 0.675736
vn -0.612780 0.281447 0.738436
vn -0.698908 0.310499 0.644297
vn -0.621519 0.340101 0.705723
vn -0.708347 0.362475 0.605687
vn -0.631631 0.398116 0.665241
vn -0.718680 0.412579 0.559711
vn -0.642798 0.454527 0.616617
vn -0.729480 0.459790 0.506411
vn -0.654578 0.508184 0.559711
vn -0.740232 0.503012 0.446134
vn -0.666422 0.557793 0.494721
vn -0.750378 0.541151 0.379590
vn -0.677708 0.601997 0.422270
vn -0.759367 0.573222 0.307861
vn -0.687798 0.639507 0.343461
vn -0.766723 0.598451 0.232361
vn -0.696120 0.669249 0.259850
vn -0.772097 0.616378 0.154739
vn -0.702238 0.690515 0.173350
vn -0.775309 0.626904 0.076729
vn -0.705910 0.703055 0.086049
vn -0.629013 0.771637 0.094443
vn -0.545914 0.831636 0.101786
vn -0.541953 0.815116 0.204631
vn -0.454334 0.864021 0.216908
vn -0.448182 0.833332 0.323559
vn -0.358370 0.870282 0.337906
vn -0.351214 0.824859 0.443008
vn -0.261729 0.850272 0.456657
vn -0.255054 0.791598 0.555266
vn -0.168123 0.807021 0.566084
vn -0.163190 0.738109 0.654648
vn -0.000000 0.809562 0.587034
vn -0.000000 0.740909 0.671605
vn -0.158210 0.663740 0.731040
vn -0.000000 0.668222 0.743962
vn -0.153443 0.586322 0.795413
vn -0.000000 0.593349 0.804946
vn -0.000000 0.517604 0.855620
vn -0.149082 0.507781 0.848489
vn 0.000000 0.441847 0.897090
vn -0.145257 0.429531 0.891293
vn 0.000000 0.366576 0.930388
vn -0.142039 0.352536 0.924956
vn 0.000000 0.292020 0.956412
vn -0.139458 0.277400 0.950579
vn -0.000000 0.218217 0.975900
vn -0.137510 0.204466 0.969167
vn -0.000000 0.145073 0.989421
vn -0.136170 0.133897 0.981595
vn -0.000000 0.072410 0.997375
vn -0.135401 0.065746 0.988607
vn 0.000000 -0.000000 1.000000
vn -0.135156 -0.000000 0.990824
vn -0.000000 -0.072410 0.997375
vn -0.135853 -0.110911 0.984501
vn 0.000000 -0.145073 0.989421
vn -0.138090 -0.228520 0.963696
vn -0.000000 -0.218217 0.975900
vn -0.000000 -0.292020 0.956412
vn -0.142039 -0.352536 0.924956
vn -0.000000 -0.366576 0.930388
vn 0.000000 -0.441847 0.897090
vn -0.147743 -0.481609 0.863843
vn -0.000000 -0.517604 0.855620
vn -0.154995 -0.612337 0.775255
vn -0.000000 -0.593349 0.804946
vn -0.000000 -0.668222 0.743962
vn -0.159031 -0.676406 0.719155
vn -0.000000 -0.740909 0.671605
vn -0.163190 -0.738109 0.654648
vn -0.000000 -0.809562 0.587034
vn -0.167317 -0.796029 0.581673
vn -0.171236 -0.848586 0.500579
vn -0.253876 -0.780957 0.570660
vn -0.259593 -0.831781 0.490666
vn -0.341270 -0.758938 0.554570
vn -0.348513 -0.807307 0.476229
vn -0.428458 -0.729545 0.533092
vn -0.436841 -0.774780 0.457041
vn -0.514226 -0.692480 0.506008
vn -0.523264 -0.733981 0.432974
vn -0.597202 -0.647617 0.473226
vn -0.606352 -0.684909 0.404026
vn -0.623490 -0.781831 0.000000
vn -0.627998 -0.767897 0.126303
vn -0.621000 -0.741771 0.253247
vn -0.614395 -0.716524 0.330320
vn -0.544891 -0.827390 0.136088
vn -0.433884 -0.900969 0.000000
vn -0.457104 -0.877621 0.144350
vn -0.366173 -0.918210 0.151026
vn -0.450484 -0.844900 0.288456
vn -0.360380 -0.882775 0.301387
vn -0.444298 -0.813588 0.375066
vn -0.354987 -0.848998 0.391390
vn -0.222521 -0.974928 0.000000
vn -0.273623 -0.949085 0.156104
vn -0.269006 -0.911481 0.311187
vn -0.264720 -0.875747 0.403722
vn -0.180901 -0.970462 0.159620
vn 0.000000 -1.000000 -0.000000
vn -0.000000 -0.991191 0.132438
vn 0.000000 -0.965466 0.260529
vn -0.177713 -0.931302 0.317954
vn -0.000000 -0.924756 0.380560
vn -0.174761 -0.894169 0.412214
vn -0.000000 -0.871788 0.489883
vn -0.000000 0.871788 0.489883
vn -0.172704 0.867744 0.466040
vn -0.267407 0.898252 0.348765
vn -0.363746 0.903464 0.226810
vn -0.458070 0.882332 0.107991
vn -0.433884 0.900969 0.000000
vn -0.000000 0.924756 0.380560
vn -0.176611 0.917545 0.356257
vn -0.271687 0.933421 0.234331
vn -0.367020 0.923323 0.113008
vn -0.000000 0.965466 0.260529
vn -0.179564 0.954139 0.239532
vn -0.274299 0.954522 0.116827
vn -0.222521 0.974928 0.000000
vn 0.000000 0.991191 0.132438
vn -0.181369 0.976131 0.119472
vn -0.836147 0.544443 0.066636
vn -0.900969 0.433884 -0.000000
vn -0.929361 0.366437 0.044849
vn -0.974928 0.222521 0.000000
vn -0.983195 0.181207 0.022178
vn -1.000000 0.000000 0.000000
vn -0.982853 0.178843 0.044898
vn -1.000000 -0.000000 0.000000
vn -0.982271 0.174755 0.067852
vn -1.000000 0.000000 -0.000000
vn -0.981457 0.168869 0.090695
vn -0.980432 0.161163 0.113047
vn -0.918818 0.323115 0.226649
vn -0.914331 0.302972 0.268713
vn -0.807137 0.441674 0.391732
vn -0.798053 0.405062 0.446134
vn -1.000000 -0.000000 -0.000000
vn -0.979234 0.151672 0.134522
vn -0.909445 0.279519 0.307861
vn -0.788838 0.364673 0.494721
vn -0.977915 0.140493 0.154739
vn -1.000000 -0.000000 -0.000000
vn -0.976536 0.127781 0.173350
vn -0.975162 0.113741 0.190059
vn -0.899435 0.224435 0.375026
vn -0.894783 0.193842 0.402229
vn -0.771729 0.276089 0.572895
vn -0.764527 0.229570 0.602326
vn -1.000000 0.000000 0.000000
vn -0.973859 0.098615 0.204631
vn -0.890638 0.161945 0.424898
vn -0.758541 0.182545 0.625534
vn -0.972685 0.082672 0.216908
vn -1.000000 -0.000000 -0.000000
vn -0.971687 0.066188 0.226810
vn -0.970899 0.049437 0.234331
vn -0.884411 0.096341 0.456657
vn -0.882477 0.063571 0.466040
vn -0.750641 0.089299 0.654648
vn -0.748746 0.043985 0.661396
vn -1.000000 0.000000 0.000000
vn -0.970339 0.032674 0.239532
vn -0.881346 0.031352 0.471431
vn -0.748138 -0.000000 0.663543
vn -0.970010 0.016129 0.242531
vn -1.000000 -0.000000 -0.000000
vn -0.969904 -0.000000 0.243489
vn -0.970203 -0.027124 0.240769
vn -0.882011 -0.052753 0.468266
vn -0.885235 -0.107323 0.452593
vn -0.755293 -0.151218 0.637704
vn -0.764527 -0.229570 0.602326
vn -1.000000 0.000000 -0.000000
vn -0.971137 -0.055034 0.232086
vn -0.890638 -0.161945 0.424898
vn -0.777105 -0.306474 0.549710
vn -1.000000 0.000000 0.000000
vn -0.972685 -0.082672 0.216908
vn -0.897840 -0.214416 0.384590
vn -0.791896 -0.378501 0.479205
vn -1.000000 0.000000 -0.000000
vn -0.974717 -0.108807 0.195163
vn -0.906084 -0.262248 0.332022
vn -0.799589 -0.411450 0.437454
vn -1.000000 0.000000 -0.000000
vn -0.976998 -0.132177 0.167344
vn -0.910277 -0.283641 0.301567
vn -0.807137 -0.441674 0.391732
vn -0.978141 -0.142468 0.151472
vn -1.000000 0.000000 0.000000
vn -0.979234 -0.151672 0.134522
vn -0.980243 -0.159703 0.116698
vn -0.918108 -0.320002 0.233832
vn -0.921483 -0.334548 0.197349
vn -0.820736 -0.492072 0.290272
vn -0.826302 -0.511492 0.235799
vn -1.000000 0.000000 -0.000000
vn -0.981137 -0.166502 0.098219
vn -0.924356 -0.346485 0.159731
vn -0.830792 -0.526730 0.179830
vn -0.981892 -0.172040 0.079311
vn -1.000000 -0.000000 0.000000
vn -0.982492 -0.176315 0.060195
vn -0.537860 -0.797818 0.272382
vn -0.531259 -0.769388 0.354690
vn -0.926651 -0.355760 0.121459
vn -0.814272 -0.468688 0.342479
vn -0.247840 -0.724797 0.642841
vn -0.241742 -0.664805 0.706821
vn -0.235808 -0.602348 0.762608
vn -0.225108 -0.474455 0.851011
vn -0.216659 -0.347688 0.912235
vn -0.210793 -0.225546 0.951155
vn -0.207465 -0.109513 0.972093
vn -0.206427 -0.000000 0.978462
vn -0.206792 0.064922 0.976228
vn -0.207937 0.132202 0.969167
vn -0.209930 0.201827 0.956658
vn -0.212827 0.273720 0.937967
vn -0.216659 0.347688 0.912235
vn -0.221429 0.423359 0.878485
vn -0.227087 0.500103 0.835660
vn -0.233522 0.576944 0.782690
vn -0.240536 0.652470 0.718627
vn -0.247840 0.724797 0.642841
vn -0.333592 -0.705283 0.625534
vn -0.325805 -0.647743 0.688680
vn -0.318198 -0.587612 0.743951
vn -0.304413 -0.463842 0.831975
vn -0.293466 -0.340466 0.893286
vn -0.285835 -0.221104 0.932422
vn -0.281493 -0.107422 0.953531
vn -0.280138 -0.000000 0.959960
vn -0.280615 0.063691 0.957705
vn -0.282110 0.129666 0.950579
vn -0.284710 0.197884 0.937967
vn -0.288483 0.268228 0.919147
vn -0.293466 0.340466 0.893286
vn -0.299652 0.414186 0.859452
vn -0.306970 0.488726 0.816649
vn -0.315260 0.563091 0.763898
vn -0.324261 0.635885 0.700361
vn -0.333592 0.705283 0.625534
vn -0.342764 0.769080 0.539470
vn -0.419528 -0.679117 0.602326
vn -0.410425 -0.624762 0.664247
vn -0.401488 -0.567678 0.718713
vn -0.385185 -0.449380 0.806034
vn -0.372142 -0.330567 0.867315
vn -0.362999 -0.214992 0.906648
vn -0.357779 -0.104538 0.927936
vn -0.356147 -0.000000 0.934430
vn -0.356722 0.061991 0.932152
vn -0.358522 0.126171 0.924956
vn -0.361648 0.192455 0.912235
vn -0.366176 0.260681 0.893286
vn -0.372142 0.330567 0.867315
vn -0.379523 0.401655 0.833448
vn -0.388219 0.473243 0.790776
vn -0.398026 0.544323 0.738436
vn -0.408615 0.613527 0.675736
vn -0.419528 0.679117 0.602326
vn -0.430190 0.739049 0.518405
vn -0.439955 0.791139 0.424898
vn -0.504540 -0.645934 0.572895
vn -0.494606 -0.595454 0.633087
vn -0.484793 -0.542119 0.686354
vn -0.466745 -0.430658 0.772453
vn -0.452169 -0.317659 0.833448
vn -0.441882 -0.206982 0.872868
vn -0.435983 -0.100749 0.894298
vn -0.434136 -0.000000 0.900847
vn -0.434787 0.059756 0.898549
vn -0.436824 0.121579 0.891293
vn -0.440357 0.185335 0.878485
vn -0.445463 0.250808 0.859452
vn -0.452169 0.317659 0.833448
vn -0.460433 0.385380 0.799678
vn -0.470118 0.453234 0.757343
vn -0.480976 0.520209 0.705723
vn -0.492622 0.584983 0.644297
vn -0.504540 0.645934 0.572895
vn -0.516098 0.701219 0.491869
vn -0.526608 0.748930 0.402229
vn -0.535407 0.787330 0.305698
vn -0.587328 -0.605505 0.537038
vn -0.577130 -0.559509 0.594870
vn -0.566986 -0.510569 0.646410
vn -0.548145 -0.407279 0.730521
vn -0.532760 -0.301395 0.790776
vn -0.521812 -0.196827 0.830043
vn -0.515501 -0.095928 0.851502
vn -0.513519 -0.000000 0.858078
vn -0.514218 0.056912 0.855769
vn -0.516402 0.115740 0.848489
vn -0.520183 0.176300 0.835660
vn -0.525632 0.238317 0.816649
vn -0.532760 0.301395 0.790776
vn -0.541501 0.364978 0.757343
vn -0.551685 0.428302 0.715682
vn -0.563021 0.490369 0.665241
vn -0.575086 0.549927 0.605687
vn -0.587328 0.605505 0.537038
vn -0.599102 0.655490 0.459793
vn -0.609722 0.698280 0.375026
vn -0.618549 0.732472 0.284398
vn -0.625078 0.757070 0.190059
vn -0.914331 -0.302972 0.268713
vn -0.749861 -0.074065 0.657437
vn -0.880982 -0.000000 0.473150
vn -0.753898 0.135621 0.642841
vn -0.887147 0.129280 0.443008
vn -0.779935 0.321392 0.537038
vn -0.904399 0.253175 0.343461
vn -0.815626 0.473668 0.332254
vn -0.823081 0.500331 0.268713
vn -0.829134 0.521146 0.202346
vn -0.833530 0.535847 0.134522
vn -0.922698 0.339640 0.182411
vn -0.925806 0.352370 0.136815
vn -0.928040 0.361269 0.090695
vn -0.222521 -0.974928 0.000000
vn -0.433884 -0.900969 0.000000
vn -0.623490 -0.781831 0.000000
vn -0.781831 -0.623490 0.000000
vn -0.900969 -0.433884 0.000000
vn -0.974928 -0.222521 0.000000
vn -0.974928 -0.222521 0.000000
vn 0.145073 0.000000 -0.989421
vn 0.071846 -0.005396 -0.997401
vn -0.000000 -0.000000 -1.000000
vn 0.024432 -0.110251 -0.993603
vn 0.000000 -0.145073 -0.989421
vn 0.080454 -0.134733 -0.987610
vn 0.035114 -0.240214 -0.970085
vn 0.094424 -0.264932 -0.959633
vn 0.000000 -0.292020 -0.956412
vn 0.050823 -0.367496 -0.928635
vn -0.000000 -0.441847 -0.897090
vn 0.004116 -0.470308 -0.882493
vn -0.000000 -0.593349 -0.804946
vn 0.128419 -0.521472 -0.843549
vn 0.074905 -0.630437 -0.772618
vn 0.196573 -0.676893 -0.709348
vn 0.129689 -0.783696 -0.607454
vn 0.240218 -0.819883 -0.519698
vn 0.152569 -0.908969 -0.387941
vn 0.242830 -0.927532 -0.284111
vn 0.130914 -0.981781 -0.137721
vn 0.200712 -0.979294 -0.026422
vn 0.000000 -1.000000 -0.000000
vn 0.222521 -0.974928 0.000000
vn 0.325373 -0.932027 -0.159559
vn 0.396788 -0.917819 -0.012897
vn 0.435125 -0.854694 -0.283134
vn 0.518197 -0.846064 -0.125086
vn 0.525520 -0.755488 -0.391237
vn 0.619144 -0.751081 -0.229212
vn 0.595395 -0.643471 -0.481092
vn 0.697281 -0.640868 -0.321072
vn 0.646071 -0.526500 -0.552621
vn 0.753153 -0.523289 -0.398660
vn 0.681840 -0.403168 -0.610369
vn 0.790903 -0.397407 -0.465340
vn 0.704316 -0.269854 -0.656595
vn 0.811714 -0.260076 -0.522954
vn 0.712400 -0.133190 -0.689019
vn 0.814264 -0.118913 -0.568185
vn 0.740909 0.000000 -0.671605
vn 0.871788 0.000000 -0.489883
vn 0.292020 0.000000 -0.956412
vn 0.178074 -0.048361 -0.982828
vn 0.124543 -0.027845 -0.991823
vn 0.441847 0.000000 -0.897090
vn 0.396560 -0.109618 -0.911440
vn 0.286910 -0.083289 -0.954330
vn 0.252689 -0.197414 -0.947194
vn 0.137281 -0.157478 -0.977934
vn 0.214608 -0.309450 -0.926382
vn 0.173927 -0.415790 -0.892675
vn 0.504640 -0.126903 -0.853952
vn 0.593349 0.000000 -0.804946
vn 0.608428 -0.134920 -0.782056
vn 0.965466 0.000000 -0.260529
vn 0.943338 -0.065782 -0.325247
vn 0.903984 -0.089140 -0.418171
vn 0.904534 -0.232772 -0.357260
vn 0.882776 -0.371942 -0.286994
vn 0.840721 -0.498256 -0.211962
vn 0.777940 -0.614590 -0.130724
vn 0.690854 -0.721825 -0.041097
vn 0.623490 -0.781831 0.000000
vn 0.433884 -0.900969 -0.000000
vn 0.973287 -0.037535 -0.226503
vn 0.991191 -0.000000 -0.132438
vn 1.000000 -0.000000 0.000000
vn 0.972456 -0.180508 -0.147468
vn 0.974928 -0.222521 -0.000000
vn 0.945777 -0.318302 -0.064724
vn 0.900969 -0.433884 -0.000000
vn 0.920202 -0.348494 -0.178272
vn 0.874871 -0.473973 -0.099754
vn 0.808025 -0.588865 -0.018261
vn 0.781831 -0.623490 -0.000000
vn -0.000000 -0.991191 -0.132438
vn 0.053322 -0.971022 -0.232965
vn -0.000000 -0.965466 -0.260529
vn 0.051622 -0.877955 -0.475952
vn -0.000000 -0.871788 -0.489883
vn 0.012889 -0.738181 -0.674480
vn -0.000000 -0.740909 -0.671605
vn 0.368969 -0.229330 -0.900705
vn 0.483706 -0.252465 -0.838027
vn 0.593979 -0.266169 -0.759172
vn 0.335433 -0.346614 -0.875982
vn 0.454414 -0.375310 -0.807868
vn 0.568424 -0.394418 -0.722031
vn 0.297158 -0.457317 -0.838187
vn 0.417910 -0.490581 -0.764645
vn 0.532856 -0.513983 -0.672225
vn 0.252044 -0.566274 -0.784734
vn 0.372214 -0.602796 -0.705757
vn 0.485434 -0.628973 -0.607245
vn 0.313467 -0.714722 -0.625229
vn 0.341013 -0.844141 -0.413685
vn 0.422012 -0.741465 -0.521667
vn 0.943913 -0.209555 -0.255178
vn 0.145073 -0.000000 -0.989421
vn -0.000000 0.000000 -1.000000
vn 0.046851 0.060943 -0.997041
vn 0.000000 0.145073 -0.989421
vn 0.010874 0.139836 -0.990115
vn 0.125315 0.188180 -0.974107
vn 0.156776 0.106221 -0.981905
vn 0.269311 0.143832 -0.952252
vn 0.294553 0.055581 -0.954017
vn 0.402300 0.080561 -0.911956
vn 0.292020 -0.000000 -0.956412
vn 0.441847 -0.000000 -0.897090
vn 0.508429 0.096458 -0.855684
vn 0.593349 -0.000000 -0.804946
vn 0.610267 0.103143 -0.785452
vn 0.712246 0.100156 -0.694747
vn 0.602165 0.204524 -0.771730
vn 0.709898 0.205645 -0.673613
vn 0.587856 0.303000 -0.750077
vn 0.699409 0.308198 -0.644857
vn 0.567633 0.397602 -0.720906
vn 0.681083 0.406469 -0.609023
vn 0.541871 0.487360 -0.684731
vn 0.655401 0.499159 -0.566824
vn 0.510332 0.573061 -0.641219
vn 0.622270 0.586849 -0.518062
vn 0.470666 0.658527 -0.587210
vn 0.579266 0.673170 -0.459666
vn 0.421823 0.741751 -0.521413
vn 0.525310 0.755769 -0.390977
vn 0.340837 0.844328 -0.413451
vn 0.434927 0.854870 -0.282904
vn 0.242691 0.927624 -0.283928
vn 0.325218 0.932110 -0.159389
vn 0.130837 0.981806 -0.137621
vn 0.200627 0.979314 -0.026333
vn 0.000000 1.000000 0.000000
vn 0.222521 0.974928 0.000000
vn 0.093314 0.267626 -0.958994
vn 0.000000 0.292020 -0.956412
vn 0.060904 0.344360 -0.936860
vn -0.000000 0.441847 -0.897090
vn 0.027535 0.419652 -0.907267
vn 0.151474 0.469540 -0.869821
vn 0.183494 0.391869 -0.901537
vn 0.306353 0.432491 -0.847998
vn 0.334508 0.349540 -0.875172
vn 0.453565 0.378368 -0.806918
vn 0.476237 0.287701 -0.830919
vn 0.115392 0.549443 -0.827525
vn 0.000000 0.593349 -0.804946
vn 0.074753 0.630724 -0.772399
vn 0.000000 0.740909 -0.671605
vn 0.012759 0.738387 -0.674256
vn 0.000000 0.871788 -0.489883
vn 0.129546 0.783898 -0.607225
vn 0.051513 0.878066 -0.475760
vn 0.240060 0.820078 -0.519465
vn 0.152445 0.909071 -0.387751
vn -0.000000 0.965466 -0.260529
vn 0.053254 0.971052 -0.232858
vn 0.000000 0.991191 -0.132438
vn 0.433884 0.900969 0.000000
vn 0.396618 0.917895 -0.012747
vn 0.517977 0.846231 -0.124872
vn 0.623490 0.781831 -0.000000
vn 0.618909 0.751353 -0.228953
vn 0.690594 0.722088 -0.040854
vn 0.757790 0.643455 -0.108259
vn 0.781831 0.623490 -0.000000
vn 0.811417 0.558772 -0.171395
vn 0.900969 0.433884 -0.000000
vn 0.852021 0.470533 -0.229475
vn 0.909755 0.415139 -0.002188
vn 0.944779 0.321671 -0.062614
vn 0.974928 0.222521 -0.000000
vn 0.967465 0.220424 -0.124194
vn 1.000000 0.000000 0.000000
vn 0.976100 0.113384 -0.185401
vn 0.991191 -0.000000 -0.132438
vn 0.969620 0.003028 -0.244596
vn 0.965466 -0.000000 -0.260529
vn 0.900598 0.054492 -0.431223
vn 0.871788 -0.000000 -0.489883
vn 0.812230 0.084839 -0.577135
vn 0.740909 -0.000000 -0.671605
vn 0.187570 0.021893 -0.982007
vn 0.213595 0.312252 -0.925676
vn 0.242262 0.229472 -0.942683
vn 0.196413 0.677182 -0.709117
vn 0.313294 0.715010 -0.624986
vn 0.238760 0.594865 -0.767548
vn 0.358360 0.631953 -0.687178
vn 0.275168 0.512898 -0.813154
vn 0.395927 0.548018 -0.736830
vn 0.360045 0.262932 -0.895117
vn 0.382723 0.173131 -0.907496
vn 0.426906 0.464817 -0.775691
vn 0.494617 0.193509 -0.847294
vn 0.815158 0.193743 -0.545876
vn 0.907030 0.165292 -0.387267
vn 0.807676 0.299655 -0.507805
vn 0.900628 0.272979 -0.338161
vn 0.790138 0.400794 -0.463732
vn 0.881938 0.375360 -0.285115
vn 0.763224 0.495522 -0.414664
vn 0.727087 0.584221 -0.360598
vn 0.679290 0.670349 -0.298661
vn 0.000000 1.000000 -0.000000
vn 0.222521 0.974928 -0.000000
vn 0.222521 0.974928 -0.000000
vn 0.433884 0.900969 -0.000000
vn 0.433884 0.900969 -0.000000
vn 0.623490 0.781831 -0.000000
vn 0.781831 0.623490 -0.000000
vn 0.900969 0.433884 -0.000000
vn 0.974928 0.222521 -0.000000
vn 1.000000 0.000000 -0.000000
vn 0.000000 -1.000000 -0.000000
vn 0.222521 -0.974928 0.000000
vn 0.000000 -0.991191 0.132438
vn 0.180901 -0.970462 0.159620
vn 0.000000 -0.965466 0.260529
vn 0.177713 -0.931302 0.317954
vn -0.000000 -0.924756 0.380560
vn 0.174761 -0.894169 0.412214
vn -0.000000 -0.871788 0.489883
vn 0.171236 -0.848586 0.500579
vn -0.000000 -0.809562 0.587034
vn 0.167317 -0.796029 0.581673
vn 0.163190 -0.738109 0.654648
vn 0.341270 -0.758938 0.554570
vn 0.333592 -0.705283 0.625534
vn 0.428458 -0.729545 0.533092
vn 0.419528 -0.679117 0.602326
vn 0.514226 -0.692480 0.506008
vn 0.504540 -0.645934 0.572895
vn 0.675893 -0.595061 0.434822
vn 0.666422 -0.557793 0.494721
vn 0.814272 -0.468688 0.342479
vn 0.807137 -0.441674 0.391732
vn 0.918108 -0.320002 0.233832
vn 0.914331 -0.302972 0.268713
vn 0.980243 -0.159703 0.116698
vn 0.979234 -0.151672 0.134522
vn 1.000000 0.000000 0.000000
vn 0.978141 -0.142468 0.151472
vn 1.000000 -0.000000 0.000000
vn 0.976998 -0.132177 0.167344
vn 0.974717 -0.108807 0.195163
vn 0.897840 -0.214416 0.384590
vn 0.890638 -0.161945 0.424898
vn 0.764527 -0.229570 0.602326
vn 0.755293 -0.151218 0.637704
vn 0.601756 -0.184280 0.777130
vn 0.595362 -0.089946 0.798407
vn 0.435983 -0.100749 0.894298
vn 0.434136 -0.000000 0.900847
vn 0.356147 -0.000000 0.934430
vn 0.356722 0.061991 0.932152
vn 0.280615 0.063691 0.957705
vn 0.282110 0.129666 0.950579
vn 0.136170 0.133897 0.981595
vn 0.137510 0.204466 0.969167
vn -0.000000 0.145073 0.989421
vn -0.000000 0.218217 0.975900
vn 0.139458 0.277400 0.950579
vn 0.000000 0.292020 0.956412
vn 0.142039 0.352536 0.924956
vn -0.000000 0.366576 0.930388
vn 0.145257 0.429531 0.891293
vn -0.000000 0.441847 0.897090
vn 0.149082 0.507781 0.848489
vn -0.000000 0.517604 0.855620
vn 0.153443 0.586322 0.795413
vn -0.000000 0.593349 0.804946
vn -0.000000 0.668222 0.743962
vn 0.158210 0.663740 0.731040
vn -0.000000 0.740909 0.671605
vn 0.163190 0.738109 0.654648
vn 0.000000 0.809562 0.587034
vn 0.168123 0.807021 0.566084
vn -0.000000 0.871788 0.489883
vn 0.172704 0.867744 0.466040
vn 0.000000 0.924756 0.380560
vn 0.176611 0.917545 0.356257
vn -0.000000 0.965466 0.260529
vn 0.179564 0.954139 0.239532
vn -0.000000 0.991191 0.132438
vn 0.181369 0.976131 0.119472
vn 0.222521 0.974928 0.000000
vn 0.367020 0.923323 0.113008
vn 0.433884 0.900969 0.000000
vn 0.458070 0.882332 0.107991
vn 0.545914 0.831636 0.101786
vn 0.541953 0.815116 0.204631
vn 0.702238 0.690515 0.173350
vn 0.696120 0.669249 0.259850
vn 0.829134 0.521146 0.202346
vn 0.823081 0.500331 0.268713
vn 0.922698 0.339640 0.182411
vn 0.918818 0.323115 0.226649
vn 0.980432 0.161163 0.113047
vn 0.979234 0.151672 0.134522
vn 1.000000 0.000000 -0.000000
vn 0.977915 0.140493 0.154739
vn 1.000000 0.000000 -0.000000
vn 0.976536 0.127781 0.173350
vn 0.975162 0.113741 0.190059
vn 0.904399 0.253175 0.343461
vn 0.899435 0.224435 0.375026
vn 0.788838 0.364673 0.494721
vn 0.779935 0.321392 0.537038
vn 0.642798 0.454527 0.616617
vn 0.631631 0.398116 0.665241
vn 0.480976 0.520209 0.705723
vn 0.470118 0.453234 0.757343
vn 0.398026 0.544323 0.738436
vn 0.388219 0.473243 0.790776
vn 0.315260 0.563091 0.763898
vn 0.306970 0.488726 0.816649
vn 0.366173 -0.918210 0.151026
vn 0.433884 -0.900969 0.000000
vn 0.457104 -0.877621 0.144350
vn 0.544891 -0.827390 0.136088
vn 0.450484 -0.844900 0.288456
vn 0.537860 -0.797818 0.272382
vn 0.444298 -0.813588 0.375066
vn 0.531259 -0.769388 0.354690
vn 0.436841 -0.774780 0.457041
vn 0.523264 -0.733981 0.432974
vn 0.623490 -0.781831 -0.000000
vn 0.704964 -0.699839 0.115109
vn 0.698421 -0.677302 0.231237
vn 0.692211 -0.655403 0.302143
vn 0.684605 -0.627820 0.370349
vn 0.781831 -0.623490 -0.000000
vn 0.835474 -0.542244 0.089188
vn 0.830792 -0.526730 0.179830
vn 0.826302 -0.511492 0.235799
vn 0.820736 -0.492072 0.290272
vn 0.900969 -0.433884 0.000000
vn 0.929022 -0.365118 0.060054
vn 0.926651 -0.355760 0.121459
vn 0.924356 -0.346485 0.159731
vn 0.921483 -0.334548 0.197349
vn 0.974928 -0.222521 0.000000
vn 0.983107 -0.180604 0.029705
vn 0.982492 -0.176315 0.060195
vn 0.981892 -0.172040 0.079311
vn 0.981137 -0.166502 0.098219
vn 1.000000 -0.000000 0.000000
vn 1.000000 -0.000000 -0.000000
vn 1.000000 -0.000000 0.000000
vn 1.000000 0.000000 0.000000
vn 1.000000 0.000000 -0.000000
vn 0.972685 -0.082672 0.216908
vn 0.885235 -0.107323 0.452593
vn 0.749861 -0.074065 0.657437
vn 0.593349 -0.000000 0.804946
vn 0.434787 0.059756 0.898549
vn 0.358522 0.126171 0.924956
vn 0.284710 0.197884 0.937967
vn 1.000000 -0.000000 0.000000
vn 0.971137 -0.055034 0.232086
vn 0.882011 -0.052753 0.468266
vn 0.748138 -0.000000 0.663543
vn 0.594059 0.053379 0.802649
vn 0.436824 0.121579 0.891293
vn 0.361648 0.192455 0.912235
vn 0.288483 0.268228 0.919147
vn 1.000000 -0.000000 -0.000000
vn 0.970203 -0.027124 0.240769
vn 0.880982 -0.000000 0.473150
vn 0.748746 0.043985 0.661396
vn 0.596277 0.108500 0.795413
vn 0.440357 0.185335 0.878485
vn 0.366176 0.260681 0.893286
vn 0.293466 0.340466 0.893286
vn 1.000000 -0.000000 0.000000
vn 0.969904 -0.000000 0.243489
vn 0.881346 0.031352 0.471431
vn 0.750641 0.089299 0.654648
vn 0.600108 0.165125 0.782690
vn 0.445463 0.250808 0.859452
vn 0.372142 0.330567 0.867315
vn 0.299652 0.414186 0.859452
vn 0.970010 0.016129 0.242531
vn 1.000000 0.000000 -0.000000
vn 0.970339 0.032674 0.239532
vn 0.970899 0.049437 0.234331
vn 0.884411 0.096341 0.456657
vn 0.887147 0.129280 0.443008
vn 0.758541 0.182545 0.625534
vn 0.764527 0.229570 0.602326
vn 0.612780 0.281447 0.738436
vn 0.621519 0.340101 0.705723
vn 0.460433 0.385380 0.799678
vn 1.000000 0.000000 -0.000000
vn 0.971687 0.066188 0.226810
vn 0.890638 0.161945 0.424898
vn 0.771729 0.276089 0.572895
vn 0.972685 0.082672 0.216908
vn 1.000000 -0.000000 -0.000000
vn 0.973859 0.098615 0.204631
vn 1.000000 0.000000 -0.000000
vn 0.981457 0.168869 0.090695
vn 0.925806 0.352370 0.136815
vn 0.833530 0.535847 0.134522
vn 0.705910 0.703055 0.086049
vn 0.982271 0.174755 0.067852
vn 1.000000 -0.000000 0.000000
vn 0.982853 0.178843 0.044898
vn 1.000000 0.000000 -0.000000
vn 0.983195 0.181207 0.022178
vn 0.974928 0.222521 -0.000000
vn 0.929361 0.366437 0.044849
vn 0.900969 0.433884 0.000000
vn 0.836147 0.544443 0.066636
vn -0.000000 0.072410 0.997375
vn 0.135401 0.065746 0.988607
vn 0.280138 -0.000000 0.959960
vn 0.357779 -0.104538 0.927936
vn 0.441882 -0.206982 0.872868
vn 0.612780 -0.281447 0.738436
vn 0.777105 -0.306474 0.549710
vn 0.906084 -0.262248 0.332022
vn -0.000000 -0.000000 1.000000
vn 0.135156 -0.000000 0.990824
vn 0.281493 -0.107422 0.953531
vn 0.362999 -0.214992 0.906648
vn 0.452169 -0.317659 0.833448
vn 0.628125 -0.378904 0.679625
vn 0.791896 -0.378501 0.479205
vn 0.910277 -0.283641 0.301567
vn -0.000000 -0.072410 0.997375
vn 0.135853 -0.110911 0.984501
vn 0.285835 -0.221104 0.932422
vn 0.372142 -0.330567 0.867315
vn 0.466745 -0.430658 0.772453
vn 0.646681 -0.472780 0.598567
vn 0.799589 -0.411450 0.437454
vn 0.000000 -0.145073 0.989421
vn 0.138090 -0.228520 0.963696
vn 0.293466 -0.340466 0.893286
vn 0.385185 -0.449380 0.806034
vn 0.484793 -0.542119 0.686354
vn 0.656564 -0.516770 0.549430
vn -0.000000 -0.218217 0.975900
vn -0.000000 -0.292020 0.956412
vn 0.142039 -0.352536 0.924956
vn -0.000000 -0.366576 0.930388
vn 0.000000 -0.441847 0.897090
vn 0.147743 -0.481609 0.863843
vn -0.000000 -0.517604 0.855620
vn 0.154995 -0.612337 0.775255
vn -0.000000 -0.593349 0.804946
vn -0.000000 -0.668222 0.743962
vn 0.159031 -0.676406 0.719155
vn -0.000000 -0.740909 0.671605
vn 0.360380 -0.882775 0.301387
vn 0.354987 -0.848998 0.391390
vn 0.348513 -0.807307 0.476229
vn 0.494606 -0.595454 0.633087
vn 0.410425 -0.624762 0.664247
vn 0.401488 -0.567678 0.718713
vn 0.325805 -0.647743 0.688680
vn 0.318198 -0.587612 0.743951
vn 0.304413 -0.463842 0.831975
vn 0.882477 0.063571 0.466040
vn 0.753898 0.135621 0.642841
vn 0.605612 0.222923 0.763898
vn 0.452169 0.317659 0.833448
vn 0.379523 0.401655 0.833448
vn 0.894783 0.193842 0.402229
vn 0.909445 0.279519 0.307861
vn 0.914331 0.302972 0.268713
vn 0.798053 0.405062 0.446134
vn 0.807137 0.441674 0.391732
vn 0.815626 0.473668 0.332254
vn 0.654578 0.508184 0.559711
vn 0.666422 0.557793 0.494721
vn 0.677708 0.601997 0.422270
vn 0.687798 0.639507 0.343461
vn 0.492622 0.584983 0.644297
vn 0.504540 0.645934 0.572895
vn 0.516098 0.701219 0.491869
vn 0.526608 0.748930 0.402229
vn 0.535407 0.787330 0.305698
vn 0.408615 0.613527 0.675736
vn 0.419528 0.679117 0.602326
vn 0.430190 0.739049 0.518405
vn 0.439955 0.791139 0.424898
vn 0.448182 0.833332 0.323559
vn 0.454334 0.864021 0.216908
vn 0.324261 0.635885 0.700361
vn 0.333592 0.705283 0.625534
vn 0.342764 0.769080 0.539470
vn 0.351214 0.824859 0.443008
vn 0.358370 0.870282 0.337906
vn 0.363746 0.903464 0.226810
vn 0.928040 0.361269 0.090695
vn 0.222521 -0.974928 -0.000000
vn 0.222521 -0.974928 -0.000000
vn 0.433884 -0.900969 -0.000000
vn 0.900969 -0.433884 -0.000000
vn 0.974928 -0.222521 -0.000000
vn 0.974928 -0.222521 -0.000000
vn 0.593349 -0.000000 -0.804946
vn 0.441847 -0.000000 -0.897090
vn 0.292020 -0.000000 -0.956412
vn -0.000000 0.441847 -0.897090
vn -0.000000 0.292020 -0.956412
vn 0.000000 -0.740909 -0.671605
vn 0.000000 -0.441847 -0.897090
vn 0.000000 -0.292020 -0.956412
vn 0.000000 -0.292020 -0.956412
vn 0.871788 -0.000000 -0.489883
vn 0.593349 -0.000000 -0.804946
vn 0.441847 -0.000000 -0.897090
vn 0.292020 -0.000000 -0.956412
vn -0.740909 0.000000 -0.671605
vn -0.441847 0.000000 -0.897090
vn -0.292020 0.000000 -0.956412
vn -0.292020 0.000000 -0.956412
vn -0.000000 0.871788 -0.489883
vn -0.000000 0.593349 -0.804946
vn -0.000000 0.593349 -0.804946
vn -0.441847 0.000000 -0.897090
vn -0.292020 0.000000 -0.956412
vn -0.000000 0.991191 0.132438
vn -0.000000 0.991191 0.132438
vn -0.000000 0.965466 0.260529
vn -0.000000 0.965466 0.260529
vn -0.000000 0.809562 0.587034
vn -0.000000 0.809562 0.587034
vn -0.000000 0.740909 0.671605
vn -0.000000 0.740909 0.671605
vn -0.000000 0.668222 0.743962
vn -0.000000 0.668222 0.743962
vn -0.000000 0.517604 0.855620
vn -0.000000 0.517604 0.855620
vn -0.000000 0.441847 0.897090
vn -0.000000 0.441847 0.897090
vn -0.000000 0.366576 0.930388
vn -0.000000 0.366576 0.930388
vn -0.000000 0.292020 0.956412
vn -0.000000 0.292020 0.956412
vn -0.000000 0.218217 0.975900
vn -0.000000 0.218217 0.975900
vn -0.000000 0.145073 0.989421
vn -0.000000 0.145073 0.989421
vn -0.000000 0.072410 0.997375
vn -0.000000 0.072410 0.997375
vn -0.000000 -0.072410 0.997375
vn -0.000000 -0.072410 0.997375
vn -0.000000 -0.145073 0.989421
vn -0.000000 -0.145073 0.989421
vn -0.000000 -0.218217 0.975900
vn -0.000000 -0.218217 0.975900
vn -0.000000 -0.292020 0.956412
vn -0.000000 -0.292020 0.956412
vn -0.000000 -0.366576 0.930388
vn -0.000000 -0.366576 0.930388
vn -0.000000 -0.441847 0.897090
vn -0.000000 -0.441847 0.897090
vn -0.000000 -0.517604 0.855620
vn -0.000000 -0.517604 0.855620
vn -0.000000 -0.668222 0.743962
vn -0.000000 -0.668222 0.743962
vn -0.000000 -0.740909 0.671605
vn -0.000000 -0.740909 0.671605
vn -0.000000 -0.809562 0.587034
vn -0.000000 -0.809562 0.587034
vn -0.000000 -0.965466 0.260529
vn -0.000000 -0.965466 0.260529
vn -0.000000 -0.991191 0.132438
vn -0.000000 -0.991191 0.132438
usemtl Aluminum_-_Anodized_Rough_(Blue)
f 1/1/1 2/2/2 18/3/3
f 18/3/3 2/2/2 17/4/4
f 17/4/4 2/2/2 3/5/5
f 17/4/4 3/5/5 16/6/6
f 16/6/6 3/5/5 4/7/7
f 16/6/6 4/7/7 15/8/8
f 15/8/8 4/7/7 5/9/9
f 15/8/8 5/9/9 14/10/10
f 14/10/10 5/9/9 6/11/11
f 14/10/10 6/11/11 13/12/12
f 13/12/12 6/11/11 7/13/13
f 13/12/12 7/13/13 12/14/14
f 12/14/14 7/13/13 11/15/15
f 11/15/15 7/13/13 8/16/16
f 11/15/15 8/16/16 9/17/17
f 9/17/17 10/18/18 11/15/15
f 10/19/18 9/20/17 32/21/19
f 32/21/19 9/20/17 19/22/20
f 32/21/19 19/22/20 31/23/21
f 31/23/21 19/22/20 20/24/22
f 31/23/21 20/24/22 30/25/23
f 30/25/23 20/24/22 21/26/24
f 30/25/23 21/26/24 22/27/25
f 30/25/23 22/27/25 29/28/26
f 29/28/26 22/27/25 23/29/27
f 29/28/26 23/29/27 28/30/28
f 28/30/28 23/29/27 24/31/29
f 28/30/28 24/31/29 27/32/30
f 27/32/30 24/31/29 25/33/31
f 27/32/30 25/33/31 26/34/32
f 33/35/33 34/36/34 48/37/35
f 48/37/35 34/36/34 47/38/36
f 47/38/36 34/36/34 35/39/37
f 47/38/36 35/39/37 46/40/38
f 46/40/38 35/39/37 36/41/39
f 46/40/38 36/41/39 45/42/40
f 45/42/40 36/41/39 37/43/41
f 45/42/40 37/43/41 44/44/42
f 44/44/42 37/43/41 38/45/43
f 44/44/42 38/45/43 43/46/44
f 43/46/44 38/45/43 39/47/45
f 43/46/44 39/47/45 42/48/46
f 42/48/46 39/47/45 41/49/47
f 41/49/47 39/47/45 40/50/48
f 41/49/47 40/50/48 26/51/32
f 26/51/32 25/52/31 41/49/47
f 50/53/49 78/54/50 49/55/51
f 49/55/51 78/54/50 79/56/52
f 49/55/51 79/56/52 73/57/53
f 73/57/53 79/56/52 82/58/54
f 73/57/53 82/58/54 88/59/55
f 88/59/55 82/58/54 81/60/56
f 88/59/55 81/60/56 87/61/57
f 87/61/57 81/60/56 80/62/58
f 87/61/57 80/62/58 86/63/59
f 86/63/59 80/62/58 51/64/60
f 86/63/59 51/64/60 85/65/61
f 85/65/61 51/64/60 52/66/62
f 85/65/61 52/66/62 84/67/63
f 84/67/63 52/66/62 53/68/64
f 84/67/63 53/68/64 83/69/65
f 83/69/65 53/68/64 54/70/66
f 83/69/65 54/70/66 91/71/67
f 91/71/67 54/70/66 90/72/68
f 91/71/67 90/72/68 98/73/69
f 98/73/69 90/72/68 97/74/70
f 98/73/69 97/74/70 107/75/71
f 107/75/71 97/74/70 106/76/72
f 107/75/71 106/76/72 116/77/73
f 116/77/73 106/76/72 115/78/74
f 116/77/73 115/78/74 124/79/75
f 124/79/75 115/78/74 123/80/76
f 124/79/75 123/80/76 60/81/77
f 60/81/77 123/80/76 59/82/78
f 59/82/78 123/80/76 115/78/74
f 59/82/78 115/78/74 114/83/79
f 114/83/79 115/78/74 105/84/80
f 114/83/79 105/84/80 104/85/81
f 104/85/81 105/84/80 57/86/82
f 104/85/81 57/86/82 58/87/83
f 51/64/60 80/62/58 50/53/49
f 50/53/49 80/62/58 81/60/56
f 50/53/49 81/60/56 78/54/50
f 78/54/50 81/60/56 82/58/54
f 78/54/50 82/58/54 79/56/52
f 90/72/68 54/70/66 89/88/84
f 89/88/84 54/70/66 55/89/85
f 89/88/84 55/89/85 97/74/70
f 97/74/70 55/89/85 56/90/86
f 97/74/70 56/90/86 96/91/87
f 96/91/87 56/90/86 57/86/82
f 96/91/87 57/86/82 105/84/80
f 104/85/81 58/87/83 114/83/79
f 114/83/79 58/87/83 59/82/78
f 124/79/75 60/81/77 130/92/88
f 130/92/88 60/81/77 61/93/89
f 130/92/88 61/93/89 131/94/90
f 131/94/90 61/93/89 62/95/91
f 131/94/90 62/95/91 132/96/92
f 132/96/92 62/95/91 137/97/93
f 132/96/92 137/97/93 138/98/94
f 138/98/94 137/97/93 63/99/95
f 138/98/94 63/99/95 139/100/96
f 139/100/96 63/99/95 142/101/97
f 139/100/96 142/101/97 143/102/98
f 143/102/98 142/101/97 64/103/99
f 143/102/98 64/103/99 145/104/100
f 145/104/100 64/103/99 65/105/101
f 145/104/100 65/105/101 144/106/102
f 144/106/102 65/105/101 66/107/103
f 144/106/102 66/107/103 74/108/104
f 74/108/104 66/107/103 67/109/105
f 74/108/104 67/109/105 141/110/106
f 141/110/106 67/109/105 68/111/107
f 141/110/106 68/111/107 136/112/108
f 136/112/108 68/111/107 75/113/109
f 136/112/108 75/113/109 129/114/110
f 129/114/110 75/113/109 121/115/111
f 129/114/110 121/115/111 120/116/112
f 120/116/112 121/115/111 111/117/113
f 120/116/112 111/117/113 110/118/114
f 110/118/114 111/117/113 101/119/115
f 110/118/114 101/119/115 100/120/116
f 100/120/116 101/119/115 93/121/117
f 100/120/116 93/121/117 92/122/118
f 92/122/118 93/121/117 84/67/63
f 92/122/118 84/67/63 83/69/65
f 62/95/91 63/99/95 137/97/93
f 63/99/95 64/103/99 142/101/97
f 68/111/107 69/123/119 75/113/109
f 75/113/109 69/123/119 122/124/120
f 75/113/109 122/124/120 121/115/111
f 121/115/111 122/124/120 112/125/121
f 121/115/111 112/125/121 111/117/113
f 111/117/113 112/125/121 102/126/122
f 111/117/113 102/126/122 101/119/115
f 101/119/115 102/126/122 94/127/123
f 101/119/115 94/127/123 93/121/117
f 93/121/117 94/127/123 85/65/61
f 93/121/117 85/65/61 84/67/63
f 69/123/119 70/128/124 122/124/120
f 122/124/120 70/128/124 113/129/125
f 122/124/120 113/129/125 112/125/121
f 112/125/121 113/129/125 103/130/126
f 112/125/121 103/130/126 102/126/122
f 102/126/122 103/130/126 95/131/127
f 102/126/122 95/131/127 94/127/123
f 94/127/123 95/131/127 86/63/59
f 94/127/123 86/63/59 85/65/61
f 113/129/125 70/128/124 76/132/128
f 76/132/128 70/128/124 71/133/129
f 76/132/128 71/133/129 77/134/130
f 77/134/130 71/133/129 72/135/131
f 77/134/130 72/135/131 88/59/55
f 88/59/55 72/135/131 73/57/53
f 77/134/130 88/59/55 87/61/57
f 77/134/130 87/61/57 95/131/127
f 95/131/127 87/61/57 86/63/59
f 97/74/70 90/72/68 89/88/84
f 83/69/65 91/71/67 92/122/118
f 92/122/118 91/71/67 99/136/132
f 92/122/118 99/136/132 100/120/116
f 100/120/116 99/136/132 109/137/133
f 100/120/116 109/137/133 110/118/114
f 110/118/114 109/137/133 119/138/134
f 110/118/114 119/138/134 120/116/112
f 120/116/112 119/138/134 128/139/135
f 120/116/112 128/139/135 129/114/110
f 129/114/110 128/139/135 135/140/136
f 129/114/110 135/140/136 136/112/108
f 136/112/108 135/140/136 141/110/106
f 99/136/132 91/71/67 98/73/69
f 76/132/128 77/134/130 103/130/126
f 103/130/126 77/134/130 95/131/127
f 106/76/72 97/74/70 96/91/87
f 99/136/132 98/73/69 108/141/137
f 108/141/137 98/73/69 107/75/71
f 108/141/137 107/75/71 117/142/138
f 117/142/138 107/75/71 116/77/73
f 117/142/138 116/77/73 125/143/139
f 125/143/139 116/77/73 124/79/75
f 125/143/139 124/79/75 131/94/90
f 131/94/90 124/79/75 130/92/88
f 113/129/125 76/132/128 103/130/126
f 115/78/74 106/76/72 105/84/80
f 105/84/80 106/76/72 96/91/87
f 99/136/132 108/141/137 109/137/133
f 109/137/133 108/141/137 118/144/140
f 109/137/133 118/144/140 119/138/134
f 119/138/134 118/144/140 127/145/141
f 119/138/134 127/145/141 128/139/135
f 128/139/135 127/145/141 134/146/142
f 128/139/135 134/146/142 135/140/136
f 135/140/136 134/146/142 140/147/143
f 135/140/136 140/147/143 141/110/106
f 141/110/106 140/147/143 74/108/104
f 118/144/140 108/141/137 117/142/138
f 118/144/140 117/142/138 126/148/144
f 126/148/144 117/142/138 125/143/139
f 126/148/144 125/143/139 132/96/92
f 132/96/92 125/143/139 131/94/90
f 118/144/140 126/148/144 127/145/141
f 127/145/141 126/148/144 133/149/145
f 127/145/141 133/149/145 134/146/142
f 134/146/142 133/149/145 139/100/96
f 134/146/142 139/100/96 140/147/143
f 140/147/143 139/100/96 143/102/98
f 140/147/143 143/102/98 74/108/104
f 74/108/104 143/102/98 145/104/100
f 74/108/104 145/104/100 144/106/102
f 133/149/145 126/148/144 132/96/92
f 139/100/96 133/149/145 138/98/94
f 138/98/94 133/149/145 132/96/92
f 24/150/146 64/151/99 25/152/147
f 25/152/147 64/151/99 63/153/95
f 25/152/147 63/153/95 41/154/148
f 41/154/148 63/153/95 62/155/91
f 41/154/148 62/155/91 42/156/149
f 42/156/149 62/155/91 43/157/150
f 43/157/150 62/155/91 61/158/89
f 43/157/150 61/158/89 44/159/151
f 44/159/151 61/158/89 60/160/152
f 44/159/151 60/160/152 45/161/153
f 45/161/153 60/160/152 46/162/154
f 46/162/154 60/160/152 59/163/155
f 46/162/154 59/163/155 47/164/156
f 47/164/156 59/163/155 58/165/83
f 47/164/156 58/165/83 48/166/35
f 24/150/146 23/167/157 64/151/99
f 64/151/99 23/167/157 65/168/101
f 65/168/101 23/167/157 22/169/158
f 147/170/159 171/171/160 146/172/161
f 146/172/161 171/171/160 176/173/162
f 146/172/161 176/173/162 170/174/163
f 170/174/163 176/173/162 183/175/164
f 170/174/163 183/175/164 182/176/165
f 182/176/165 183/175/164 179/177/166
f 182/176/165 179/177/166 169/178/167
f 169/178/167 179/177/166 180/179/168
f 169/178/167 180/179/168 168/180/169
f 168/180/169 180/179/168 181/181/170
f 168/180/169 181/181/170 167/182/171
f 167/182/171 181/181/170 189/183/172
f 167/182/171 189/183/172 190/184/173
f 190/184/173 189/183/172 203/185/174
f 190/184/173 203/185/174 202/186/175
f 202/186/175 203/185/174 198/187/176
f 202/186/175 198/187/176 199/188/177
f 199/188/177 198/187/176 215/189/178
f 199/188/177 215/189/178 216/190/179
f 216/190/179 215/189/178 173/191/180
f 216/190/179 173/191/180 162/192/181
f 162/192/181 173/191/180 161/193/182
f 161/193/182 173/191/180 217/194/183
f 161/193/182 217/194/183 231/195/184
f 231/195/184 217/194/183 218/196/185
f 231/195/184 218/196/185 230/197/186
f 230/197/186 218/196/185 219/198/187
f 230/197/186 219/198/187 229/199/188
f 229/199/188 219/198/187 220/200/189
f 229/199/188 220/200/189 228/201/190
f 228/201/190 220/200/189 221/202/191
f 228/201/190 221/202/191 227/203/192
f 227/203/192 221/202/191 222/204/193
f 227/203/192 222/204/193 226/205/194
f 226/205/194 222/204/193 223/206/195
f 226/205/194 223/206/195 225/207/196
f 225/207/196 223/206/195 174/208/197
f 225/207/196 174/208/197 224/209/198
f 224/209/198 174/208/197 151/210/199
f 224/209/198 151/210/199 152/211/200
f 148/212/201 177/213/202 147/170/159
f 147/170/159 177/213/202 184/214/203
f 147/170/159 184/214/203 171/171/160
f 171/171/160 184/214/203 183/175/164
f 171/171/160 183/175/164 176/173/162
f 149/215/204 172/216/205 148/212/201
f 148/212/201 172/216/205 185/217/206
f 148/212/201 185/217/206 177/213/202
f 177/213/202 185/217/206 186/218/207
f 177/213/202 186/218/207 178/219/208
f 178/219/208 186/218/207 187/220/209
f 178/219/208 187/220/209 179/177/166
f 179/177/166 187/220/209 188/221/210
f 179/177/166 188/221/210 180/179/168
f 180/179/168 188/221/210 189/183/172
f 180/179/168 189/183/172 181/181/170
f 172/216/205 149/215/204 192/222/211
f 192/222/211 149/215/204 150/223/212
f 192/222/211 150/223/212 208/224/213
f 208/224/213 150/223/212 174/208/197
f 208/224/213 174/208/197 223/206/195
f 150/223/212 151/210/199 174/208/197
f 153/225/214 175/226/215 152/211/200
f 152/211/200 175/226/215 232/227/216
f 152/211/200 232/227/216 224/209/198
f 224/209/198 232/227/216 233/228/217
f 224/209/198 233/228/217 225/207/196
f 225/207/196 233/228/217 234/229/218
f 225/207/196 234/229/218 226/205/194
f 226/205/194 234/229/218 235/230/219
f 226/205/194 235/230/219 227/203/192
f 227/203/192 235/230/219 236/231/220
f 227/203/192 236/231/220 228/201/190
f 228/201/190 236/231/220 237/232/221
f 228/201/190 237/232/221 229/199/188
f 229/199/188 237/232/221 159/233/222
f 229/199/188 159/233/222 230/197/186
f 230/197/186 159/233/222 160/234/223
f 230/197/186 160/234/223 231/195/184
f 231/195/184 160/234/223 161/193/182
f 175/226/215 153/225/214 242/235/224
f 242/235/224 153/225/214 154/236/225
f 242/235/224 154/236/225 155/237/226
f 242/235/224 155/237/226 243/238/227
f 243/238/227 155/237/226 156/239/228
f 243/238/227 156/239/228 244/240/229
f 244/240/229 156/239/228 157/241/230
f 244/240/229 157/241/230 240/242/231
f 240/242/231 157/241/230 239/243/232
f 240/242/231 239/243/232 234/229/218
f 234/229/218 239/243/232 235/230/219
f 239/243/232 157/241/230 238/244/233
f 238/244/233 157/241/230 158/245/234
f 238/244/233 158/245/234 236/231/220
f 236/231/220 158/245/234 237/232/221
f 158/245/234 159/233/222 237/232/221
f 162/192/181 163/246/235 216/190/179
f 216/190/179 163/246/235 200/247/236
f 216/190/179 200/247/236 199/188/177
f 199/188/177 200/247/236 164/248/237
f 199/188/177 164/248/237 201/249/238
f 201/249/238 164/248/237 165/250/239
f 201/249/238 165/250/239 202/186/175
f 202/186/175 165/250/239 191/251/240
f 202/186/175 191/251/240 190/184/173
f 190/184/173 191/251/240 167/182/171
f 163/246/235 164/248/237 200/247/236
f 165/250/239 166/252/241 191/251/240
f 191/251/240 166/252/241 167/182/171
f 169/178/167 170/174/163 182/176/165
f 183/175/164 184/214/203 178/219/208
f 178/219/208 184/214/203 177/213/202
f 178/219/208 179/177/166 183/175/164
f 186/218/207 185/217/206 207/253/242
f 207/253/242 185/217/206 172/216/205
f 207/253/242 172/216/205 193/254/243
f 193/254/243 172/216/205 192/222/211
f 193/254/243 192/222/211 209/255/244
f 209/255/244 192/222/211 208/224/213
f 209/255/244 208/224/213 223/206/195
f 187/220/209 186/218/207 206/256/245
f 206/256/245 186/218/207 207/253/242
f 206/256/245 207/253/242 194/257/246
f 194/257/246 207/253/242 193/254/243
f 194/257/246 193/254/243 210/258/247
f 210/258/247 193/254/243 209/255/244
f 210/258/247 209/255/244 222/204/193
f 222/204/193 209/255/244 223/206/195
f 188/221/210 187/220/209 205/259/248
f 205/259/248 187/220/209 206/256/245
f 205/259/248 206/256/245 195/260/249
f 195/260/249 206/256/245 194/257/246
f 195/260/249 194/257/246 211/261/250
f 211/261/250 194/257/246 210/258/247
f 211/261/250 210/258/247 221/202/191
f 221/202/191 210/258/247 222/204/193
f 189/183/172 188/221/210 204/262/251
f 204/262/251 188/221/210 205/259/248
f 204/262/251 205/259/248 196/263/252
f 196/263/252 205/259/248 195/260/249
f 196/263/252 195/260/249 212/264/253
f 212/264/253 195/260/249 211/261/250
f 212/264/253 211/261/250 220/200/189
f 220/200/189 211/261/250 221/202/191
f 196/263/252 197/265/254 204/262/251
f 204/262/251 197/265/254 203/185/174
f 204/262/251 203/185/174 189/183/172
f 203/185/174 197/265/254 198/187/176
f 198/187/176 197/265/254 214/266/255
f 198/187/176 214/266/255 215/189/178
f 215/189/178 214/266/255 217/194/183
f 215/189/178 217/194/183 173/191/180
f 197/265/254 196/263/252 213/267/256
f 213/267/256 196/263/252 212/264/253
f 213/267/256 212/264/253 219/198/187
f 219/198/187 212/264/253 220/200/189
f 201/249/238 202/186/175 199/188/177
f 197/265/254 213/267/256 214/266/255
f 214/266/255 213/267/256 218/196/185
f 214/266/255 218/196/185 217/194/183
f 218/196/185 213/267/256 219/198/187
f 240/242/231 234/229/218 233/228/217
f 233/228/217 232/227/216 241/268/257
f 241/268/257 232/227/216 175/226/215
f 241/268/257 175/226/215 243/238/227
f 243/238/227 175/226/215 242/235/224
f 238/244/233 236/231/220 235/230/219
f 238/244/233 235/230/219 239/243/232
f 243/238/227 244/240/229 241/268/257
f 241/268/257 244/240/229 240/242/231
f 241/268/257 240/242/231 233/228/217
f 29/269/258 28/270/259 155/271/226
f 155/271/226 28/270/259 156/272/260
f 156/272/260 28/270/259 27/273/261
f 156/272/260 27/273/261 26/274/262
f 156/272/260 26/274/262 157/275/230
f 157/275/230 26/274/262 40/276/263
f 157/275/230 40/276/263 158/277/234
f 158/277/234 40/276/263 39/278/264
f 158/277/234 39/278/264 38/279/265
f 158/277/234 38/279/265 159/280/222
f 159/280/222 38/279/265 37/281/266
f 159/280/222 37/281/266 160/282/223
f 160/282/223 37/281/266 36/283/267
f 160/282/223 36/283/267 35/284/268
f 160/282/223 35/284/268 161/285/269
f 161/285/269 35/284/268 34/286/270
f 161/285/269 34/286/270 162/287/181
f 162/287/181 34/286/270 33/288/33
f 246/289/271 284/290/272 245/291/273
f 245/291/273 284/290/272 283/292/274
f 245/291/273 283/292/274 269/293/275
f 269/293/275 283/292/274 329/294/276
f 269/293/275 329/294/276 268/295/277
f 268/295/277 329/294/276 328/296/278
f 268/295/277 328/296/278 330/297/279
f 330/297/279 328/296/278 331/298/280
f 330/297/279 331/298/280 267/299/281
f 267/299/281 331/298/280 332/300/282
f 267/299/281 332/300/282 345/301/283
f 345/301/283 332/300/282 333/302/284
f 345/301/283 333/302/284 344/303/285
f 344/303/285 333/302/284 334/304/286
f 344/303/285 334/304/286 343/305/287
f 343/305/287 334/304/286 335/306/288
f 343/305/287 335/306/288 342/307/289
f 342/307/289 335/306/288 336/308/290
f 342/307/289 336/308/290 341/309/291
f 341/309/291 336/308/290 337/310/292
f 341/309/291 337/310/292 340/311/293
f 340/311/293 337/310/292 338/312/294
f 340/311/293 338/312/294 339/313/295
f 339/313/295 338/312/294 259/314/296
f 339/313/295 259/314/296 260/315/297
f 247/316/298 295/317/299 246/289/271
f 246/289/271 295/317/299 285/318/300
f 246/289/271 285/318/300 284/290/272
f 284/290/272 285/318/300 283/292/274
f 295/317/299 247/316/298 296/319/301
f 296/319/301 247/316/298 248/320/302
f 296/319/301 248/320/302 305/321/303
f 305/321/303 248/320/302 306/322/304
f 305/321/303 306/322/304 297/323/305
f 297/323/305 306/322/304 298/324/306
f 297/323/305 298/324/306 287/325/307
f 287/325/307 298/324/306 288/326/308
f 287/325/307 288/326/308 280/327/309
f 280/327/309 288/326/308 279/328/310
f 280/327/309 279/328/310 327/329/311
f 327/329/311 279/328/310 326/330/312
f 327/329/311 326/330/312 332/300/282
f 332/300/282 326/330/312 333/302/284
f 248/320/302 249/331/313 306/322/304
f 306/322/304 249/331/313 307/332/314
f 306/322/304 307/332/314 298/324/306
f 298/324/306 307/332/314 299/333/315
f 298/324/306 299/333/315 288/326/308
f 288/326/308 299/333/315 289/334/316
f 288/326/308 289/334/316 279/328/310
f 279/328/310 289/334/316 278/335/317
f 279/328/310 278/335/317 326/330/312
f 326/330/312 278/335/317 325/336/318
f 326/330/312 325/336/318 333/302/284
f 333/302/284 325/336/318 334/304/286
f 249/331/313 250/337/319 307/332/314
f 307/332/314 250/337/319 313/338/320
f 307/332/314 313/338/320 308/339/321
f 308/339/321 313/338/320 314/340/322
f 308/339/321 314/340/322 309/341/323
f 309/341/323 314/340/322 315/342/324
f 309/341/323 315/342/324 310/343/325
f 310/343/325 315/342/324 316/344/326
f 310/343/325 316/344/326 311/345/327
f 311/345/327 316/344/326 271/346/328
f 311/345/327 271/346/328 312/347/329
f 312/347/329 271/346/328 256/348/330
f 312/347/329 256/348/330 304/349/331
f 304/349/331 256/348/330 257/350/332
f 304/349/331 257/350/332 294/351/333
f 294/351/333 257/350/332 272/352/334
f 294/351/333 272/352/334 274/353/335
f 274/353/335 272/352/334 321/354/336
f 274/353/335 321/354/336 322/355/337
f 322/355/337 321/354/336 337/310/292
f 322/355/337 337/310/292 336/308/290
f 313/338/320 250/337/319 314/340/322
f 314/340/322 250/337/319 251/356/338
f 314/340/322 251/356/338 315/342/324
f 315/342/324 251/356/338 317/357/339
f 315/342/324 317/357/339 318/358/340
f 318/358/340 317/357/339 252/359/341
f 318/358/340 252/359/341 320/360/342
f 320/360/342 252/359/341 253/361/343
f 320/360/342 253/361/343 270/362/344
f 270/362/344 253/361/343 254/363/345
f 270/362/344 254/363/345 255/364/346
f 251/356/338 252/359/341 317/357/339
f 256/348/330 271/346/328 255/364/346
f 255/364/346 271/346/328 319/365/347
f 255/364/346 319/365/347 270/362/344
f 270/362/344 319/365/347 318/358/340
f 270/362/344 318/358/340 320/360/342
f 257/350/332 258/366/348 272/352/334
f 272/352/334 258/366/348 273/367/349
f 272/352/334 273/367/349 321/354/336
f 321/354/336 273/367/349 338/312/294
f 321/354/336 338/312/294 337/310/292
f 258/366/348 259/314/296 273/367/349
f 273/367/349 259/314/296 338/312/294
f 339/313/295 260/315/297 346/368/350
f 346/368/350 260/315/297 261/369/351
f 346/368/350 261/369/351 262/370/352
f 346/368/350 262/370/352 347/371/353
f 347/371/353 262/370/352 263/372/354
f 347/371/353 263/372/354 348/373/355
f 348/373/355 263/372/354 264/374/356
f 348/373/355 264/374/356 341/309/291
f 341/309/291 264/374/356 342/307/289
f 264/374/356 265/375/357 342/307/289
f 342/307/289 265/375/357 343/305/287
f 343/305/287 265/375/357 344/303/285
f 344/303/285 265/375/357 266/376/358
f 344/303/285 266/376/358 345/301/283
f 345/301/283 266/376/358 267/299/281
f 267/299/281 268/295/277 330/297/279
f 274/353/335 275/377/359 293/378/360
f 293/378/360 275/377/359 292/379/361
f 293/378/360 292/379/361 303/380/362
f 303/380/362 292/379/361 302/381/363
f 303/380/362 302/381/363 311/345/327
f 311/345/327 302/381/363 310/343/325
f 275/377/359 276/382/364 292/379/361
f 292/379/361 276/382/364 291/383/365
f 292/379/361 291/383/365 302/381/363
f 302/381/363 291/383/365 301/384/366
f 302/381/363 301/384/366 310/343/325
f 310/343/325 301/384/366 309/341/323
f 274/353/335 322/355/337 275/377/359
f 275/377/359 322/355/337 323/385/367
f 275/377/359 323/385/367 276/382/364
f 276/382/364 323/385/367 324/386/368
f 276/382/364 324/386/368 277/387/369
f 277/387/369 324/386/368 325/336/318
f 277/387/369 325/336/318 278/335/317
f 276/382/364 277/387/369 291/383/365
f 291/383/365 277/387/369 290/388/370
f 291/383/365 290/388/370 301/384/366
f 301/384/366 290/388/370 300/389/371
f 301/384/366 300/389/371 309/341/323
f 309/341/323 300/389/371 308/339/321
f 277/387/369 278/335/317 290/388/370
f 290/388/370 278/335/317 289/334/316
f 290/388/370 289/334/316 300/389/371
f 300/389/371 289/334/316 299/333/315
f 300/389/371 299/333/315 308/339/321
f 308/339/321 299/333/315 307/332/314
f 280/327/309 281/390/372 287/325/307
f 287/325/307 281/390/372 286/391/373
f 287/325/307 286/391/373 297/323/305
f 297/323/305 286/391/373 296/319/301
f 297/323/305 296/319/301 305/321/303
f 281/390/372 282/392/374 286/391/373
f 286/391/373 282/392/374 285/318/300
f 286/391/373 285/318/300 296/319/301
f 296/319/301 285/318/300 295/317/299
f 281/390/372 280/327/309 328/296/278
f 328/296/278 280/327/309 327/329/311
f 328/296/278 327/329/311 331/298/280
f 331/298/280 327/329/311 332/300/282
f 329/294/276 283/292/274 282/392/374
f 282/392/374 283/292/274 285/318/300
f 328/296/278 329/294/276 281/390/372
f 281/390/372 329/294/276 282/392/374
f 304/349/331 294/351/333 293/378/360
f 293/378/360 294/351/333 274/353/335
f 304/349/331 293/378/360 303/380/362
f 312/347/329 304/349/331 303/380/362
f 312/347/329 303/380/362 311/345/327
f 319/365/347 271/346/328 316/344/326
f 319/365/347 316/344/326 318/358/340
f 318/358/340 316/344/326 315/342/324
f 322/355/337 336/308/290 323/385/367
f 323/385/367 336/308/290 335/306/288
f 323/385/367 335/306/288 324/386/368
f 324/386/368 335/306/288 334/304/286
f 324/386/368 334/304/286 325/336/318
f 348/373/355 341/309/291 340/311/293
f 346/368/350 347/371/353 339/313/295
f 339/313/295 347/371/353 340/311/293
f 347/371/353 348/373/355 340/311/293
f 350/393/375 376/394/376 349/395/377
f 349/395/377 376/394/376 377/396/378
f 349/395/377 377/396/378 373/397/379
f 373/397/379 377/396/378 378/398/380
f 373/397/379 378/398/380 379/399/381
f 379/399/381 378/398/380 384/400/382
f 379/399/381 384/400/382 385/401/383
f 385/401/383 384/400/382 393/402/384
f 385/401/383 393/402/384 394/403/385
f 394/403/385 393/402/384 403/404/386
f 394/403/385 403/404/386 404/405/387
f 404/405/387 403/404/386 413/406/388
f 404/405/387 413/406/388 412/407/389
f 412/407/389 413/406/388 427/408/390
f 412/407/389 427/408/390 428/409/391
f 428/409/391 427/408/390 438/410/392
f 428/409/391 438/410/392 439/411/393
f 439/411/393 438/410/392 363/412/394
f 439/411/393 363/412/394 364/413/395
f 376/394/376 350/393/375 381/414/396
f 381/414/396 350/393/375 351/415/397
f 381/414/396 351/415/397 389/416/398
f 389/416/398 351/415/397 352/417/399
f 389/416/398 352/417/399 375/418/400
f 375/418/400 352/417/399 353/419/401
f 375/418/400 353/419/401 419/420/402
f 419/420/402 353/419/401 420/421/403
f 419/420/402 420/421/403 421/422/404
f 421/422/404 420/421/403 431/423/405
f 421/422/404 431/423/405 432/424/406
f 432/424/406 431/423/405 446/425/407
f 432/424/406 446/425/407 445/426/408
f 445/426/408 446/425/407 452/427/409
f 445/426/408 452/427/409 453/428/410
f 453/428/410 452/427/409 360/429/411
f 453/428/410 360/429/411 454/430/412
f 454/430/412 360/429/411 361/431/413
f 454/430/412 361/431/413 443/432/414
f 443/432/414 361/431/413 442/433/415
f 443/432/414 442/433/415 435/434/416
f 435/434/416 442/433/415 436/435/417
f 435/434/416 436/435/417 425/436/418
f 425/436/418 436/435/417 426/437/419
f 425/436/418 426/437/419 414/438/420
f 414/438/420 426/437/419 413/406/388
f 414/438/420 413/406/388 403/404/386
f 353/419/401 354/439/421 420/421/403
f 420/421/403 354/439/421 374/440/422
f 420/421/403 374/440/422 431/423/405
f 431/423/405 374/440/422 447/441/423
f 431/423/405 447/441/423 446/425/407
f 446/425/407 447/441/423 451/442/424
f 446/425/407 451/442/424 452/427/409
f 452/427/409 451/442/424 359/443/425
f 452/427/409 359/443/425 360/429/411
f 354/439/421 355/444/426 374/440/422
f 374/440/422 355/444/426 448/445/427
f 374/440/422 448/445/427 447/441/423
f 447/441/423 448/445/427 450/446/428
f 447/441/423 450/446/428 451/442/424
f 451/442/424 450/446/428 456/447/429
f 451/442/424 456/447/429 359/443/425
f 359/443/425 456/447/429 358/448/430
f 358/448/430 456/447/429 455/449/431
f 358/448/430 455/449/431 357/450/432
f 357/450/432 455/449/431 450/446/428
f 357/450/432 450/446/428 356/451/433
f 356/451/433 450/446/428 449/452/434
f 356/451/433 449/452/434 355/444/426
f 355/444/426 449/452/434 448/445/427
f 442/433/415 361/431/413 441/453/435
f 441/453/435 361/431/413 362/454/436
f 441/453/435 362/454/436 440/455/437
f 440/455/437 362/454/436 363/412/394
f 440/455/437 363/412/394 438/410/392
f 365/456/438 430/457/439 364/413/395
f 364/413/395 430/457/439 429/458/440
f 364/413/395 429/458/440 439/411/393
f 439/411/393 429/458/440 428/409/391
f 430/457/439 365/456/438 409/459/441
f 409/459/441 365/456/438 366/460/442
f 409/459/441 366/460/442 408/461/443
f 408/461/443 366/460/442 367/462/444
f 408/461/443 367/462/444 368/463/445
f 369/464/446 398/465/447 368/463/445
f 368/463/445 398/465/447 407/466/448
f 368/463/445 407/466/448 408/461/443
f 408/461/443 407/466/448 409/459/441
f 370/467/449 388/468/450 369/464/446
f 369/464/446 388/468/450 396/469/451
f 369/464/446 396/469/451 397/470/452
f 397/470/452 396/469/451 406/471/453
f 397/470/452 406/471/453 407/466/448
f 407/466/448 406/471/453 410/472/454
f 407/466/448 410/472/454 409/459/441
f 409/459/441 410/472/454 430/457/439
f 388/468/450 370/467/449 387/473/455
f 387/473/455 370/467/449 371/474/456
f 387/473/455 371/474/456 386/475/457
f 386/475/457 371/474/456 380/476/458
f 386/475/457 380/476/458 385/401/383
f 385/401/383 380/476/458 379/399/381
f 371/474/456 372/477/459 380/476/458
f 380/476/458 372/477/459 379/399/381
f 372/477/459 373/397/379 379/399/381
f 397/470/452 407/466/448 398/465/447
f 377/396/378 376/394/376 382/478/460
f 382/478/460 376/394/376 381/414/396
f 382/478/460 381/414/396 390/479/461
f 390/479/461 381/414/396 389/416/398
f 390/479/461 389/416/398 399/480/462
f 399/480/462 389/416/398 375/418/400
f 399/480/462 375/418/400 418/481/463
f 418/481/463 375/418/400 419/420/402
f 418/481/463 419/420/402 421/422/404
f 378/398/380 377/396/378 383/482/464
f 383/482/464 377/396/378 382/478/460
f 383/482/464 382/478/460 391/483/465
f 391/483/465 382/478/460 390/479/461
f 391/483/465 390/479/461 400/484/466
f 400/484/466 390/479/461 399/480/462
f 400/484/466 399/480/462 417/485/467
f 417/485/467 399/480/462 418/481/463
f 417/485/467 418/481/463 422/486/468
f 422/486/468 418/481/463 421/422/404
f 422/486/468 421/422/404 432/424/406
f 378/398/380 383/482/464 384/400/382
f 384/400/382 383/482/464 392/487/469
f 384/400/382 392/487/469 393/402/384
f 393/402/384 392/487/469 402/488/470
f 393/402/384 402/488/470 403/404/386
f 403/404/386 402/488/470 414/438/420
f 392/487/469 383/482/464 391/483/465
f 385/401/383 394/403/385 386/475/457
f 386/475/457 394/403/385 395/489/471
f 386/475/457 395/489/471 387/473/455
f 387/473/455 395/489/471 396/469/451
f 387/473/455 396/469/451 388/468/450
f 392/487/469 391/483/465 401/490/472
f 401/490/472 391/483/465 400/484/466
f 401/490/472 400/484/466 416/491/473
f 416/491/473 400/484/466 417/485/467
f 416/491/473 417/485/467 423/492/474
f 423/492/474 417/485/467 422/486/468
f 423/492/474 422/486/468 433/493/475
f 433/493/475 422/486/468 432/424/406
f 433/493/475 432/424/406 445/426/408
f 394/403/385 404/405/387 395/489/471
f 395/489/471 404/405/387 405/494/476
f 395/489/471 405/494/476 396/469/451
f 396/469/451 405/494/476 406/471/453
f 398/465/447 369/464/446 397/470/452
f 392/487/469 401/490/472 402/488/470
f 402/488/470 401/490/472 415/495/477
f 402/488/470 415/495/477 414/438/420
f 414/438/420 415/495/477 425/436/418
f 415/495/477 401/490/472 416/491/473
f 404/405/387 412/407/389 405/494/476
f 405/494/476 412/407/389 411/496/478
f 405/494/476 411/496/478 406/471/453
f 406/471/453 411/496/478 410/472/454
f 429/458/440 430/457/439 410/472/454
f 428/409/391 429/458/440 411/496/478
f 411/496/478 429/458/440 410/472/454
f 411/496/478 412/407/389 428/409/391
f 427/408/390 413/406/388 426/437/419
f 415/495/477 416/491/473 424/497/479
f 424/497/479 416/491/473 423/492/474
f 424/497/479 423/492/474 434/498/480
f 434/498/480 423/492/474 433/493/475
f 434/498/480 433/493/475 444/499/481
f 444/499/481 433/493/475 445/426/408
f 444/499/481 445/426/408 453/428/410
f 435/434/416 425/436/418 424/497/479
f 424/497/479 425/436/418 415/495/477
f 435/434/416 424/497/479 434/498/480
f 427/408/390 426/437/419 437/500/482
f 437/500/482 426/437/419 436/435/417
f 437/500/482 436/435/417 441/453/435
f 441/453/435 436/435/417 442/433/415
f 443/432/414 435/434/416 434/498/480
f 443/432/414 434/498/480 444/499/481
f 440/455/437 438/410/392 437/500/482
f 437/500/482 438/410/392 427/408/390
f 440/455/437 437/500/482 441/453/435
f 453/428/410 454/430/412 444/499/481
f 444/499/481 454/430/412 443/432/414
f 449/452/434 450/446/428 448/445/427
f 455/449/431 456/447/429 450/446/428
f 21/501/483 20/502/484 358/503/430
f 358/503/430 20/502/484 359/504/485
f 359/504/485 20/502/484 19/505/486
f 359/504/485 19/505/486 9/506/487
f 359/504/485 9/506/487 360/507/411
f 360/507/411 9/506/487 8/508/488
f 360/507/411 8/508/488 361/509/413
f 361/509/413 8/508/488 7/510/489
f 361/509/413 7/510/489 6/511/490
f 361/509/413 6/511/490 362/512/436
f 362/512/436 6/511/490 5/513/491
f 362/512/436 5/513/491 363/514/394
f 363/514/394 5/513/491 4/515/492
f 363/514/394 4/515/492 3/516/493
f 363/514/394 3/516/493 364/517/494
f 364/517/494 3/516/493 2/518/495
f 364/517/494 2/518/495 365/519/438
f 365/519/438 2/518/495 1/520/1
f 481/521/496 457/522/497 485/523/498
f 485/523/498 457/522/497 458/524/499
f 485/523/498 458/524/499 484/525/500
f 484/525/500 458/524/499 489/526/501
f 484/525/500 489/526/501 490/527/502
f 490/527/502 489/526/501 499/528/503
f 490/527/502 499/528/503 500/529/504
f 500/529/504 499/528/503 482/530/505
f 500/529/504 482/530/505 480/531/506
f 480/531/506 482/530/505 479/532/507
f 479/532/507 482/530/505 520/533/508
f 479/532/507 520/533/508 478/534/509
f 478/534/509 520/533/508 531/535/510
f 478/534/509 531/535/510 483/536/511
f 483/536/511 531/535/510 530/537/512
f 483/536/511 530/537/512 532/538/513
f 532/538/513 530/537/512 529/539/514
f 532/538/513 529/539/514 533/540/515
f 533/540/515 529/539/514 528/541/516
f 533/540/515 528/541/516 534/542/517
f 534/542/517 528/541/516 527/543/518
f 534/542/517 527/543/518 535/544/519
f 535/544/519 527/543/518 526/545/520
f 535/544/519 526/545/520 536/546/521
f 536/546/521 526/545/520 525/547/522
f 536/546/521 525/547/522 537/548/523
f 537/548/523 525/547/522 524/549/524
f 537/548/523 524/549/524 538/550/525
f 538/550/525 524/549/524 523/551/526
f 538/550/525 523/551/526 539/552/527
f 539/552/527 523/551/526 522/553/528
f 539/552/527 522/553/528 540/554/529
f 540/554/529 522/553/528 521/555/530
f 540/554/529 521/555/530 541/556/531
f 541/556/531 521/555/530 466/557/532
f 541/556/531 466/557/532 467/558/533
f 489/526/501 458/524/499 488/559/534
f 488/559/534 458/524/499 459/560/535
f 488/559/534 459/560/535 487/561/536
f 487/561/536 459/560/535 460/562/537
f 487/561/536 460/562/537 486/563/538
f 486/563/538 460/562/537 495/564/539
f 486/563/538 495/564/539 496/565/540
f 496/565/540 495/564/539 506/566/541
f 496/565/540 506/566/541 507/567/542
f 507/567/542 506/566/541 517/568/543
f 507/567/542 517/568/543 518/569/544
f 518/569/544 517/568/543 529/539/514
f 518/569/544 529/539/514 530/537/512
f 495/564/539 460/562/537 494/570/545
f 494/570/545 460/562/537 461/571/546
f 494/570/545 461/571/546 493/572/547
f 493/572/547 461/571/546 462/573/548
f 493/572/547 462/573/548 492/574/549
f 492/574/549 462/573/548 463/575/550
f 492/574/549 463/575/550 502/576/551
f 502/576/551 463/575/550 501/577/552
f 502/576/551 501/577/552 512/578/553
f 512/578/553 501/577/552 511/579/554
f 512/578/553 511/579/554 523/551/526
f 523/551/526 511/579/554 522/553/528
f 463/575/550 464/580/555 501/577/552
f 501/577/552 464/580/555 511/579/554
f 511/579/554 464/580/555 510/581/556
f 510/581/556 464/580/555 465/582/557
f 510/581/556 465/582/557 521/555/530
f 521/555/530 465/582/557 466/557/532
f 468/583/558 542/584/559 467/558/533
f 467/558/533 542/584/559 540/554/529
f 467/558/533 540/554/529 541/556/531
f 542/584/559 468/583/558 543/585/560
f 543/585/560 468/583/558 469/586/561
f 543/585/560 469/586/561 544/587/562
f 544/587/562 469/586/561 552/588/563
f 544/587/562 552/588/563 553/589/564
f 553/589/564 552/588/563 470/590/565
f 553/589/564 470/590/565 554/591/566
f 554/591/566 470/590/565 471/592/567
f 554/591/566 471/592/567 555/593/568
f 555/593/568 471/592/567 560/594/569
f 555/593/568 560/594/569 561/595/570
f 561/595/570 560/594/569 472/596/571
f 561/595/570 472/596/571 562/597/572
f 562/597/572 472/596/571 473/598/573
f 562/597/572 473/598/573 563/599/574
f 563/599/574 473/598/573 474/600/575
f 563/599/574 474/600/575 564/601/576
f 564/601/576 474/600/575 475/602/577
f 564/601/576 475/602/577 559/603/578
f 559/603/578 475/602/577 476/604/579
f 559/603/578 476/604/579 551/605/580
f 551/605/580 476/604/579 477/606/581
f 551/605/580 477/606/581 483/536/511
f 483/536/511 477/606/581 478/534/509
f 469/586/561 470/590/565 552/588/563
f 471/592/567 472/596/571 560/594/569
f 500/529/504 480/531/506 491/607/582
f 491/607/582 480/531/506 481/521/496
f 491/607/582 481/521/496 490/527/502
f 490/527/502 481/521/496 485/523/498
f 490/527/502 485/523/498 484/525/500
f 486/563/538 496/565/540 487/561/536
f 487/561/536 496/565/540 497/608/583
f 487/561/536 497/608/583 488/559/534
f 488/559/534 497/608/583 498/609/584
f 488/559/534 498/609/584 489/526/501
f 489/526/501 498/609/584 499/528/503
f 500/529/504 491/607/582 490/527/502
f 493/572/547 492/574/549 503/610/585
f 503/610/585 492/574/549 502/576/551
f 503/610/585 502/576/551 513/611/586
f 513/611/586 502/576/551 512/578/553
f 513/611/586 512/578/553 524/549/524
f 524/549/524 512/578/553 523/551/526
f 494/570/545 493/572/547 504/612/587
f 504/612/587 493/572/547 503/610/585
f 504/612/587 503/610/585 514/613/588
f 514/613/588 503/610/585 513/611/586
f 514/613/588 513/611/586 525/547/522
f 525/547/522 513/611/586 524/549/524
f 495/564/539 494/570/545 505/614/589
f 505/614/589 494/570/545 504/612/587
f 505/614/589 504/612/587 515/615/590
f 515/615/590 504/612/587 514/613/588
f 515/615/590 514/613/588 526/545/520
f 526/545/520 514/613/588 525/547/522
f 496/565/540 507/567/542 497/608/583
f 497/608/583 507/567/542 508/616/591
f 497/608/583 508/616/591 498/609/584
f 498/609/584 508/616/591 509/617/592
f 498/609/584 509/617/592 499/528/503
f 499/528/503 509/617/592 482/530/505
f 495/564/539 505/614/589 506/566/541
f 506/566/541 505/614/589 516/618/593
f 506/566/541 516/618/593 517/568/543
f 517/568/543 516/618/593 528/541/516
f 517/568/543 528/541/516 529/539/514
f 516/618/593 505/614/589 515/615/590
f 507/567/542 518/569/544 508/616/591
f 508/616/591 518/569/544 519/619/594
f 508/616/591 519/619/594 509/617/592
f 509/617/592 519/619/594 520/533/508
f 509/617/592 520/533/508 482/530/505
f 522/553/528 511/579/554 510/581/556
f 521/555/530 522/553/528 510/581/556
f 526/545/520 527/543/518 515/615/590
f 515/615/590 527/543/518 516/618/593
f 527/543/518 528/541/516 516/618/593
f 531/535/510 520/533/508 519/619/594
f 531/535/510 519/619/594 530/537/512
f 530/537/512 519/619/594 518/569/544
f 483/536/511 532/538/513 551/605/580
f 551/605/580 532/538/513 550/620/595
f 551/605/580 550/620/595 559/603/578
f 559/603/578 550/620/595 558/621/596
f 559/603/578 558/621/596 564/601/576
f 564/601/576 558/621/596 563/599/574
f 532/538/513 533/540/515 550/620/595
f 550/620/595 533/540/515 549/622/597
f 550/620/595 549/622/597 558/621/596
f 558/621/596 549/622/597 557/623/598
f 558/621/596 557/623/598 563/599/574
f 563/599/574 557/623/598 562/597/572
f 533/540/515 534/542/517 549/622/597
f 549/622/597 534/542/517 548/624/599
f 549/622/597 548/624/599 557/623/598
f 557/623/598 548/624/599 556/625/600
f 557/623/598 556/625/600 562/597/572
f 562/597/572 556/625/600 561/595/570
f 534/542/517 535/544/519 548/624/599
f 548/624/599 535/544/519 547/626/601
f 548/624/599 547/626/601 556/625/600
f 556/625/600 547/626/601 555/593/568
f 556/625/600 555/593/568 561/595/570
f 535/544/519 536/546/521 547/626/601
f 547/626/601 536/546/521 546/627/602
f 547/626/601 546/627/602 555/593/568
f 555/593/568 546/627/602 554/591/566
f 536/546/521 537/548/523 546/627/602
f 546/627/602 537/548/523 545/628/603
f 546/627/602 545/628/603 554/591/566
f 554/591/566 545/628/603 553/589/564
f 537/548/523 538/550/525 545/628/603
f 545/628/603 538/550/525 544/587/562
f 545/628/603 544/587/562 553/589/564
f 543/585/560 544/587/562 539/552/527
f 539/552/527 544/587/562 538/550/525
f 542/584/559 543/585/560 540/554/529
f 540/554/529 543/585/560 539/552/527
f 32/629/604 472/630/571 10/631/605
f 10/631/605 472/630/571 471/632/567
f 10/631/605 471/632/567 11/633/606
f 11/633/606 471/632/567 470/634/565
f 11/633/606 470/634/565 12/635/607
f 12/635/607 470/634/565 13/636/608
f 13/636/608 470/634/565 469/637/561
f 13/636/608 469/637/561 14/638/609
f 14/638/609 469/637/561 468/639/610
f 14/638/609 468/639/610 15/640/611
f 15/640/611 468/639/610 16/641/612
f 16/641/612 468/639/610 467/642/613
f 16/641/612 467/642/613 17/643/614
f 17/643/614 467/642/613 466/644/532
f 17/643/614 466/644/532 18/645/3
f 32/629/604 31/646/615 472/630/571
f 472/630/571 31/646/615 473/647/573
f 473/647/573 31/646/615 30/648/616
f 473/649/573 155/650/226 474/651/575
f 474/651/575 155/650/226 154/652/225
f 474/651/575 154/652/225 153/653/214
f 474/651/575 153/653/214 475/654/577
f 475/654/577 153/653/214 152/655/617
f 475/654/577 152/655/617 476/656/579
f 476/656/579 152/655/617 151/657/199
f 476/656/579 151/657/199 477/658/581
f 477/658/581 151/657/199 150/659/618
f 477/658/581 150/659/618 478/660/619
f 478/660/619 150/659/618 149/661/204
f 478/660/619 149/661/204 479/662/507
f 479/662/507 149/661/204 148/663/201
f 479/662/507 148/663/201 480/664/506
f 480/664/506 148/663/201 147/665/159
f 480/664/506 147/665/159 481/666/496
f 481/666/496 147/665/159 146/667/161
f 481/666/496 146/667/161 457/668/497
f 566/669/620 604/670/621 565/671/622
f 565/671/622 604/670/621 603/672/623
f 565/671/622 603/672/623 589/673/624
f 589/673/624 603/672/623 649/674/625
f 589/673/624 649/674/625 588/675/626
f 588/675/626 649/674/625 648/676/627
f 588/675/626 648/676/627 650/677/628
f 650/677/628 648/676/627 651/678/629
f 650/677/628 651/678/629 587/679/630
f 587/679/630 651/678/629 652/680/631
f 587/679/630 652/680/631 665/681/632
f 665/681/632 652/680/631 653/682/633
f 665/681/632 653/682/633 664/683/634
f 664/683/634 653/682/633 654/684/635
f 664/683/634 654/684/635 663/685/636
f 663/685/636 654/684/635 655/686/637
f 663/685/636 655/686/637 662/687/638
f 662/687/638 655/686/637 656/688/639
f 662/687/638 656/688/639 661/689/640
f 661/689/640 656/688/639 657/690/641
f 661/689/640 657/690/641 660/691/642
f 660/691/642 657/690/641 658/692/643
f 660/691/642 658/692/643 659/693/644
f 659/693/644 658/692/643 579/694/645
f 659/693/644 579/694/645 580/695/646
f 567/696/647 615/697/648 566/669/620
f 566/669/620 615/697/648 605/698/649
f 566/669/620 605/698/649 604/670/621
f 604/670/621 605/698/649 603/672/623
f 615/697/648 567/696/647 616/699/650
f 616/699/650 567/696/647 568/700/651
f 616/699/650 568/700/651 625/701/652
f 625/701/652 568/700/651 626/702/653
f 625/701/652 626/702/653 617/703/654
f 617/703/654 626/702/653 618/704/655
f 617/703/654 618/704/655 607/705/656
f 607/705/656 618/704/655 608/706/657
f 607/705/656 608/706/657 600/707/658
f 600/707/658 608/706/657 599/708/659
f 600/707/658 599/708/659 647/709/660
f 647/709/660 599/708/659 646/710/661
f 647/709/660 646/710/661 652/680/631
f 652/680/631 646/710/661 653/682/633
f 568/700/651 569/711/662 626/702/653
f 626/702/653 569/711/662 627/712/663
f 626/702/653 627/712/663 618/704/655
f 618/704/655 627/712/663 619/713/664
f 618/704/655 619/713/664 608/706/657
f 608/706/657 619/713/664 609/714/665
f 608/706/657 609/714/665 599/708/659
f 599/708/659 609/714/665 598/715/666
f 599/708/659 598/715/666 646/710/661
f 646/710/661 598/715/666 645/716/667
f 646/710/661 645/716/667 653/682/633
f 653/682/633 645/716/667 654/684/635
f 569/711/662 570/717/668 627/712/663
f 627/712/663 570/717/668 633/718/669
f 627/712/663 633/718/669 628/719/670
f 628/719/670 633/718/669 634/720/671
f 628/719/670 634/720/671 629/721/672
f 629/721/672 634/720/671 635/722/673
f 629/721/672 635/722/673 630/723/674
f 630/723/674 635/722/673 636/724/675
f 630/723/674 636/724/675 631/725/676
f 631/725/676 636/724/675 591/726/677
f 631/725/676 591/726/677 632/727/678
f 632/727/678 591/726/677 576/728/679
f 632/727/678 576/728/679 624/729/680
f 624/729/680 576/728/679 577/730/681
f 624/729/680 577/730/681 614/731/682
f 614/731/682 577/730/681 592/732/683
f 614/731/682 592/732/683 594/733/684
f 594/733/684 592/732/683 641/734/685
f 594/733/684 641/734/685 642/735/686
f 642/735/686 641/734/685 657/690/641
f 642/735/686 657/690/641 656/688/639
f 633/718/669 570/717/668 634/720/671
f 634/720/671 570/717/668 571/736/687
f 634/720/671 571/736/687 635/722/673
f 635/722/673 571/736/687 637/737/688
f 635/722/673 637/737/688 638/738/689
f 638/738/689 637/737/688 572/739/690
f 638/738/689 572/739/690 640/740/691
f 640/740/691 572/739/690 573/741/692
f 640/740/691 573/741/692 590/742/693
f 590/742/693 573/741/692 574/743/694
f 590/742/693 574/743/694 575/744/695
f 571/736/687 572/739/690 637/737/688
f 576/728/679 591/726/677 575/744/695
f 575/744/695 591/726/677 639/745/696
f 575/744/695 639/745/696 590/742/693
f 590/742/693 639/745/696 638/738/689
f 590/742/693 638/738/689 640/740/691
f 577/730/681 578/746/697 592/732/683
f 592/732/683 578/746/697 593/747/698
f 592/732/683 593/747/698 641/734/685
f 641/734/685 593/747/698 658/692/643
f 641/734/685 658/692/643 657/690/641
f 578/746/697 579/694/645 593/747/698
f 593/747/698 579/694/645 658/692/643
f 659/693/644 580/695/646 666/748/699
f 666/748/699 580/695/646 581/749/700
f 666/748/699 581/749/700 582/750/701
f 666/748/699 582/750/701 667/751/702
f 667/751/702 582/750/701 583/752/703
f 667/751/702 583/752/703 668/753/704
f 668/753/704 583/752/703 584/754/705
f 668/753/704 584/754/705 661/689/640
f 661/689/640 584/754/705 662/687/638
f 584/754/705 585/755/706 662/687/638
f 662/687/638 585/755/706 663/685/636
f 663/685/636 585/755/706 664/683/634
f 664/683/634 585/755/706 586/756/707
f 664/683/634 586/756/707 665/681/632
f 665/681/632 586/756/707 587/679/630
f 587/679/630 588/675/626 650/677/628
f 594/733/684 595/757/708 613/758/709
f 613/758/709 595/757/708 612/759/710
f 613/758/709 612/759/710 623/760/711
f 623/760/711 612/759/710 622/761/712
f 623/760/711 622/761/712 631/725/676
f 631/725/676 622/761/712 630/723/674
f 595/757/708 596/762/713 612/759/710
f 612/759/710 596/762/713 611/763/714
f 612/759/710 611/763/714 622/761/712
f 622/761/712 611/763/714 621/764/715
f 622/761/712 621/764/715 630/723/674
f 630/723/674 621/764/715 629/721/672
f 594/733/684 642/735/686 595/757/708
f 595/757/708 642/735/686 643/765/716
f 595/757/708 643/765/716 596/762/713
f 596/762/713 643/765/716 644/766/717
f 596/762/713 644/766/717 597/767/718
f 597/767/718 644/766/717 645/716/667
f 597/767/718 645/716/667 598/715/666
f 596/762/713 597/767/718 611/763/714
f 611/763/714 597/767/718 610/768/719
f 611/763/714 610/768/719 621/764/715
f 621/764/715 610/768/719 620/769/720
f 621/764/715 620/769/720 629/721/672
f 629/721/672 620/769/720 628/719/670
f 597/767/718 598/715/666 610/768/719
f 610/768/719 598/715/666 609/714/665
f 610/768/719 609/714/665 620/769/720
f 620/769/720 609/714/665 619/713/664
f 620/769/720 619/713/664 628/719/670
f 628/719/670 619/713/664 627/712/663
f 600/707/658 601/770/721 607/705/656
f 607/705/656 601/770/721 606/771/722
f 607/705/656 606/771/722 617/703/654
f 617/703/654 606/771/722 616/699/650
f 617/703/654 616/699/650 625/701/652
f 601/770/721 602/772/723 606/771/722
f 606/771/722 602/772/723 605/698/649
f 606/771/722 605/698/649 616/699/650
f 616/699/650 605/698/649 615/697/648
f 601/770/721 600/707/658 648/676/627
f 648/676/627 600/707/658 647/709/660
f 648/676/627 647/709/660 651/678/629
f 651/678/629 647/709/660 652/680/631
f 649/674/625 603/672/623 602/772/723
f 602/772/723 603/672/623 605/698/649
f 648/676/627 649/674/625 601/770/721
f 601/770/721 649/674/625 602/772/723
f 624/729/680 614/731/682 613/758/709
f 613/758/709 614/731/682 594/733/684
f 624/729/680 613/758/709 623/760/711
f 632/727/678 624/729/680 623/760/711
f 632/727/678 623/760/711 631/725/676
f 639/745/696 591/726/677 636/724/675
f 639/745/696 636/724/675 638/738/689
f 638/738/689 636/724/675 635/722/673
f 642/735/686 656/688/639 643/765/716
f 643/765/716 656/688/639 655/686/637
f 643/765/716 655/686/637 644/766/717
f 644/766/717 655/686/637 654/684/635
f 644/766/717 654/684/635 645/716/667
f 668/753/704 661/689/640 660/691/642
f 666/748/699 667/751/702 659/693/644
f 659/693/644 667/751/702 660/691/642
f 667/751/702 668/753/704 660/691/642
f 574/773/694 669/774/724 575/775/695
f 575/775/695 669/774/724 670/776/725
f 575/775/695 670/776/725 576/777/679
f 576/777/679 670/776/725 671/778/726
f 576/777/679 671/778/726 577/779/727
f 577/779/727 671/778/726 672/780/728
f 577/779/727 672/780/728 578/781/729
f 578/781/729 672/780/728 673/782/730
f 578/781/729 673/782/730 579/783/645
f 579/783/645 673/782/730 674/784/731
f 579/783/645 674/784/731 580/785/732
f 580/785/732 674/784/731 675/786/733
f 580/785/732 675/786/733 581/787/700
f 581/787/700 675/786/733 676/788/734
f 732/789/735 677/790/736 752/791/737
f 752/791/737 677/790/736 678/792/738
f 752/791/737 678/792/738 751/793/739
f 751/793/739 678/792/738 679/794/740
f 751/793/739 679/794/740 750/795/741
f 750/795/741 679/794/740 680/796/742
f 750/795/741 680/796/742 749/797/743
f 749/797/743 680/796/742 748/798/744
f 749/797/743 748/798/744 760/799/745
f 760/799/745 748/798/744 759/800/746
f 760/799/745 759/800/746 771/801/747
f 771/801/747 759/800/746 770/802/748
f 771/801/747 770/802/748 781/803/749
f 781/803/749 770/802/748 780/804/750
f 781/803/749 780/804/750 792/805/751
f 792/805/751 780/804/750 791/806/752
f 792/805/751 791/806/752 808/807/753
f 808/807/753 791/806/752 809/808/754
f 808/807/753 809/808/754 802/809/755
f 802/809/755 809/808/754 801/810/756
f 802/809/755 801/810/756 822/811/757
f 822/811/757 801/810/756 821/812/758
f 822/811/757 821/812/758 833/813/759
f 833/813/759 821/812/758 832/814/760
f 833/813/759 832/814/760 844/815/761
f 844/815/761 832/814/760 843/816/762
f 844/815/761 843/816/762 855/817/763
f 855/817/763 843/816/762 854/818/764
f 855/817/763 854/818/764 866/819/765
f 866/819/765 854/818/764 865/820/766
f 866/819/765 865/820/766 877/821/767
f 877/821/767 865/820/766 876/822/768
f 877/821/767 876/822/768 888/823/769
f 888/823/769 876/822/768 887/824/770
f 888/823/769 887/824/770 898/825/771
f 898/825/771 887/824/770 897/826/772
f 898/825/771 897/826/772 909/827/773
f 909/827/773 897/826/772 908/828/774
f 909/827/773 908/828/774 919/829/775
f 919/829/775 908/828/774 918/830/776
f 919/829/775 918/830/776 930/831/777
f 930/831/777 918/830/776 929/832/778
f 930/831/777 929/832/778 940/833/779
f 940/833/779 929/832/778 939/834/780
f 940/833/779 939/834/780 951/835/781
f 951/835/781 939/834/780 950/836/782
f 951/835/781 950/836/782 962/837/783
f 962/837/783 950/836/782 961/838/784
f 962/837/783 961/838/784 973/839/785
f 973/839/785 961/838/784 972/840/786
f 973/839/785 972/840/786 984/841/787
f 984/841/787 972/840/786 983/842/788
f 984/841/787 983/842/788 995/843/789
f 995/843/789 983/842/788 994/844/790
f 995/843/789 994/844/790 1005/845/791
f 1005/845/791 994/844/790 1004/846/792
f 1005/845/791 1004/846/792 1016/847/793
f 1016/847/793 1004/846/792 1015/848/794
f 1016/847/793 1015/848/794 1026/849/795
f 1026/849/795 1015/848/794 1025/850/796
f 1026/849/795 1025/850/796 1037/851/797
f 1037/851/797 1025/850/796 1036/852/798
f 1037/851/797 1036/852/798 672/853/728
f 672/853/728 1036/852/798 673/854/730
f 673/854/730 1036/852/798 1035/855/799
f 673/854/730 1035/855/799 1034/856/800
f 1034/856/800 1035/855/799 1023/857/801
f 1034/856/800 1023/857/801 1022/858/802
f 1022/858/802 1023/857/801 1012/859/803
f 1022/858/802 1012/859/803 1011/860/804
f 1011/860/804 1012/859/803 1000/861/805
f 1011/860/804 1000/861/805 999/862/806
f 999/862/806 1000/861/805 989/863/807
f 999/862/806 989/863/807 988/864/808
f 988/864/808 989/863/807 977/865/809
f 988/864/808 977/865/809 711/866/810
f 711/866/810 977/865/809 710/867/811
f 710/867/811 977/865/809 966/868/812
f 710/867/811 966/868/812 709/869/813
f 709/869/813 966/868/812 955/870/814
f 709/869/813 955/870/814 708/871/815
f 708/871/815 955/870/814 707/872/816
f 707/872/816 955/870/814 944/873/817
f 707/872/816 944/873/817 706/874/818
f 706/874/818 944/873/817 933/875/819
f 706/874/818 933/875/819 705/876/820
f 705/876/820 933/875/819 923/877/821
f 705/876/820 923/877/821 704/878/822
f 704/878/822 923/877/821 912/879/823
f 704/878/822 912/879/823 703/880/824
f 703/880/824 912/879/823 902/881/825
f 703/880/824 902/881/825 702/882/826
f 702/882/826 902/881/825 891/883/827
f 702/882/826 891/883/827 701/884/828
f 701/884/828 891/883/827 881/885/829
f 701/884/828 881/885/829 700/886/830
f 700/886/830 881/885/829 870/887/831
f 700/886/830 870/887/831 699/888/832
f 699/888/832 870/887/831 859/889/833
f 699/888/832 859/889/833 698/890/834
f 698/890/834 859/889/833 848/891/835
f 698/890/834 848/891/835 697/892/836
f 697/892/836 848/891/835 696/893/837
f 696/893/837 848/891/835 837/894/838
f 696/893/837 837/894/838 695/895/839
f 695/895/839 837/894/838 694/896/840
f 694/896/840 837/894/838 826/897/841
f 694/896/840 826/897/841 693/898/842
f 693/898/842 826/897/841 815/899/843
f 693/898/842 815/899/843 692/900/844
f 692/900/844 815/899/843 691/901/845
f 691/901/845 815/899/843 795/902/846
f 691/901/845 795/902/846 690/903/847
f 690/903/847 795/902/846 739/904/848
f 690/903/847 739/904/848 689/905/849
f 689/905/849 739/904/848 785/906/850
f 689/905/849 785/906/850 774/907/851
f 774/907/851 785/906/850 786/908/852
f 774/907/851 786/908/852 775/909/853
f 775/909/853 786/908/852 787/910/854
f 775/909/853 787/910/854 776/911/855
f 776/911/855 787/910/854 788/912/856
f 776/911/855 788/912/856 777/913/857
f 777/913/857 788/912/856 789/914/858
f 777/913/857 789/914/858 778/915/859
f 778/915/859 789/914/858 790/916/860
f 778/915/859 790/916/860 779/917/861
f 779/917/861 790/916/860 791/806/752
f 779/917/861 791/806/752 780/804/750
f 680/796/742 681/918/862 748/798/744
f 748/798/744 681/918/862 747/919/863
f 748/798/744 747/919/863 759/800/746
f 759/800/746 747/919/863 758/920/864
f 759/800/746 758/920/864 770/802/748
f 770/802/748 758/920/864 769/921/865
f 770/802/748 769/921/865 780/804/750
f 780/804/750 769/921/865 779/917/861
f 747/919/863 681/918/862 746/922/866
f 746/922/866 681/918/862 682/923/867
f 746/922/866 682/923/867 745/924/868
f 745/924/868 682/923/867 744/925/869
f 745/924/868 744/925/869 756/926/870
f 756/926/870 744/925/869 755/927/871
f 756/926/870 755/927/871 767/928/872
f 767/928/872 755/927/871 766/929/873
f 767/928/872 766/929/873 777/913/857
f 777/913/857 766/929/873 776/911/855
f 682/923/867 683/930/874 744/925/869
f 744/925/869 683/930/874 743/931/875
f 744/925/869 743/931/875 755/927/871
f 755/927/871 743/931/875 754/932/876
f 755/927/871 754/932/876 766/929/873
f 766/929/873 754/932/876 765/933/877
f 766/929/873 765/933/877 776/911/855
f 776/911/855 765/933/877 775/909/853
f 743/931/875 683/930/874 742/934/878
f 742/934/878 683/930/874 684/935/879
f 742/934/878 684/935/879 685/936/880
f 685/936/880 686/937/881 742/934/878
f 742/934/878 686/937/881 753/938/882
f 742/934/878 753/938/882 754/932/876
f 754/932/876 753/938/882 765/933/877
f 686/937/881 687/939/883 753/938/882
f 753/938/882 687/939/883 764/940/884
f 753/938/882 764/940/884 765/933/877
f 765/933/877 764/940/884 775/909/853
f 687/939/883 688/941/885 764/940/884
f 764/940/884 688/941/885 774/907/851
f 764/940/884 774/907/851 775/909/853
f 688/941/885 689/905/849 774/907/851
f 711/866/810 712/942/886 988/864/808
f 988/864/808 712/942/886 998/943/887
f 988/864/808 998/943/887 999/862/806
f 999/862/806 998/943/887 1010/944/888
f 999/862/806 1010/944/888 1011/860/804
f 1011/860/804 1010/944/888 1021/945/889
f 1011/860/804 1021/945/889 1022/858/802
f 1022/858/802 1021/945/889 1033/946/890
f 1022/858/802 1033/946/890 1034/856/800
f 1034/856/800 1033/946/890 674/947/891
f 1034/856/800 674/947/891 673/854/730
f 712/942/886 713/948/892 998/943/887
f 998/943/887 713/948/892 1009/949/893
f 998/943/887 1009/949/893 1010/944/888
f 1010/944/888 1009/949/893 1020/950/894
f 1010/944/888 1020/950/894 1021/945/889
f 1021/945/889 1020/950/894 1032/951/895
f 1021/945/889 1032/951/895 1033/946/890
f 1033/946/890 1032/951/895 674/947/891
f 713/948/892 714/952/896 1009/949/893
f 1009/949/893 714/952/896 1019/953/897
f 1009/949/893 1019/953/897 1020/950/894
f 1020/950/894 1019/953/897 1031/954/898
f 1020/950/894 1031/954/898 1032/951/895
f 1032/951/895 1031/954/898 675/955/899
f 1032/951/895 675/955/899 674/947/891
f 714/952/896 715/956/900 1019/953/897
f 1019/953/897 715/956/900 1030/957/901
f 1019/953/897 1030/957/901 1031/954/898
f 1031/954/898 1030/957/901 675/955/899
f 715/956/900 676/958/734 1030/957/901
f 1030/957/901 676/958/734 675/955/899
f 1037/851/797 672/853/728 1038/959/902
f 1038/959/902 672/853/728 671/960/903
f 1038/959/902 671/960/903 1039/961/904
f 1039/961/904 671/960/903 670/962/905
f 1039/961/904 670/962/905 1040/963/906
f 1040/963/906 670/962/905 669/964/724
f 1040/963/906 669/964/724 716/965/907
f 1040/963/906 716/965/907 1029/966/908
f 1029/966/908 716/965/907 717/967/909
f 1029/966/908 717/967/909 733/968/910
f 733/968/910 717/967/909 718/969/911
f 733/968/910 718/969/911 1008/970/912
f 1008/970/912 718/969/911 734/971/913
f 1008/970/912 734/971/913 997/972/914
f 997/972/914 734/971/913 986/973/915
f 997/972/914 986/973/915 985/974/916
f 985/974/916 986/973/915 974/975/917
f 985/974/916 974/975/917 973/839/785
f 973/839/785 974/975/917 962/837/783
f 718/969/911 719/976/918 734/971/913
f 734/971/913 719/976/918 987/977/919
f 734/971/913 987/977/919 986/973/915
f 986/973/915 987/977/919 975/978/920
f 986/973/915 975/978/920 974/975/917
f 974/975/917 975/978/920 963/979/921
f 974/975/917 963/979/921 962/837/783
f 962/837/783 963/979/921 951/835/781
f 987/977/919 719/976/918 976/980/922
f 976/980/922 719/976/918 720/981/923
f 976/980/922 720/981/923 965/982/924
f 965/982/924 720/981/923 954/983/925
f 965/982/924 954/983/925 953/984/926
f 953/984/926 954/983/925 942/985/927
f 953/984/926 942/985/927 941/986/928
f 941/986/928 942/985/927 931/987/929
f 941/986/928 931/987/929 930/831/777
f 930/831/777 931/987/929 919/829/775
f 720/981/923 721/988/930 954/983/925
f 954/983/925 721/988/930 943/989/931
f 954/983/925 943/989/931 942/985/927
f 942/985/927 943/989/931 932/990/932
f 942/985/927 932/990/932 931/987/929
f 931/987/929 932/990/932 920/991/933
f 931/987/929 920/991/933 919/829/775
f 919/829/775 920/991/933 909/827/773
f 943/989/931 721/988/930 735/992/934
f 735/992/934 721/988/930 722/993/935
f 735/992/934 722/993/935 922/994/936
f 922/994/936 722/993/935 736/995/937
f 922/994/936 736/995/937 911/996/938
f 911/996/938 736/995/937 900/997/939
f 911/996/938 900/997/939 899/998/940
f 899/998/940 900/997/939 889/999/941
f 899/998/940 889/999/941 888/823/769
f 888/823/769 889/999/941 877/821/767
f 722/993/935 723/1000/942 736/995/937
f 736/995/937 723/1000/942 901/1001/943
f 736/995/937 901/1001/943 900/997/939
f 900/997/939 901/1001/943 890/1002/944
f 900/997/939 890/1002/944 889/999/941
f 889/999/941 890/1002/944 878/1003/945
f 889/999/941 878/1003/945 877/821/767
f 877/821/767 878/1003/945 866/819/765
f 901/1001/943 723/1000/942 737/1004/946
f 737/1004/946 723/1000/942 724/1005/947
f 737/1004/946 724/1005/947 880/1006/948
f 880/1006/948 724/1005/947 869/1007/949
f 880/1006/948 869/1007/949 868/1008/950
f 868/1008/950 869/1007/949 857/1009/951
f 868/1008/950 857/1009/951 856/1010/952
f 856/1010/952 857/1009/951 845/1011/953
f 856/1010/952 845/1011/953 844/815/761
f 844/815/761 845/1011/953 833/813/759
f 724/1005/947 725/1012/954 869/1007/949
f 869/1007/949 725/1012/954 858/1013/955
f 869/1007/949 858/1013/955 857/1009/951
f 857/1009/951 858/1013/955 846/1014/956
f 857/1009/951 846/1014/956 845/1011/953
f 845/1011/953 846/1014/956 834/1015/957
f 845/1011/953 834/1015/957 833/813/759
f 833/813/759 834/1015/957 822/811/757
f 725/1012/954 726/1016/958 858/1013/955
f 858/1013/955 726/1016/958 847/1017/959
f 858/1013/955 847/1017/959 846/1014/956
f 846/1014/956 847/1017/959 835/1018/960
f 846/1014/956 835/1018/960 834/1015/957
f 834/1015/957 835/1018/960 823/1019/961
f 834/1015/957 823/1019/961 822/811/757
f 822/811/757 823/1019/961 802/809/755
f 726/1016/958 727/1020/962 847/1017/959
f 847/1017/959 727/1020/962 836/1021/963
f 847/1017/959 836/1021/963 835/1018/960
f 835/1018/960 836/1021/963 824/1022/964
f 835/1018/960 824/1022/964 823/1019/961
f 823/1019/961 824/1022/964 803/1023/965
f 823/1019/961 803/1023/965 802/809/755
f 802/809/755 803/1023/965 808/807/753
f 727/1020/962 728/1024/966 836/1021/963
f 836/1021/963 728/1024/966 825/1025/967
f 836/1021/963 825/1025/967 824/1022/964
f 824/1022/964 825/1025/967 804/1026/968
f 824/1022/964 804/1026/968 803/1023/965
f 803/1023/965 804/1026/968 807/1027/969
f 803/1023/965 807/1027/969 808/807/753
f 808/807/753 807/1027/969 792/805/751
f 825/1025/967 728/1024/966 738/1028/970
f 738/1028/970 728/1024/966 729/1029/971
f 738/1028/970 729/1029/971 805/1030/972
f 805/1030/972 729/1029/971 740/1031/973
f 805/1030/972 740/1031/973 794/1032/974
f 794/1032/974 740/1031/973 783/1033/975
f 794/1032/974 783/1033/975 782/1034/976
f 782/1034/976 783/1033/975 772/1035/977
f 782/1034/976 772/1035/977 771/801/747
f 771/801/747 772/1035/977 760/799/745
f 729/1029/971 730/1036/978 740/1031/973
f 740/1031/973 730/1036/978 784/1037/979
f 740/1031/973 784/1037/979 783/1033/975
f 783/1033/975 784/1037/979 773/1038/980
f 783/1033/975 773/1038/980 772/1035/977
f 772/1035/977 773/1038/980 761/1039/981
f 772/1035/977 761/1039/981 760/799/745
f 760/799/745 761/1039/981 749/797/743
f 784/1037/979 730/1036/978 741/1040/982
f 741/1040/982 730/1036/978 731/1041/983
f 741/1040/982 731/1041/983 763/1042/984
f 763/1042/984 731/1041/983 752/791/737
f 763/1042/984 752/791/737 751/793/739
f 731/1041/983 732/789/735 752/791/737
f 754/932/876 743/931/875 742/934/878
f 758/920/864 747/919/863 746/922/866
f 746/922/866 745/924/868 757/1043/985
f 757/1043/985 745/924/868 756/926/870
f 757/1043/985 756/926/870 768/1044/986
f 768/1044/986 756/926/870 767/928/872
f 768/1044/986 767/928/872 778/915/859
f 778/915/859 767/928/872 777/913/857
f 749/797/743 761/1039/981 750/795/741
f 750/795/741 761/1039/981 762/1045/987
f 750/795/741 762/1045/987 751/793/739
f 751/793/739 762/1045/987 763/1042/984
f 769/921/865 758/920/864 757/1043/985
f 757/1043/985 758/920/864 746/922/866
f 769/921/865 757/1043/985 768/1044/986
f 741/1040/982 763/1042/984 762/1045/987
f 741/1040/982 762/1045/987 773/1038/980
f 773/1038/980 762/1045/987 761/1039/981
f 779/917/861 769/921/865 768/1044/986
f 779/917/861 768/1044/986 778/915/859
f 782/1034/976 771/801/747 781/803/749
f 784/1037/979 741/1040/982 773/1038/980
f 782/1034/976 781/803/749 793/1046/988
f 793/1046/988 781/803/749 792/805/751
f 793/1046/988 792/805/751 807/1027/969
f 786/908/852 785/906/850 814/1047/989
f 814/1047/989 785/906/850 739/904/848
f 814/1047/989 739/904/848 796/1048/990
f 796/1048/990 739/904/848 795/902/846
f 796/1048/990 795/902/846 816/1049/991
f 816/1049/991 795/902/846 815/899/843
f 816/1049/991 815/899/843 827/1050/992
f 827/1050/992 815/899/843 826/897/841
f 827/1050/992 826/897/841 838/1051/993
f 838/1051/993 826/897/841 837/894/838
f 838/1051/993 837/894/838 849/1052/994
f 849/1052/994 837/894/838 848/891/835
f 849/1052/994 848/891/835 860/1053/995
f 860/1053/995 848/891/835 859/889/833
f 860/1053/995 859/889/833 871/1054/996
f 871/1054/996 859/889/833 870/887/831
f 871/1054/996 870/887/831 882/1055/997
f 882/1055/997 870/887/831 881/885/829
f 882/1055/997 881/885/829 892/1056/998
f 892/1056/998 881/885/829 891/883/827
f 892/1056/998 891/883/827 903/1057/999
f 903/1057/999 891/883/827 902/881/825
f 903/1057/999 902/881/825 913/1058/1000
f 913/1058/1000 902/881/825 912/879/823
f 913/1058/1000 912/879/823 924/1059/1001
f 924/1059/1001 912/879/823 923/877/821
f 924/1059/1001 923/877/821 934/1060/1002
f 934/1060/1002 923/877/821 933/875/819
f 934/1060/1002 933/875/819 945/1061/1003
f 945/1061/1003 933/875/819 944/873/817
f 945/1061/1003 944/873/817 956/1062/1004
f 956/1062/1004 944/873/817 955/870/814
f 956/1062/1004 955/870/814 967/1063/1005
f 967/1063/1005 955/870/814 966/868/812
f 967/1063/1005 966/868/812 978/1064/1006
f 978/1064/1006 966/868/812 977/865/809
f 978/1064/1006 977/865/809 989/863/807
f 787/910/854 786/908/852 813/1065/1007
f 813/1065/1007 786/908/852 814/1047/989
f 813/1065/1007 814/1047/989 797/1066/1008
f 797/1066/1008 814/1047/989 796/1048/990
f 797/1066/1008 796/1048/990 817/1067/1009
f 817/1067/1009 796/1048/990 816/1049/991
f 817/1067/1009 816/1049/991 828/1068/1010
f 828/1068/1010 816/1049/991 827/1050/992
f 828/1068/1010 827/1050/992 839/1069/1011
f 839/1069/1011 827/1050/992 838/1051/993
f 839/1069/1011 838/1051/993 850/1070/1012
f 850/1070/1012 838/1051/993 849/1052/994
f 850/1070/1012 849/1052/994 861/1071/1013
f 861/1071/1013 849/1052/994 860/1053/995
f 861/1071/1013 860/1053/995 872/1072/1014
f 872/1072/1014 860/1053/995 871/1054/996
f 872/1072/1014 871/1054/996 883/1073/1015
f 883/1073/1015 871/1054/996 882/1055/997
f 883/1073/1015 882/1055/997 893/1074/1016
f 893/1074/1016 882/1055/997 892/1056/998
f 893/1074/1016 892/1056/998 904/1075/1017
f 904/1075/1017 892/1056/998 903/1057/999
f 904/1075/1017 903/1057/999 914/1076/1018
f 914/1076/1018 903/1057/999 913/1058/1000
f 914/1076/1018 913/1058/1000 925/1077/1019
f 925/1077/1019 913/1058/1000 924/1059/1001
f 925/1077/1019 924/1059/1001 935/1078/1020
f 935/1078/1020 924/1059/1001 934/1060/1002
f 935/1078/1020 934/1060/1002 946/1079/1021
f 946/1079/1021 934/1060/1002 945/1061/1003
f 946/1079/1021 945/1061/1003 957/1080/1022
f 957/1080/1022 945/1061/1003 956/1062/1004
f 957/1080/1022 956/1062/1004 968/1081/1023
f 968/1081/1023 956/1062/1004 967/1063/1005
f 968/1081/1023 967/1063/1005 979/1082/1024
f 979/1082/1024 967/1063/1005 978/1064/1006
f 979/1082/1024 978/1064/1006 990/1083/1025
f 990/1083/1025 978/1064/1006 989/863/807
f 990/1083/1025 989/863/807 1000/861/805
f 788/912/856 787/910/854 812/1084/1026
f 812/1084/1026 787/910/854 813/1065/1007
f 812/1084/1026 813/1065/1007 798/1085/1027
f 798/1085/1027 813/1065/1007 797/1066/1008
f 798/1085/1027 797/1066/1008 818/1086/1028
f 818/1086/1028 797/1066/1008 817/1067/1009
f 818/1086/1028 817/1067/1009 829/1087/1029
f 829/1087/1029 817/1067/1009 828/1068/1010
f 829/1087/1029 828/1068/1010 840/1088/1030
f 840/1088/1030 828/1068/1010 839/1069/1011
f 840/1088/1030 839/1069/1011 851/1089/1031
f 851/1089/1031 839/1069/1011 850/1070/1012
f 851/1089/1031 850/1070/1012 862/1090/1032
f 862/1090/1032 850/1070/1012 861/1071/1013
f 862/1090/1032 861/1071/1013 873/1091/1033
f 873/1091/1033 861/1071/1013 872/1072/1014
f 873/1091/1033 872/1072/1014 884/1092/1034
f 884/1092/1034 872/1072/1014 883/1073/1015
f 884/1092/1034 883/1073/1015 894/1093/1035
f 894/1093/1035 883/1073/1015 893/1074/1016
f 894/1093/1035 893/1074/1016 905/1094/1036
f 905/1094/1036 893/1074/1016 904/1075/1017
f 905/1094/1036 904/1075/1017 915/1095/1037
f 915/1095/1037 904/1075/1017 914/1076/1018
f 915/1095/1037 914/1076/1018 926/1096/1038
f 926/1096/1038 914/1076/1018 925/1077/1019
f 926/1096/1038 925/1077/1019 936/1097/1039
f 936/1097/1039 925/1077/1019 935/1078/1020
f 936/1097/1039 935/1078/1020 947/1098/1040
f 947/1098/1040 935/1078/1020 946/1079/1021
f 947/1098/1040 946/1079/1021 958/1099/1041
f 958/1099/1041 946/1079/1021 957/1080/1022
f 958/1099/1041 957/1080/1022 969/1100/1042
f 969/1100/1042 957/1080/1022 968/1081/1023
f 969/1100/1042 968/1081/1023 980/1101/1043
f 980/1101/1043 968/1081/1023 979/1082/1024
f 980/1101/1043 979/1082/1024 991/1102/1044
f 991/1102/1044 979/1082/1024 990/1083/1025
f 991/1102/1044 990/1083/1025 1001/1103/1045
f 1001/1103/1045 990/1083/1025 1000/861/805
f 1001/1103/1045 1000/861/805 1012/859/803
f 789/914/858 788/912/856 811/1104/1046
f 811/1104/1046 788/912/856 812/1084/1026
f 811/1104/1046 812/1084/1026 799/1105/1047
f 799/1105/1047 812/1084/1026 798/1085/1027
f 799/1105/1047 798/1085/1027 819/1106/1048
f 819/1106/1048 798/1085/1027 818/1086/1028
f 819/1106/1048 818/1086/1028 830/1107/1049
f 830/1107/1049 818/1086/1028 829/1087/1029
f 830/1107/1049 829/1087/1029 841/1108/1050
f 841/1108/1050 829/1087/1029 840/1088/1030
f 841/1108/1050 840/1088/1030 852/1109/1051
f 852/1109/1051 840/1088/1030 851/1089/1031
f 852/1109/1051 851/1089/1031 863/1110/1052
f 863/1110/1052 851/1089/1031 862/1090/1032
f 863/1110/1052 862/1090/1032 874/1111/1053
f 874/1111/1053 862/1090/1032 873/1091/1033
f 874/1111/1053 873/1091/1033 885/1112/1054
f 885/1112/1054 873/1091/1033 884/1092/1034
f 885/1112/1054 884/1092/1034 895/1113/1055
f 895/1113/1055 884/1092/1034 894/1093/1035
f 895/1113/1055 894/1093/1035 906/1114/1056
f 906/1114/1056 894/1093/1035 905/1094/1036
f 906/1114/1056 905/1094/1036 916/1115/1057
f 916/1115/1057 905/1094/1036 915/1095/1037
f 916/1115/1057 915/1095/1037 927/1116/1058
f 927/1116/1058 915/1095/1037 926/1096/1038
f 927/1116/1058 926/1096/1038 937/1117/1059
f 937/1117/1059 926/1096/1038 936/1097/1039
f 937/1117/1059 936/1097/1039 948/1118/1060
f 948/1118/1060 936/1097/1039 947/1098/1040
f 948/1118/1060 947/1098/1040 959/1119/1061
f 959/1119/1061 947/1098/1040 958/1099/1041
f 959/1119/1061 958/1099/1041 970/1120/1062
f 970/1120/1062 958/1099/1041 969/1100/1042
f 970/1120/1062 969/1100/1042 981/1121/1063
f 981/1121/1063 969/1100/1042 980/1101/1043
f 981/1121/1063 980/1101/1043 992/1122/1064
f 992/1122/1064 980/1101/1043 991/1102/1044
f 992/1122/1064 991/1102/1044 1002/1123/1065
f 1002/1123/1065 991/1102/1044 1001/1103/1045
f 1002/1123/1065 1001/1103/1045 1013/1124/1066
f 1013/1124/1066 1001/1103/1045 1012/859/803
f 1013/1124/1066 1012/859/803 1023/857/801
f 809/808/754 791/806/752 790/916/860
f 790/916/860 789/914/858 810/1125/1067
f 810/1125/1067 789/914/858 811/1104/1046
f 810/1125/1067 811/1104/1046 800/1126/1068
f 800/1126/1068 811/1104/1046 799/1105/1047
f 800/1126/1068 799/1105/1047 820/1127/1069
f 820/1127/1069 799/1105/1047 819/1106/1048
f 820/1127/1069 819/1106/1048 831/1128/1070
f 831/1128/1070 819/1106/1048 830/1107/1049
f 831/1128/1070 830/1107/1049 842/1129/1071
f 842/1129/1071 830/1107/1049 841/1108/1050
f 842/1129/1071 841/1108/1050 853/1130/1072
f 853/1130/1072 841/1108/1050 852/1109/1051
f 853/1130/1072 852/1109/1051 864/1131/1073
f 864/1131/1073 852/1109/1051 863/1110/1052
f 864/1131/1073 863/1110/1052 875/1132/1074
f 875/1132/1074 863/1110/1052 874/1111/1053
f 875/1132/1074 874/1111/1053 886/1133/1075
f 886/1133/1075 874/1111/1053 885/1112/1054
f 886/1133/1075 885/1112/1054 896/1134/1076
f 896/1134/1076 885/1112/1054 895/1113/1055
f 896/1134/1076 895/1113/1055 907/1135/1077
f 907/1135/1077 895/1113/1055 906/1114/1056
f 907/1135/1077 906/1114/1056 917/1136/1078
f 917/1136/1078 906/1114/1056 916/1115/1057
f 917/1136/1078 916/1115/1057 928/1137/1079
f 928/1137/1079 916/1115/1057 927/1116/1058
f 928/1137/1079 927/1116/1058 938/1138/1080
f 938/1138/1080 927/1116/1058 937/1117/1059
f 938/1138/1080 937/1117/1059 949/1139/1081
f 949/1139/1081 937/1117/1059 948/1118/1060
f 949/1139/1081 948/1118/1060 960/1140/1082
f 960/1140/1082 948/1118/1060 959/1119/1061
f 960/1140/1082 959/1119/1061 971/1141/1083
f 971/1141/1083 959/1119/1061 970/1120/1062
f 971/1141/1083 970/1120/1062 982/1142/1084
f 982/1142/1084 970/1120/1062 981/1121/1063
f 982/1142/1084 981/1121/1063 993/1143/1085
f 993/1143/1085 981/1121/1063 992/1122/1064
f 993/1143/1085 992/1122/1064 1003/1144/1086
f 1003/1144/1086 992/1122/1064 1002/1123/1065
f 1003/1144/1086 1002/1123/1065 1014/1145/1087
f 1014/1145/1087 1002/1123/1065 1013/1124/1066
f 1014/1145/1087 1013/1124/1066 1024/1146/1088
f 1024/1146/1088 1013/1124/1066 1023/857/801
f 1024/1146/1088 1023/857/801 1035/855/799
f 782/1034/976 793/1046/988 794/1032/974
f 794/1032/974 793/1046/988 806/1147/1089
f 794/1032/974 806/1147/1089 805/1030/972
f 805/1030/972 806/1147/1089 738/1028/970
f 806/1147/1089 793/1046/988 807/1027/969
f 800/1126/1068 801/810/756 810/1125/1067
f 810/1125/1067 801/810/756 809/808/754
f 810/1125/1067 809/808/754 790/916/860
f 801/810/756 800/1126/1068 821/812/758
f 821/812/758 800/1126/1068 820/1127/1069
f 821/812/758 820/1127/1069 832/814/760
f 832/814/760 820/1127/1069 831/1128/1070
f 832/814/760 831/1128/1070 843/816/762
f 843/816/762 831/1128/1070 842/1129/1071
f 843/816/762 842/1129/1071 854/818/764
f 854/818/764 842/1129/1071 853/1130/1072
f 854/818/764 853/1130/1072 865/820/766
f 865/820/766 853/1130/1072 864/1131/1073
f 865/820/766 864/1131/1073 876/822/768
f 876/822/768 864/1131/1073 875/1132/1074
f 876/822/768 875/1132/1074 887/824/770
f 887/824/770 875/1132/1074 886/1133/1075
f 887/824/770 886/1133/1075 897/826/772
f 897/826/772 886/1133/1075 896/1134/1076
f 897/826/772 896/1134/1076 908/828/774
f 908/828/774 896/1134/1076 907/1135/1077
f 908/828/774 907/1135/1077 918/830/776
f 918/830/776 907/1135/1077 917/1136/1078
f 918/830/776 917/1136/1078 929/832/778
f 929/832/778 917/1136/1078 928/1137/1079
f 929/832/778 928/1137/1079 939/834/780
f 939/834/780 928/1137/1079 938/1138/1080
f 939/834/780 938/1138/1080 950/836/782
f 950/836/782 938/1138/1080 949/1139/1081
f 950/836/782 949/1139/1081 961/838/784
f 961/838/784 949/1139/1081 960/1140/1082
f 961/838/784 960/1140/1082 972/840/786
f 972/840/786 960/1140/1082 971/1141/1083
f 972/840/786 971/1141/1083 983/842/788
f 983/842/788 971/1141/1083 982/1142/1084
f 983/842/788 982/1142/1084 994/844/790
f 994/844/790 982/1142/1084 993/1143/1085
f 994/844/790 993/1143/1085 1004/846/792
f 1004/846/792 993/1143/1085 1003/1144/1086
f 1004/846/792 1003/1144/1086 1015/848/794
f 1015/848/794 1003/1144/1086 1014/1145/1087
f 1015/848/794 1014/1145/1087 1025/850/796
f 1025/850/796 1014/1145/1087 1024/1146/1088
f 1025/850/796 1024/1146/1088 1036/852/798
f 1036/852/798 1024/1146/1088 1035/855/799
f 806/1147/1089 807/1027/969 804/1026/968
f 825/1025/967 738/1028/970 804/1026/968
f 804/1026/968 738/1028/970 806/1147/1089
f 856/1010/952 844/815/761 855/817/763
f 856/1010/952 855/817/763 867/1148/1090
f 867/1148/1090 855/817/763 866/819/765
f 867/1148/1090 866/819/765 878/1003/945
f 856/1010/952 867/1148/1090 868/1008/950
f 868/1008/950 867/1148/1090 879/1149/1091
f 868/1008/950 879/1149/1091 880/1006/948
f 880/1006/948 879/1149/1091 737/1004/946
f 879/1149/1091 867/1148/1090 878/1003/945
f 737/1004/946 879/1149/1091 890/1002/944
f 890/1002/944 879/1149/1091 878/1003/945
f 899/998/940 888/823/769 898/825/771
f 901/1001/943 737/1004/946 890/1002/944
f 899/998/940 898/825/771 910/1150/1092
f 910/1150/1092 898/825/771 909/827/773
f 910/1150/1092 909/827/773 920/991/933
f 899/998/940 910/1150/1092 911/996/938
f 911/996/938 910/1150/1092 921/1151/1093
f 911/996/938 921/1151/1093 922/994/936
f 922/994/936 921/1151/1093 735/992/934
f 921/1151/1093 910/1150/1092 920/991/933
f 735/992/934 921/1151/1093 932/990/932
f 932/990/932 921/1151/1093 920/991/933
f 941/986/928 930/831/777 940/833/779
f 943/989/931 735/992/934 932/990/932
f 941/986/928 940/833/779 952/1152/1094
f 952/1152/1094 940/833/779 951/835/781
f 952/1152/1094 951/835/781 963/979/921
f 941/986/928 952/1152/1094 953/984/926
f 953/984/926 952/1152/1094 964/1153/1095
f 953/984/926 964/1153/1095 965/982/924
f 965/982/924 964/1153/1095 976/980/922
f 964/1153/1095 952/1152/1094 963/979/921
f 976/980/922 964/1153/1095 975/978/920
f 975/978/920 964/1153/1095 963/979/921
f 985/974/916 973/839/785 984/841/787
f 987/977/919 976/980/922 975/978/920
f 985/974/916 984/841/787 996/1154/1096
f 996/1154/1096 984/841/787 995/843/789
f 996/1154/1096 995/843/789 1006/1155/1097
f 1006/1155/1097 995/843/789 1005/845/791
f 1006/1155/1097 1005/845/791 1017/1156/1098
f 1017/1156/1098 1005/845/791 1016/847/793
f 1017/1156/1098 1016/847/793 1027/1157/1099
f 1027/1157/1099 1016/847/793 1026/849/795
f 1027/1157/1099 1026/849/795 1038/959/902
f 1038/959/902 1026/849/795 1037/851/797
f 985/974/916 996/1154/1096 997/972/914
f 997/972/914 996/1154/1096 1007/1158/1100
f 997/972/914 1007/1158/1100 1008/970/912
f 1008/970/912 1007/1158/1100 733/968/910
f 1007/1158/1100 996/1154/1096 1006/1155/1097
f 1007/1158/1100 1006/1155/1097 1018/1159/1101
f 1018/1159/1101 1006/1155/1097 1017/1156/1098
f 1018/1159/1101 1017/1156/1098 1028/1160/1102
f 1028/1160/1102 1017/1156/1098 1027/1157/1099
f 1028/1160/1102 1027/1157/1099 1039/961/904
f 1039/961/904 1027/1157/1099 1038/959/902
f 1029/966/908 733/968/910 1018/1159/1101
f 1018/1159/1101 733/968/910 1007/1158/1100
f 1029/966/908 1018/1159/1101 1028/1160/1102
f 1040/963/906 1029/966/908 1028/1160/1102
f 1040/963/906 1028/1160/1102 1039/961/904
f 254/1161/345 684/1162/879 255/1163/346
f 255/1163/346 684/1162/879 683/1164/1103
f 255/1163/346 683/1164/1103 256/1165/330
f 256/1165/330 683/1164/1103 682/1166/1104
f 256/1165/330 682/1166/1104 257/1167/1105
f 257/1167/1105 682/1166/1104 681/1168/862
f 257/1167/1105 681/1168/862 258/1169/1106
f 258/1169/1106 681/1168/862 680/1170/742
f 258/1169/1106 680/1170/742 259/1171/296
f 259/1171/296 680/1170/742 679/1172/1107
f 259/1171/296 679/1172/1107 260/1173/1108
f 260/1173/1108 679/1172/1107 678/1174/1109
f 260/1173/1108 678/1174/1109 261/1175/351
f 261/1175/351 678/1174/1109 677/1176/736
f 1042/1177/1110 1066/1178/1111 1041/1179/1112
f 1041/1179/1112 1066/1178/1111 1071/1180/1113
f 1041/1179/1112 1071/1180/1113 1065/1181/1114
f 1065/1181/1114 1071/1180/1113 1078/1182/1115
f 1065/1181/1114 1078/1182/1115 1077/1183/1116
f 1077/1183/1116 1078/1182/1115 1074/1184/1117
f 1077/1183/1116 1074/1184/1117 1064/1185/1118
f 1064/1185/1118 1074/1184/1117 1075/1186/1119
f 1064/1185/1118 1075/1186/1119 1063/1187/1120
f 1063/1187/1120 1075/1186/1119 1076/1188/1121
f 1063/1187/1120 1076/1188/1121 1062/1189/1122
f 1062/1189/1122 1076/1188/1121 1084/1190/1123
f 1062/1189/1122 1084/1190/1123 1085/1191/1124
f 1085/1191/1124 1084/1190/1123 1098/1192/1125
f 1085/1191/1124 1098/1192/1125 1097/1193/1126
f 1097/1193/1126 1098/1192/1125 1093/1194/1127
f 1097/1193/1126 1093/1194/1127 1094/1195/1128
f 1094/1195/1128 1093/1194/1127 1110/1196/1129
f 1094/1195/1128 1110/1196/1129 1111/1197/1130
f 1111/1197/1130 1110/1196/1129 1068/1198/1131
f 1111/1197/1130 1068/1198/1131 1057/1199/1132
f 1057/1199/1132 1068/1198/1131 1056/1200/1133
f 1056/1200/1133 1068/1198/1131 1112/1201/1134
f 1056/1200/1133 1112/1201/1134 1126/1202/1135
f 1126/1202/1135 1112/1201/1134 1113/1203/1136
f 1126/1202/1135 1113/1203/1136 1125/1204/1137
f 1125/1204/1137 1113/1203/1136 1114/1205/1138
f 1125/1204/1137 1114/1205/1138 1124/1206/1139
f 1124/1206/1139 1114/1205/1138 1115/1207/1140
f 1124/1206/1139 1115/1207/1140 1123/1208/1141
f 1123/1208/1141 1115/1207/1140 1116/1209/1142
f 1123/1208/1141 1116/1209/1142 1122/1210/1143
f 1122/1210/1143 1116/1209/1142 1117/1211/1144
f 1122/1210/1143 1117/1211/1144 1121/1212/1145
f 1121/1212/1145 1117/1211/1144 1118/1213/1146
f 1121/1212/1145 1118/1213/1146 1120/1214/1147
f 1120/1214/1147 1118/1213/1146 1069/1215/1148
f 1120/1214/1147 1069/1215/1148 1119/1216/1149
f 1119/1216/1149 1069/1215/1148 1046/1217/1150
f 1119/1216/1149 1046/1217/1150 1047/1218/1151
f 1043/1219/1152 1072/1220/1153 1042/1177/1110
f 1042/1177/1110 1072/1220/1153 1079/1221/1154
f 1042/1177/1110 1079/1221/1154 1066/1178/1111
f 1066/1178/1111 1079/1221/1154 1078/1182/1115
f 1066/1178/1111 1078/1182/1115 1071/1180/1113
f 1044/1222/1155 1067/1223/1156 1043/1219/1152
f 1043/1219/1152 1067/1223/1156 1080/1224/1157
f 1043/1219/1152 1080/1224/1157 1072/1220/1153
f 1072/1220/1153 1080/1224/1157 1081/1225/1158
f 1072/1220/1153 1081/1225/1158 1073/1226/1159
f 1073/1226/1159 1081/1225/1158 1082/1227/1160
f 1073/1226/1159 1082/1227/1160 1074/1184/1117
f 1074/1184/1117 1082/1227/1160 1083/1228/1161
f 1074/1184/1117 1083/1228/1161 1075/1186/1119
f 1075/1186/1119 1083/1228/1161 1084/1190/1123
f 1075/1186/1119 1084/1190/1123 1076/1188/1121
f 1067/1223/1156 1044/1222/1155 1087/1229/1162
f 1087/1229/1162 1044/1222/1155 1045/1230/1163
f 1087/1229/1162 1045/1230/1163 1103/1231/1164
f 1103/1231/1164 1045/1230/1163 1069/1215/1148
f 1103/1231/1164 1069/1215/1148 1118/1213/1146
f 1045/1230/1163 1046/1217/1150 1069/1215/1148
f 1048/1232/1165 1070/1233/1166 1047/1218/1151
f 1047/1218/1151 1070/1233/1166 1127/1234/1167
f 1047/1218/1151 1127/1234/1167 1119/1216/1149
f 1119/1216/1149 1127/1234/1167 1128/1235/1168
f 1119/1216/1149 1128/1235/1168 1120/1214/1147
f 1120/1214/1147 1128/1235/1168 1129/1236/1169
f 1120/1214/1147 1129/1236/1169 1121/1212/1145
f 1121/1212/1145 1129/1236/1169 1130/1237/1170
f 1121/1212/1145 1130/1237/1170 1122/1210/1143
f 1122/1210/1143 1130/1237/1170 1131/1238/1171
f 1122/1210/1143 1131/1238/1171 1123/1208/1141
f 1123/1208/1141 1131/1238/1171 1132/1239/1172
f 1123/1208/1141 1132/1239/1172 1124/1206/1139
f 1124/1206/1139 1132/1239/1172 1054/1240/1173
f 1124/1206/1139 1054/1240/1173 1125/1204/1137
f 1125/1204/1137 1054/1240/1173 1055/1241/1174
f 1125/1204/1137 1055/1241/1174 1126/1202/1135
f 1126/1202/1135 1055/1241/1174 1056/1200/1133
f 1070/1233/1166 1048/1232/1165 1137/1242/1175
f 1137/1242/1175 1048/1232/1165 1049/1243/1176
f 1137/1242/1175 1049/1243/1176 1050/1244/1177
f 1137/1242/1175 1050/1244/1177 1138/1245/1178
f 1138/1245/1178 1050/1244/1177 1051/1246/1179
f 1138/1245/1178 1051/1246/1179 1139/1247/1180
f 1139/1247/1180 1051/1246/1179 1052/1248/1181
f 1139/1247/1180 1052/1248/1181 1135/1249/1182
f 1135/1249/1182 1052/1248/1181 1134/1250/1183
f 1135/1249/1182 1134/1250/1183 1129/1236/1169
f 1129/1236/1169 1134/1250/1183 1130/1237/1170
f 1134/1250/1183 1052/1248/1181 1133/1251/1184
f 1133/1251/1184 1052/1248/1181 1053/1252/1185
f 1133/1251/1184 1053/1252/1185 1131/1238/1171
f 1131/1238/1171 1053/1252/1185 1132/1239/1172
f 1053/1252/1185 1054/1240/1173 1132/1239/1172
f 1057/1199/1132 1058/1253/1186 1111/1197/1130
f 1111/1197/1130 1058/1253/1186 1095/1254/1187
f 1111/1197/1130 1095/1254/1187 1094/1195/1128
f 1094/1195/1128 1095/1254/1187 1059/1255/1188
f 1094/1195/1128 1059/1255/1188 1096/1256/1189
f 1096/1256/1189 1059/1255/1188 1060/1257/1190
f 1096/1256/1189 1060/1257/1190 1097/1193/1126
f 1097/1193/1126 1060/1257/1190 1086/1258/1191
f 1097/1193/1126 1086/1258/1191 1085/1191/1124
f 1085/1191/1124 1086/1258/1191 1062/1189/1122
f 1058/1253/1186 1059/1255/1188 1095/1254/1187
f 1060/1257/1190 1061/1259/1192 1086/1258/1191
f 1086/1258/1191 1061/1259/1192 1062/1189/1122
f 1064/1185/1118 1065/1181/1114 1077/1183/1116
f 1078/1182/1115 1079/1221/1154 1073/1226/1159
f 1073/1226/1159 1079/1221/1154 1072/1220/1153
f 1073/1226/1159 1074/1184/1117 1078/1182/1115
f 1081/1225/1158 1080/1224/1157 1102/1260/1193
f 1102/1260/1193 1080/1224/1157 1067/1223/1156
f 1102/1260/1193 1067/1223/1156 1088/1261/1194
f 1088/1261/1194 1067/1223/1156 1087/1229/1162
f 1088/1261/1194 1087/1229/1162 1104/1262/1195
f 1104/1262/1195 1087/1229/1162 1103/1231/1164
f 1104/1262/1195 1103/1231/1164 1118/1213/1146
f 1082/1227/1160 1081/1225/1158 1101/1263/1196
f 1101/1263/1196 1081/1225/1158 1102/1260/1193
f 1101/1263/1196 1102/1260/1193 1089/1264/1197
f 1089/1264/1197 1102/1260/1193 1088/1261/1194
f 1089/1264/1197 1088/1261/1194 1105/1265/1198
f 1105/1265/1198 1088/1261/1194 1104/1262/1195
f 1105/1265/1198 1104/1262/1195 1117/1211/1144
f 1117/1211/1144 1104/1262/1195 1118/1213/1146
f 1083/1228/1161 1082/1227/1160 1100/1266/1199
f 1100/1266/1199 1082/1227/1160 1101/1263/1196
f 1100/1266/1199 1101/1263/1196 1090/1267/1200
f 1090/1267/1200 1101/1263/1196 1089/1264/1197
f 1090/1267/1200 1089/1264/1197 1106/1268/1201
f 1106/1268/1201 1089/1264/1197 1105/1265/1198
f 1106/1268/1201 1105/1265/1198 1116/1209/1142
f 1116/1209/1142 1105/1265/1198 1117/1211/1144
f 1084/1190/1123 1083/1228/1161 1099/1269/1202
f 1099/1269/1202 1083/1228/1161 1100/1266/1199
f 1099/1269/1202 1100/1266/1199 1091/1270/1203
f 1091/1270/1203 1100/1266/1199 1090/1267/1200
f 1091/1270/1203 1090/1267/1200 1107/1271/1204
f 1107/1271/1204 1090/1267/1200 1106/1268/1201
f 1107/1271/1204 1106/1268/1201 1115/1207/1140
f 1115/1207/1140 1106/1268/1201 1116/1209/1142
f 1091/1270/1203 1092/1272/1205 1099/1269/1202
f 1099/1269/1202 1092/1272/1205 1098/1192/1125
f 1099/1269/1202 1098/1192/1125 1084/1190/1123
f 1098/1192/1125 1092/1272/1205 1093/1194/1127
f 1093/1194/1127 1092/1272/1205 1109/1273/1206
f 1093/1194/1127 1109/1273/1206 1110/1196/1129
f 1110/1196/1129 1109/1273/1206 1112/1201/1134
f 1110/1196/1129 1112/1201/1134 1068/1198/1131
f 1092/1272/1205 1091/1270/1203 1108/1274/1207
f 1108/1274/1207 1091/1270/1203 1107/1271/1204
f 1108/1274/1207 1107/1271/1204 1114/1205/1138
f 1114/1205/1138 1107/1271/1204 1115/1207/1140
f 1096/1256/1189 1097/1193/1126 1094/1195/1128
f 1092/1272/1205 1108/1274/1207 1109/1273/1206
f 1109/1273/1206 1108/1274/1207 1113/1203/1136
f 1109/1273/1206 1113/1203/1136 1112/1201/1134
f 1113/1203/1136 1108/1274/1207 1114/1205/1138
f 1135/1249/1182 1129/1236/1169 1128/1235/1168
f 1128/1235/1168 1127/1234/1167 1136/1275/1208
f 1136/1275/1208 1127/1234/1167 1070/1233/1166
f 1136/1275/1208 1070/1233/1166 1138/1245/1178
f 1138/1245/1178 1070/1233/1166 1137/1242/1175
f 1133/1251/1184 1131/1238/1171 1130/1237/1170
f 1133/1251/1184 1130/1237/1170 1134/1250/1183
f 1138/1245/1178 1139/1247/1180 1136/1275/1208
f 1136/1275/1208 1139/1247/1180 1135/1249/1182
f 1136/1275/1208 1135/1249/1182 1128/1235/1168
f 1164/1276/1209 1140/1277/1210 1168/1278/1211
f 1168/1278/1211 1140/1277/1210 1141/1279/1212
f 1168/1278/1211 1141/1279/1212 1167/1280/1213
f 1167/1280/1213 1141/1279/1212 1172/1281/1214
f 1167/1280/1213 1172/1281/1214 1173/1282/1215
f 1173/1282/1215 1172/1281/1214 1182/1283/1216
f 1173/1282/1215 1182/1283/1216 1183/1284/1217
f 1183/1284/1217 1182/1283/1216 1165/1285/1218
f 1183/1284/1217 1165/1285/1218 1163/1286/1219
f 1163/1286/1219 1165/1285/1218 1162/1287/1220
f 1162/1287/1220 1165/1285/1218 1203/1288/1221
f 1162/1287/1220 1203/1288/1221 1161/1289/1222
f 1161/1289/1222 1203/1288/1221 1214/1290/1223
f 1161/1289/1222 1214/1290/1223 1166/1291/1224
f 1166/1291/1224 1214/1290/1223 1213/1292/1225
f 1166/1291/1224 1213/1292/1225 1215/1293/1226
f 1215/1293/1226 1213/1292/1225 1212/1294/1227
f 1215/1293/1226 1212/1294/1227 1216/1295/1228
f 1216/1295/1228 1212/1294/1227 1211/1296/1229
f 1216/1295/1228 1211/1296/1229 1217/1297/1230
f 1217/1297/1230 1211/1296/1229 1210/1298/1231
f 1217/1297/1230 1210/1298/1231 1218/1299/1232
f 1218/1299/1232 1210/1298/1231 1209/1300/1233
f 1218/1299/1232 1209/1300/1233 1219/1301/1234
f 1219/1301/1234 1209/1300/1233 1208/1302/1235
f 1219/1301/1234 1208/1302/1235 1220/1303/1236
f 1220/1303/1236 1208/1302/1235 1207/1304/1237
f 1220/1303/1236 1207/1304/1237 1221/1305/1238
f 1221/1305/1238 1207/1304/1237 1206/1306/1239
f 1221/1305/1238 1206/1306/1239 1222/1307/1240
f 1222/1307/1240 1206/1306/1239 1205/1308/1241
f 1222/1307/1240 1205/1308/1241 1223/1309/1242
f 1223/1309/1242 1205/1308/1241 1204/1310/1243
f 1223/1309/1242 1204/1310/1243 1224/1311/1244
f 1224/1311/1244 1204/1310/1243 1149/1312/1245
f 1224/1311/1244 1149/1312/1245 1150/1313/1246
f 1172/1281/1214 1141/1279/1212 1171/1314/1247
f 1171/1314/1247 1141/1279/1212 1142/1315/1248
f 1171/1314/1247 1142/1315/1248 1170/1316/1249
f 1170/1316/1249 1142/1315/1248 1143/1317/1250
f 1170/1316/1249 1143/1317/1250 1169/1318/1251
f 1169/1318/1251 1143/1317/1250 1178/1319/1252
f 1169/1318/1251 1178/1319/1252 1179/1320/1253
f 1179/1320/1253 1178/1319/1252 1189/1321/1254
f 1179/1320/1253 1189/1321/1254 1190/1322/1255
f 1190/1322/1255 1189/1321/1254 1200/1323/1256
f 1190/1322/1255 1200/1323/1256 1201/1324/1257
f 1201/1324/1257 1200/1323/1256 1212/1294/1227
f 1201/1324/1257 1212/1294/1227 1213/1292/1225
f 1178/1319/1252 1143/1317/1250 1177/1325/1258
f 1177/1325/1258 1143/1317/1250 1144/1326/1259
f 1177/1325/1258 1144/1326/1259 1176/1327/1260
f 1176/1327/1260 1144/1326/1259 1145/1328/1261
f 1176/1327/1260 1145/1328/1261 1175/1329/1262
f 1175/1329/1262 1145/1328/1261 1146/1330/1263
f 1175/1329/1262 1146/1330/1263 1185/1331/1264
f 1185/1331/1264 1146/1330/1263 1184/1332/1265
f 1185/1331/1264 1184/1332/1265 1195/1333/1266
f 1195/1333/1266 1184/1332/1265 1194/1334/1267
f 1195/1333/1266 1194/1334/1267 1206/1306/1239
f 1206/1306/1239 1194/1334/1267 1205/1308/1241
f 1146/1330/1263 1147/1335/1268 1184/1332/1265
f 1184/1332/1265 1147/1335/1268 1194/1334/1267
f 1194/1334/1267 1147/1335/1268 1193/1336/1269
f 1193/1336/1269 1147/1335/1268 1148/1337/1270
f 1193/1336/1269 1148/1337/1270 1204/1310/1243
f 1204/1310/1243 1148/1337/1270 1149/1312/1245
f 1151/1338/1271 1225/1339/1272 1150/1313/1246
f 1150/1313/1246 1225/1339/1272 1223/1309/1242
f 1150/1313/1246 1223/1309/1242 1224/1311/1244
f 1225/1339/1272 1151/1338/1271 1226/1340/1273
f 1226/1340/1273 1151/1338/1271 1152/1341/1274
f 1226/1340/1273 1152/1341/1274 1227/1342/1275
f 1227/1342/1275 1152/1341/1274 1235/1343/1276
f 1227/1342/1275 1235/1343/1276 1236/1344/1277
f 1236/1344/1277 1235/1343/1276 1153/1345/1278
f 1236/1344/1277 1153/1345/1278 1237/1346/1279
f 1237/1346/1279 1153/1345/1278 1154/1347/1280
f 1237/1346/1279 1154/1347/1280 1238/1348/1281
f 1238/1348/1281 1154/1347/1280 1243/1349/1282
f 1238/1348/1281 1243/1349/1282 1244/1350/1283
f 1244/1350/1283 1243/1349/1282 1155/1351/1284
f 1244/1350/1283 1155/1351/1284 1245/1352/1285
f 1245/1352/1285 1155/1351/1284 1156/1353/1286
f 1245/1352/1285 1156/1353/1286 1246/1354/1287
f 1246/1354/1287 1156/1353/1286 1157/1355/1288
f 1246/1354/1287 1157/1355/1288 1247/1356/1289
f 1247/1356/1289 1157/1355/1288 1158/1357/1290
f 1247/1356/1289 1158/1357/1290 1242/1358/1291
f 1242/1358/1291 1158/1357/1290 1159/1359/1292
f 1242/1358/1291 1159/1359/1292 1234/1360/1293
f 1234/1360/1293 1159/1359/1292 1160/1361/1294
f 1234/1360/1293 1160/1361/1294 1166/1291/1224
f 1166/1291/1224 1160/1361/1294 1161/1289/1222
f 1152/1341/1274 1153/1345/1278 1235/1343/1276
f 1154/1347/1280 1155/1351/1284 1243/1349/1282
f 1183/1284/1217 1163/1286/1219 1174/1362/1295
f 1174/1362/1295 1163/1286/1219 1164/1276/1209
f 1174/1362/1295 1164/1276/1209 1173/1282/1215
f 1173/1282/1215 1164/1276/1209 1168/1278/1211
f 1173/1282/1215 1168/1278/1211 1167/1280/1213
f 1169/1318/1251 1179/1320/1253 1170/1316/1249
f 1170/1316/1249 1179/1320/1253 1180/1363/1296
f 1170/1316/1249 1180/1363/1296 1171/1314/1247
f 1171/1314/1247 1180/1363/1296 1181/1364/1297
f 1171/1314/1247 1181/1364/1297 1172/1281/1214
f 1172/1281/1214 1181/1364/1297 1182/1283/1216
f 1183/1284/1217 1174/1362/1295 1173/1282/1215
f 1176/1327/1260 1175/1329/1262 1186/1365/1298
f 1186/1365/1298 1175/1329/1262 1185/1331/1264
f 1186/1365/1298 1185/1331/1264 1196/1366/1299
f 1196/1366/1299 1185/1331/1264 1195/1333/1266
f 1196/1366/1299 1195/1333/1266 1207/1304/1237
f 1207/1304/1237 1195/1333/1266 1206/1306/1239
f 1177/1325/1258 1176/1327/1260 1187/1367/1300
f 1187/1367/1300 1176/1327/1260 1186/1365/1298
f 1187/1367/1300 1186/1365/1298 1197/1368/1301
f 1197/1368/1301 1186/1365/1298 1196/1366/1299
f 1197/1368/1301 1196/1366/1299 1208/1302/1235
f 1208/1302/1235 1196/1366/1299 1207/1304/1237
f 1178/1319/1252 1177/1325/1258 1188/1369/1302
f 1188/1369/1302 1177/1325/1258 1187/1367/1300
f 1188/1369/1302 1187/1367/1300 1198/1370/1303
f 1198/1370/1303 1187/1367/1300 1197/1368/1301
f 1198/1370/1303 1197/1368/1301 1209/1300/1233
f 1209/1300/1233 1197/1368/1301 1208/1302/1235
f 1179/1320/1253 1190/1322/1255 1180/1363/1296
f 1180/1363/1296 1190/1322/1255 1191/1371/1304
f 1180/1363/1296 1191/1371/1304 1181/1364/1297
f 1181/1364/1297 1191/1371/1304 1192/1372/1305
f 1181/1364/1297 1192/1372/1305 1182/1283/1216
f 1182/1283/1216 1192/1372/1305 1165/1285/1218
f 1178/1319/1252 1188/1369/1302 1189/1321/1254
f 1189/1321/1254 1188/1369/1302 1199/1373/1306
f 1189/1321/1254 1199/1373/1306 1200/1323/1256
f 1200/1323/1256 1199/1373/1306 1211/1296/1229
f 1200/1323/1256 1211/1296/1229 1212/1294/1227
f 1199/1373/1306 1188/1369/1302 1198/1370/1303
f 1190/1322/1255 1201/1324/1257 1191/1371/1304
f 1191/1371/1304 1201/1324/1257 1202/1374/1307
f 1191/1371/1304 1202/1374/1307 1192/1372/1305
f 1192/1372/1305 1202/1374/1307 1203/1288/1221
f 1192/1372/1305 1203/1288/1221 1165/1285/1218
f 1205/1308/1241 1194/1334/1267 1193/1336/1269
f 1204/1310/1243 1205/1308/1241 1193/1336/1269
f 1209/1300/1233 1210/1298/1231 1198/1370/1303
f 1198/1370/1303 1210/1298/1231 1199/1373/1306
f 1210/1298/1231 1211/1296/1229 1199/1373/1306
f 1214/1290/1223 1203/1288/1221 1202/1374/1307
f 1214/1290/1223 1202/1374/1307 1213/1292/1225
f 1213/1292/1225 1202/1374/1307 1201/1324/1257
f 1166/1291/1224 1215/1293/1226 1234/1360/1293
f 1234/1360/1293 1215/1293/1226 1233/1375/1308
f 1234/1360/1293 1233/1375/1308 1242/1358/1291
f 1242/1358/1291 1233/1375/1308 1241/1376/1309
f 1242/1358/1291 1241/1376/1309 1247/1356/1289
f 1247/1356/1289 1241/1376/1309 1246/1354/1287
f 1215/1293/1226 1216/1295/1228 1233/1375/1308
f 1233/1375/1308 1216/1295/1228 1232/1377/1310
f 1233/1375/1308 1232/1377/1310 1241/1376/1309
f 1241/1376/1309 1232/1377/1310 1240/1378/1311
f 1241/1376/1309 1240/1378/1311 1246/1354/1287
f 1246/1354/1287 1240/1378/1311 1245/1352/1285
f 1216/1295/1228 1217/1297/1230 1232/1377/1310
f 1232/1377/1310 1217/1297/1230 1231/1379/1312
f 1232/1377/1310 1231/1379/1312 1240/1378/1311
f 1240/1378/1311 1231/1379/1312 1239/1380/1313
f 1240/1378/1311 1239/1380/1313 1245/1352/1285
f 1245/1352/1285 1239/1380/1313 1244/1350/1283
f 1217/1297/1230 1218/1299/1232 1231/1379/1312
f 1231/1379/1312 1218/1299/1232 1230/1381/1314
f 1231/1379/1312 1230/1381/1314 1239/1380/1313
f 1239/1380/1313 1230/1381/1314 1238/1348/1281
f 1239/1380/1313 1238/1348/1281 1244/1350/1283
f 1218/1299/1232 1219/1301/1234 1230/1381/1314
f 1230/1381/1314 1219/1301/1234 1229/1382/1315
f 1230/1381/1314 1229/1382/1315 1238/1348/1281
f 1238/1348/1281 1229/1382/1315 1237/1346/1279
f 1219/1301/1234 1220/1303/1236 1229/1382/1315
f 1229/1382/1315 1220/1303/1236 1228/1383/1316
f 1229/1382/1315 1228/1383/1316 1237/1346/1279
f 1237/1346/1279 1228/1383/1316 1236/1344/1277
f 1220/1303/1236 1221/1305/1238 1228/1383/1316
f 1228/1383/1316 1221/1305/1238 1227/1342/1275
f 1228/1383/1316 1227/1342/1275 1236/1344/1277
f 1226/1340/1273 1227/1342/1275 1222/1307/1240
f 1222/1307/1240 1227/1342/1275 1221/1305/1238
f 1225/1339/1272 1226/1340/1273 1223/1309/1242
f 1223/1309/1242 1226/1340/1273 1222/1307/1240
f 1149/1384/1245 1248/1385/1317 1150/1386/1318
f 1150/1386/1318 1248/1385/1317 1249/1387/1319
f 1150/1386/1318 1249/1387/1319 1151/1388/1320
f 1151/1388/1320 1249/1387/1319 1250/1389/1321
f 1151/1388/1320 1250/1389/1321 1152/1390/1274
f 1152/1390/1274 1250/1389/1321 1251/1391/1322
f 1152/1390/1274 1251/1391/1322 1153/1392/1278
f 1153/1392/1278 1251/1391/1322 1252/1393/1323
f 1153/1392/1278 1252/1393/1323 1154/1394/1280
f 1154/1394/1280 1252/1393/1323 1253/1395/1324
f 1154/1394/1280 1253/1395/1324 1155/1396/1284
f 1155/1396/1284 1253/1395/1324 1254/1397/1325
f 1155/1396/1284 1254/1397/1325 1156/1398/1286
f 1156/1398/1286 1254/1397/1325 1255/1399/1326
f 1256/1400/1327 1257/1401/1328 1311/1402/1329
f 1311/1402/1329 1257/1401/1328 1328/1403/1330
f 1311/1402/1329 1328/1403/1330 1310/1404/1331
f 1310/1404/1331 1328/1403/1330 1336/1405/1332
f 1310/1404/1331 1336/1405/1332 1309/1406/1333
f 1309/1406/1333 1336/1405/1332 1345/1407/1334
f 1309/1406/1333 1345/1407/1334 1308/1408/1335
f 1308/1408/1335 1345/1407/1334 1344/1409/1336
f 1308/1408/1335 1344/1409/1336 1307/1410/1337
f 1307/1410/1337 1344/1409/1336 1535/1411/1338
f 1307/1410/1337 1535/1411/1338 1319/1412/1339
f 1319/1412/1339 1535/1411/1338 1534/1413/1340
f 1319/1412/1339 1534/1413/1340 1359/1414/1341
f 1359/1414/1341 1534/1413/1340 1533/1415/1342
f 1359/1414/1341 1533/1415/1342 1360/1416/1343
f 1360/1416/1343 1533/1415/1342 1532/1417/1344
f 1360/1416/1343 1532/1417/1344 1361/1418/1345
f 1361/1418/1345 1532/1417/1344 1531/1419/1346
f 1361/1418/1345 1531/1419/1346 1362/1420/1347
f 1362/1420/1347 1531/1419/1346 1530/1421/1348
f 1362/1420/1347 1530/1421/1348 1363/1422/1349
f 1363/1422/1349 1530/1421/1348 1529/1423/1350
f 1363/1422/1349 1529/1423/1350 1364/1424/1351
f 1364/1424/1351 1529/1423/1350 1318/1425/1352
f 1364/1424/1351 1318/1425/1352 1365/1426/1353
f 1365/1426/1353 1318/1425/1352 1267/1427/1354
f 1365/1426/1353 1267/1427/1354 1317/1428/1355
f 1317/1428/1355 1267/1427/1354 1268/1429/1356
f 1317/1428/1355 1268/1429/1356 1381/1430/1357
f 1381/1430/1357 1268/1429/1356 1366/1431/1358
f 1381/1430/1357 1366/1431/1358 1367/1432/1359
f 1367/1432/1359 1366/1431/1358 1383/1433/1360
f 1367/1432/1359 1383/1433/1360 1384/1434/1361
f 1384/1434/1361 1383/1433/1360 1392/1435/1362
f 1384/1434/1361 1392/1435/1362 1393/1436/1363
f 1393/1436/1363 1392/1435/1362 1401/1437/1364
f 1393/1436/1363 1401/1437/1364 1402/1438/1365
f 1402/1438/1365 1401/1437/1364 1416/1439/1366
f 1402/1438/1365 1416/1439/1366 1415/1440/1367
f 1415/1440/1367 1416/1439/1366 1410/1441/1368
f 1415/1440/1367 1410/1441/1368 1411/1442/1369
f 1411/1442/1369 1410/1441/1368 1429/1443/1370
f 1411/1442/1369 1429/1443/1370 1428/1444/1371
f 1428/1444/1371 1429/1443/1370 1427/1445/1372
f 1428/1444/1371 1427/1445/1372 1294/1446/1373
f 1294/1446/1373 1427/1445/1372 1293/1447/1374
f 1293/1447/1374 1427/1445/1372 1443/1448/1375
f 1293/1447/1374 1443/1448/1375 1292/1449/1376
f 1292/1449/1376 1443/1448/1375 1442/1450/1377
f 1292/1449/1376 1442/1450/1377 1291/1451/1378
f 1291/1451/1378 1442/1450/1377 1459/1452/1379
f 1291/1451/1378 1459/1452/1379 1290/1453/1380
f 1290/1453/1380 1459/1452/1379 1458/1454/1381
f 1290/1453/1380 1458/1454/1381 1289/1455/1382
f 1289/1455/1382 1458/1454/1381 1475/1456/1383
f 1289/1455/1382 1475/1456/1383 1288/1457/1384
f 1288/1457/1384 1475/1456/1383 1287/1458/1385
f 1287/1458/1385 1475/1456/1383 1474/1459/1386
f 1287/1458/1385 1474/1459/1386 1286/1460/1387
f 1286/1460/1387 1474/1459/1386 1490/1461/1388
f 1286/1460/1387 1490/1461/1388 1285/1462/1389
f 1285/1462/1389 1490/1461/1388 1499/1463/1390
f 1285/1462/1389 1499/1463/1390 1284/1464/1391
f 1284/1464/1391 1499/1463/1390 1498/1465/1392
f 1284/1464/1391 1498/1465/1392 1283/1466/1393
f 1283/1466/1393 1498/1465/1392 1514/1467/1394
f 1283/1466/1393 1514/1467/1394 1282/1468/1395
f 1282/1468/1395 1514/1467/1394 1513/1469/1396
f 1282/1468/1395 1513/1469/1396 1281/1470/1397
f 1281/1470/1397 1513/1469/1396 1528/1471/1398
f 1281/1470/1397 1528/1471/1398 1248/1472/1317
f 1248/1472/1317 1528/1471/1398 1249/1473/1399
f 1249/1473/1399 1528/1471/1398 1527/1474/1400
f 1249/1473/1399 1527/1474/1400 1250/1475/1401
f 1250/1475/1401 1527/1474/1400 1526/1476/1402
f 1250/1475/1401 1526/1476/1402 1525/1477/1403
f 1525/1477/1403 1526/1476/1402 1510/1478/1404
f 1525/1477/1403 1510/1478/1404 1509/1479/1405
f 1509/1479/1405 1510/1478/1404 1518/1480/1406
f 1509/1479/1405 1518/1480/1406 1519/1481/1407
f 1519/1481/1407 1518/1480/1406 1493/1482/1408
f 1519/1481/1407 1493/1482/1408 1492/1483/1409
f 1492/1483/1409 1493/1482/1408 1505/1484/1410
f 1492/1483/1409 1505/1484/1410 1313/1485/1411
f 1313/1485/1411 1505/1484/1410 1483/1486/1412
f 1313/1485/1411 1483/1486/1412 1277/1487/1413
f 1277/1487/1413 1483/1486/1412 1467/1488/1414
f 1277/1487/1413 1467/1488/1414 1276/1489/1415
f 1276/1489/1415 1467/1488/1414 1482/1490/1416
f 1276/1489/1415 1482/1490/1416 1451/1491/1417
f 1451/1491/1417 1482/1490/1416 1481/1492/1418
f 1451/1491/1417 1481/1492/1418 1452/1493/1419
f 1452/1493/1419 1481/1492/1418 1480/1494/1420
f 1452/1493/1419 1480/1494/1420 1453/1495/1421
f 1453/1495/1421 1480/1494/1420 1479/1496/1422
f 1453/1495/1421 1479/1496/1422 1454/1497/1423
f 1454/1497/1423 1479/1496/1422 1478/1498/1424
f 1454/1497/1423 1478/1498/1424 1455/1499/1425
f 1455/1499/1425 1478/1498/1424 1477/1500/1426
f 1455/1499/1425 1477/1500/1426 1456/1501/1427
f 1456/1501/1427 1477/1500/1426 1476/1502/1428
f 1456/1501/1427 1476/1502/1428 1457/1503/1429
f 1457/1503/1429 1476/1502/1428 1475/1456/1383
f 1457/1503/1429 1475/1456/1383 1458/1454/1381
f 1328/1403/1330 1257/1401/1328 1327/1504/1430
f 1327/1504/1430 1257/1401/1328 1258/1505/1431
f 1327/1504/1430 1258/1505/1431 1326/1506/1432
f 1326/1506/1432 1258/1505/1431 1325/1507/1433
f 1326/1506/1432 1325/1507/1433 1334/1508/1434
f 1334/1508/1434 1325/1507/1433 1333/1509/1435
f 1334/1508/1434 1333/1509/1435 1347/1510/1436
f 1347/1510/1436 1333/1509/1435 1348/1511/1437
f 1347/1510/1436 1348/1511/1437 1342/1512/1438
f 1342/1512/1438 1348/1511/1437 1341/1513/1439
f 1342/1512/1438 1341/1513/1439 1533/1415/1342
f 1533/1415/1342 1341/1513/1439 1532/1417/1344
f 1258/1505/1431 1259/1514/1440 1325/1507/1433
f 1325/1507/1433 1259/1514/1440 1324/1515/1441
f 1325/1507/1433 1324/1515/1441 1333/1509/1435
f 1333/1509/1435 1324/1515/1441 1332/1516/1442
f 1333/1509/1435 1332/1516/1442 1348/1511/1437
f 1348/1511/1437 1332/1516/1442 1349/1517/1443
f 1348/1511/1437 1349/1517/1443 1341/1513/1439
f 1341/1513/1439 1349/1517/1443 1340/1518/1444
f 1341/1513/1439 1340/1518/1444 1532/1417/1344
f 1532/1417/1344 1340/1518/1444 1531/1419/1346
f 1259/1514/1440 1260/1519/1445 1324/1515/1441
f 1324/1515/1441 1260/1519/1445 1323/1520/1446
f 1324/1515/1441 1323/1520/1446 1332/1516/1442
f 1332/1516/1442 1323/1520/1446 1331/1521/1447
f 1332/1516/1442 1331/1521/1447 1349/1517/1443
f 1349/1517/1443 1331/1521/1447 1350/1522/1448
f 1349/1517/1443 1350/1522/1448 1340/1518/1444
f 1340/1518/1444 1350/1522/1448 1339/1523/1449
f 1340/1518/1444 1339/1523/1449 1531/1419/1346
f 1531/1419/1346 1339/1523/1449 1530/1421/1348
f 1260/1519/1445 1261/1524/1450 1323/1520/1446
f 1323/1520/1446 1261/1524/1450 1322/1525/1451
f 1323/1520/1446 1322/1525/1451 1331/1521/1447
f 1331/1521/1447 1322/1525/1451 1330/1526/1452
f 1331/1521/1447 1330/1526/1452 1350/1522/1448
f 1350/1522/1448 1330/1526/1452 1351/1527/1453
f 1350/1522/1448 1351/1527/1453 1339/1523/1449
f 1339/1523/1449 1351/1527/1453 1338/1528/1454
f 1339/1523/1449 1338/1528/1454 1530/1421/1348
f 1530/1421/1348 1338/1528/1454 1529/1423/1350
f 1261/1524/1450 1262/1529/1455 1322/1525/1451
f 1322/1525/1451 1262/1529/1455 1321/1530/1456
f 1322/1525/1451 1321/1530/1456 1330/1526/1452
f 1330/1526/1452 1321/1530/1456 1329/1531/1457
f 1330/1526/1452 1329/1531/1457 1351/1527/1453
f 1351/1527/1453 1329/1531/1457 1320/1532/1458
f 1351/1527/1453 1320/1532/1458 1338/1528/1454
f 1338/1528/1454 1320/1532/1458 1337/1533/1459
f 1338/1528/1454 1337/1533/1459 1529/1423/1350
f 1529/1423/1350 1337/1533/1459 1318/1425/1352
f 1262/1529/1455 1263/1534/1460 1321/1530/1456
f 1321/1530/1456 1263/1534/1460 1264/1535/1461
f 1321/1530/1456 1264/1535/1461 1265/1536/1462
f 1266/1537/1463 1320/1532/1458 1265/1536/1462
f 1265/1536/1462 1320/1532/1458 1329/1531/1457
f 1265/1536/1462 1329/1531/1457 1321/1530/1456
f 1267/1427/1354 1318/1425/1352 1266/1537/1463
f 1266/1537/1463 1318/1425/1352 1337/1533/1459
f 1266/1537/1463 1337/1533/1459 1320/1532/1458
f 1268/1429/1356 1269/1538/1464 1366/1431/1358
f 1366/1431/1358 1269/1538/1464 1382/1539/1465
f 1366/1431/1358 1382/1539/1465 1383/1433/1360
f 1383/1433/1360 1382/1539/1465 1391/1540/1466
f 1383/1433/1360 1391/1540/1466 1392/1435/1362
f 1392/1435/1362 1391/1540/1466 1400/1541/1467
f 1392/1435/1362 1400/1541/1467 1401/1437/1364
f 1401/1437/1364 1400/1541/1467 1417/1542/1468
f 1401/1437/1364 1417/1542/1468 1416/1439/1366
f 1416/1439/1366 1417/1542/1468 1409/1543/1469
f 1416/1439/1366 1409/1543/1469 1410/1441/1368
f 1410/1441/1368 1409/1543/1469 1430/1544/1470
f 1410/1441/1368 1430/1544/1470 1429/1443/1370
f 1429/1443/1370 1430/1544/1470 1426/1545/1471
f 1429/1443/1370 1426/1545/1471 1427/1445/1372
f 1427/1445/1372 1426/1545/1471 1443/1448/1375
f 1269/1538/1464 1270/1546/1472 1382/1539/1465
f 1382/1539/1465 1270/1546/1472 1390/1547/1473
f 1382/1539/1465 1390/1547/1473 1391/1540/1466
f 1391/1540/1466 1390/1547/1473 1399/1548/1474
f 1391/1540/1466 1399/1548/1474 1400/1541/1467
f 1400/1541/1467 1399/1548/1474 1418/1549/1475
f 1400/1541/1467 1418/1549/1475 1417/1542/1468
f 1417/1542/1468 1418/1549/1475 1408/1550/1476
f 1417/1542/1468 1408/1550/1476 1409/1543/1469
f 1409/1543/1469 1408/1550/1476 1431/1551/1477
f 1409/1543/1469 1431/1551/1477 1430/1544/1470
f 1430/1544/1470 1431/1551/1477 1425/1552/1478
f 1430/1544/1470 1425/1552/1478 1426/1545/1471
f 1426/1545/1471 1425/1552/1478 1444/1553/1479
f 1426/1545/1471 1444/1553/1479 1443/1448/1375
f 1443/1448/1375 1444/1553/1479 1442/1450/1377
f 1270/1546/1472 1271/1554/1480 1390/1547/1473
f 1390/1547/1473 1271/1554/1480 1398/1555/1481
f 1390/1547/1473 1398/1555/1481 1399/1548/1474
f 1399/1548/1474 1398/1555/1481 1419/1556/1482
f 1399/1548/1474 1419/1556/1482 1418/1549/1475
f 1418/1549/1475 1419/1556/1482 1407/1557/1483
f 1418/1549/1475 1407/1557/1483 1408/1550/1476
f 1408/1550/1476 1407/1557/1483 1432/1558/1484
f 1408/1550/1476 1432/1558/1484 1431/1551/1477
f 1431/1551/1477 1432/1558/1484 1424/1559/1485
f 1431/1551/1477 1424/1559/1485 1425/1552/1478
f 1425/1552/1478 1424/1559/1485 1445/1560/1486
f 1425/1552/1478 1445/1560/1486 1444/1553/1479
f 1444/1553/1479 1445/1560/1486 1441/1561/1487
f 1444/1553/1479 1441/1561/1487 1442/1450/1377
f 1442/1450/1377 1441/1561/1487 1459/1452/1379
f 1271/1554/1480 1272/1562/1488 1398/1555/1481
f 1398/1555/1481 1272/1562/1488 1420/1563/1489
f 1398/1555/1481 1420/1563/1489 1419/1556/1482
f 1419/1556/1482 1420/1563/1489 1406/1564/1490
f 1419/1556/1482 1406/1564/1490 1407/1557/1483
f 1407/1557/1483 1406/1564/1490 1433/1565/1491
f 1407/1557/1483 1433/1565/1491 1432/1558/1484
f 1432/1558/1484 1433/1565/1491 1423/1566/1492
f 1432/1558/1484 1423/1566/1492 1424/1559/1485
f 1424/1559/1485 1423/1566/1492 1446/1567/1493
f 1424/1559/1485 1446/1567/1493 1445/1560/1486
f 1445/1560/1486 1446/1567/1493 1440/1568/1494
f 1445/1560/1486 1440/1568/1494 1441/1561/1487
f 1441/1561/1487 1440/1568/1494 1460/1569/1495
f 1441/1561/1487 1460/1569/1495 1459/1452/1379
f 1459/1452/1379 1460/1569/1495 1458/1454/1381
f 1420/1563/1489 1272/1562/1488 1316/1570/1496
f 1316/1570/1496 1272/1562/1488 1273/1571/1497
f 1316/1570/1496 1273/1571/1497 1435/1572/1498
f 1435/1572/1498 1273/1571/1497 1315/1573/1499
f 1435/1572/1498 1315/1573/1499 1421/1574/1500
f 1421/1574/1500 1315/1573/1499 1449/1575/1501
f 1421/1574/1500 1449/1575/1501 1448/1576/1502
f 1448/1576/1502 1449/1575/1501 1437/1577/1503
f 1448/1576/1502 1437/1577/1503 1438/1578/1504
f 1438/1578/1504 1437/1577/1503 1463/1579/1505
f 1438/1578/1504 1463/1579/1505 1462/1580/1506
f 1462/1580/1506 1463/1579/1505 1455/1499/1425
f 1462/1580/1506 1455/1499/1425 1456/1501/1427
f 1273/1571/1497 1274/1581/1507 1315/1573/1499
f 1315/1573/1499 1274/1581/1507 1450/1582/1508
f 1315/1573/1499 1450/1582/1508 1449/1575/1501
f 1449/1575/1501 1450/1582/1508 1436/1583/1509
f 1449/1575/1501 1436/1583/1509 1437/1577/1503
f 1437/1577/1503 1436/1583/1509 1464/1584/1510
f 1437/1577/1503 1464/1584/1510 1463/1579/1505
f 1463/1579/1505 1464/1584/1510 1454/1497/1423
f 1463/1579/1505 1454/1497/1423 1455/1499/1425
f 1450/1582/1508 1274/1581/1507 1314/1585/1511
f 1314/1585/1511 1274/1581/1507 1275/1586/1512
f 1314/1585/1511 1275/1586/1512 1466/1587/1513
f 1466/1587/1513 1275/1586/1512 1451/1491/1417
f 1466/1587/1513 1451/1491/1417 1452/1493/1419
f 1275/1586/1512 1276/1489/1415 1451/1491/1417
f 1277/1487/1413 1278/1588/1514 1313/1485/1411
f 1313/1485/1411 1278/1588/1514 1491/1589/1515
f 1313/1485/1411 1491/1589/1515 1492/1483/1409
f 1492/1483/1409 1491/1589/1515 1520/1590/1516
f 1492/1483/1409 1520/1590/1516 1519/1481/1407
f 1519/1481/1407 1520/1590/1516 1508/1591/1517
f 1519/1481/1407 1508/1591/1517 1509/1479/1405
f 1509/1479/1405 1508/1591/1517 1524/1592/1518
f 1509/1479/1405 1524/1592/1518 1525/1477/1403
f 1525/1477/1403 1524/1592/1518 1251/1593/1322
f 1525/1477/1403 1251/1593/1322 1250/1475/1401
f 1491/1589/1515 1278/1588/1514 1312/1594/1519
f 1312/1594/1519 1278/1588/1514 1279/1595/1520
f 1312/1594/1519 1279/1595/1520 1506/1596/1521
f 1506/1596/1521 1279/1595/1520 1280/1597/1522
f 1506/1596/1521 1280/1597/1522 1521/1598/1523
f 1521/1598/1523 1280/1597/1522 1255/1599/1326
f 1521/1598/1523 1255/1599/1326 1254/1600/1524
f 1521/1598/1523 1254/1600/1524 1522/1601/1525
f 1522/1601/1525 1254/1600/1524 1253/1602/1526
f 1522/1601/1525 1253/1602/1526 1523/1603/1527
f 1523/1603/1527 1253/1602/1526 1252/1604/1323
f 1523/1603/1527 1252/1604/1323 1524/1592/1518
f 1524/1592/1518 1252/1604/1323 1251/1593/1322
f 1294/1446/1373 1295/1605/1528 1428/1444/1371
f 1428/1444/1371 1295/1605/1528 1412/1606/1529
f 1428/1444/1371 1412/1606/1529 1411/1442/1369
f 1411/1442/1369 1412/1606/1529 1414/1607/1530
f 1411/1442/1369 1414/1607/1530 1415/1440/1367
f 1415/1440/1367 1414/1607/1530 1403/1608/1531
f 1415/1440/1367 1403/1608/1531 1402/1438/1365
f 1402/1438/1365 1403/1608/1531 1394/1609/1532
f 1402/1438/1365 1394/1609/1532 1393/1436/1363
f 1393/1436/1363 1394/1609/1532 1385/1610/1533
f 1393/1436/1363 1385/1610/1533 1384/1434/1361
f 1384/1434/1361 1385/1610/1533 1368/1611/1534
f 1384/1434/1361 1368/1611/1534 1367/1432/1359
f 1367/1432/1359 1368/1611/1534 1380/1612/1535
f 1367/1432/1359 1380/1612/1535 1381/1430/1357
f 1381/1430/1357 1380/1612/1535 1317/1428/1355
f 1295/1605/1528 1296/1613/1536 1412/1606/1529
f 1412/1606/1529 1296/1613/1536 1413/1614/1537
f 1412/1606/1529 1413/1614/1537 1414/1607/1530
f 1414/1607/1530 1413/1614/1537 1404/1615/1538
f 1414/1607/1530 1404/1615/1538 1403/1608/1531
f 1403/1608/1531 1404/1615/1538 1395/1616/1539
f 1403/1608/1531 1395/1616/1539 1394/1609/1532
f 1394/1609/1532 1395/1616/1539 1386/1617/1540
f 1394/1609/1532 1386/1617/1540 1385/1610/1533
f 1385/1610/1533 1386/1617/1540 1369/1618/1541
f 1385/1610/1533 1369/1618/1541 1368/1611/1534
f 1368/1611/1534 1369/1618/1541 1379/1619/1542
f 1368/1611/1534 1379/1619/1542 1380/1612/1535
f 1380/1612/1535 1379/1619/1542 1352/1620/1543
f 1380/1612/1535 1352/1620/1543 1317/1428/1355
f 1317/1428/1355 1352/1620/1543 1365/1426/1353
f 1296/1613/1536 1297/1621/1544 1413/1614/1537
f 1413/1614/1537 1297/1621/1544 1405/1622/1545
f 1413/1614/1537 1405/1622/1545 1404/1615/1538
f 1404/1615/1538 1405/1622/1545 1396/1623/1546
f 1404/1615/1538 1396/1623/1546 1395/1616/1539
f 1395/1616/1539 1396/1623/1546 1387/1624/1547
f 1395/1616/1539 1387/1624/1547 1386/1617/1540
f 1386/1617/1540 1387/1624/1547 1370/1625/1548
f 1386/1617/1540 1370/1625/1548 1369/1618/1541
f 1369/1618/1541 1370/1625/1548 1378/1626/1549
f 1369/1618/1541 1378/1626/1549 1379/1619/1542
f 1379/1619/1542 1378/1626/1549 1353/1627/1550
f 1379/1619/1542 1353/1627/1550 1352/1620/1543
f 1352/1620/1543 1353/1627/1550 1364/1424/1351
f 1352/1620/1543 1364/1424/1351 1365/1426/1353
f 1297/1621/1544 1298/1628/1551 1405/1622/1545
f 1405/1622/1545 1298/1628/1551 1397/1629/1552
f 1405/1622/1545 1397/1629/1552 1396/1623/1546
f 1396/1623/1546 1397/1629/1552 1388/1630/1553
f 1396/1623/1546 1388/1630/1553 1387/1624/1547
f 1387/1624/1547 1388/1630/1553 1371/1631/1554
f 1387/1624/1547 1371/1631/1554 1370/1625/1548
f 1370/1625/1548 1371/1631/1554 1377/1632/1555
f 1370/1625/1548 1377/1632/1555 1378/1626/1549
f 1378/1626/1549 1377/1632/1555 1354/1633/1556
f 1378/1626/1549 1354/1633/1556 1353/1627/1550
f 1353/1627/1550 1354/1633/1556 1363/1422/1349
f 1353/1627/1550 1363/1422/1349 1364/1424/1351
f 1298/1628/1551 1299/1634/1557 1397/1629/1552
f 1397/1629/1552 1299/1634/1557 1300/1635/1558
f 1397/1629/1552 1300/1635/1558 1389/1636/1559
f 1389/1636/1559 1300/1635/1558 1301/1637/1560
f 1389/1636/1559 1301/1637/1560 1302/1638/1561
f 1389/1636/1559 1302/1638/1561 1373/1639/1562
f 1373/1639/1562 1302/1638/1561 1303/1640/1563
f 1373/1639/1562 1303/1640/1563 1374/1641/1564
f 1374/1641/1564 1303/1640/1563 1304/1642/1565
f 1374/1641/1564 1304/1642/1565 1305/1643/1566
f 1374/1641/1564 1305/1643/1566 1358/1644/1567
f 1358/1644/1567 1305/1643/1566 1306/1645/1568
f 1358/1644/1567 1306/1645/1568 1319/1412/1339
f 1319/1412/1339 1306/1645/1568 1307/1410/1337
f 1336/1405/1332 1328/1403/1330 1327/1504/1430
f 1327/1504/1430 1326/1506/1432 1335/1646/1569
f 1335/1646/1569 1326/1506/1432 1334/1508/1434
f 1335/1646/1569 1334/1508/1434 1346/1647/1570
f 1346/1647/1570 1334/1508/1434 1347/1510/1436
f 1346/1647/1570 1347/1510/1436 1343/1648/1571
f 1343/1648/1571 1347/1510/1436 1342/1512/1438
f 1343/1648/1571 1342/1512/1438 1534/1413/1340
f 1534/1413/1340 1342/1512/1438 1533/1415/1342
f 1345/1407/1334 1336/1405/1332 1335/1646/1569
f 1335/1646/1569 1336/1405/1332 1327/1504/1430
f 1345/1407/1334 1335/1646/1569 1346/1647/1570
f 1345/1407/1334 1346/1647/1570 1344/1409/1336
f 1344/1409/1336 1346/1647/1570 1343/1648/1571
f 1344/1409/1336 1343/1648/1571 1535/1411/1338
f 1535/1411/1338 1343/1648/1571 1534/1413/1340
f 1362/1420/1347 1363/1422/1349 1354/1633/1556
f 1361/1418/1345 1362/1420/1347 1355/1649/1572
f 1355/1649/1572 1362/1420/1347 1354/1633/1556
f 1355/1649/1572 1354/1633/1556 1377/1632/1555
f 1360/1416/1343 1361/1418/1345 1356/1650/1573
f 1356/1650/1573 1361/1418/1345 1355/1649/1572
f 1356/1650/1573 1355/1649/1572 1376/1651/1574
f 1376/1651/1574 1355/1649/1572 1377/1632/1555
f 1376/1651/1574 1377/1632/1555 1371/1631/1554
f 1359/1414/1341 1360/1416/1343 1357/1652/1575
f 1357/1652/1575 1360/1416/1343 1356/1650/1573
f 1357/1652/1575 1356/1650/1573 1375/1653/1576
f 1375/1653/1576 1356/1650/1573 1376/1651/1574
f 1375/1653/1576 1376/1651/1574 1372/1654/1577
f 1372/1654/1577 1376/1651/1574 1371/1631/1554
f 1372/1654/1577 1371/1631/1554 1388/1630/1553
f 1319/1412/1339 1359/1414/1341 1358/1644/1567
f 1358/1644/1567 1359/1414/1341 1357/1652/1575
f 1358/1644/1567 1357/1652/1575 1374/1641/1564
f 1374/1641/1564 1357/1652/1575 1375/1653/1576
f 1374/1641/1564 1375/1653/1576 1373/1639/1562
f 1373/1639/1562 1375/1653/1576 1372/1654/1577
f 1373/1639/1562 1372/1654/1577 1389/1636/1559
f 1389/1636/1559 1372/1654/1577 1388/1630/1553
f 1389/1636/1559 1388/1630/1553 1397/1629/1552
f 1420/1563/1489 1316/1570/1496 1406/1564/1490
f 1406/1564/1490 1316/1570/1496 1434/1655/1578
f 1406/1564/1490 1434/1655/1578 1433/1565/1491
f 1433/1565/1491 1434/1655/1578 1422/1656/1579
f 1433/1565/1491 1422/1656/1579 1423/1566/1492
f 1423/1566/1492 1422/1656/1579 1447/1657/1580
f 1423/1566/1492 1447/1657/1580 1446/1567/1493
f 1446/1567/1493 1447/1657/1580 1439/1658/1581
f 1446/1567/1493 1439/1658/1581 1440/1568/1494
f 1440/1568/1494 1439/1658/1581 1461/1659/1582
f 1440/1568/1494 1461/1659/1582 1460/1569/1495
f 1460/1569/1495 1461/1659/1582 1457/1503/1429
f 1460/1569/1495 1457/1503/1429 1458/1454/1381
f 1435/1572/1498 1421/1574/1500 1434/1655/1578
f 1434/1655/1578 1421/1574/1500 1422/1656/1579
f 1447/1657/1580 1422/1656/1579 1448/1576/1502
f 1448/1576/1502 1422/1656/1579 1421/1574/1500
f 1316/1570/1496 1435/1572/1498 1434/1655/1578
f 1450/1582/1508 1314/1585/1511 1436/1583/1509
f 1436/1583/1509 1314/1585/1511 1465/1660/1583
f 1436/1583/1509 1465/1660/1583 1464/1584/1510
f 1464/1584/1510 1465/1660/1583 1453/1495/1421
f 1464/1584/1510 1453/1495/1421 1454/1497/1423
f 1447/1657/1580 1448/1576/1502 1438/1578/1504
f 1447/1657/1580 1438/1578/1504 1439/1658/1581
f 1439/1658/1581 1438/1578/1504 1462/1580/1506
f 1439/1658/1581 1462/1580/1506 1461/1659/1582
f 1461/1659/1582 1462/1580/1506 1456/1501/1427
f 1461/1659/1582 1456/1501/1427 1457/1503/1429
f 1466/1587/1513 1452/1493/1419 1465/1660/1583
f 1465/1660/1583 1452/1493/1419 1453/1495/1421
f 1314/1585/1511 1466/1587/1513 1465/1660/1583
f 1481/1492/1418 1482/1490/1416 1468/1661/1584
f 1468/1661/1584 1482/1490/1416 1467/1488/1414
f 1468/1661/1584 1467/1488/1414 1484/1662/1585
f 1484/1662/1585 1467/1488/1414 1483/1486/1412
f 1484/1662/1585 1483/1486/1412 1505/1484/1410
f 1480/1494/1420 1481/1492/1418 1469/1663/1586
f 1469/1663/1586 1481/1492/1418 1468/1661/1584
f 1469/1663/1586 1468/1661/1584 1485/1664/1587
f 1485/1664/1587 1468/1661/1584 1484/1662/1585
f 1485/1664/1587 1484/1662/1585 1504/1665/1588
f 1504/1665/1588 1484/1662/1585 1505/1484/1410
f 1504/1665/1588 1505/1484/1410 1493/1482/1408
f 1479/1496/1422 1480/1494/1420 1470/1666/1589
f 1470/1666/1589 1480/1494/1420 1469/1663/1586
f 1470/1666/1589 1469/1663/1586 1486/1667/1590
f 1486/1667/1590 1469/1663/1586 1485/1664/1587
f 1486/1667/1590 1485/1664/1587 1503/1668/1591
f 1503/1668/1591 1485/1664/1587 1504/1665/1588
f 1503/1668/1591 1504/1665/1588 1494/1669/1592
f 1494/1669/1592 1504/1665/1588 1493/1482/1408
f 1494/1669/1592 1493/1482/1408 1518/1480/1406
f 1478/1498/1424 1479/1496/1422 1471/1670/1593
f 1471/1670/1593 1479/1496/1422 1470/1666/1589
f 1471/1670/1593 1470/1666/1589 1487/1671/1594
f 1487/1671/1594 1470/1666/1589 1486/1667/1590
f 1487/1671/1594 1486/1667/1590 1502/1672/1595
f 1502/1672/1595 1486/1667/1590 1503/1668/1591
f 1502/1672/1595 1503/1668/1591 1495/1673/1596
f 1495/1673/1596 1503/1668/1591 1494/1669/1592
f 1495/1673/1596 1494/1669/1592 1517/1674/1597
f 1517/1674/1597 1494/1669/1592 1518/1480/1406
f 1517/1674/1597 1518/1480/1406 1510/1478/1404
f 1477/1500/1426 1478/1498/1424 1472/1675/1598
f 1472/1675/1598 1478/1498/1424 1471/1670/1593
f 1472/1675/1598 1471/1670/1593 1488/1676/1599
f 1488/1676/1599 1471/1670/1593 1487/1671/1594
f 1488/1676/1599 1487/1671/1594 1501/1677/1600
f 1501/1677/1600 1487/1671/1594 1502/1672/1595
f 1501/1677/1600 1502/1672/1595 1496/1678/1601
f 1496/1678/1601 1502/1672/1595 1495/1673/1596
f 1496/1678/1601 1495/1673/1596 1516/1679/1602
f 1516/1679/1602 1495/1673/1596 1517/1674/1597
f 1516/1679/1602 1517/1674/1597 1511/1680/1603
f 1511/1680/1603 1517/1674/1597 1510/1478/1404
f 1511/1680/1603 1510/1478/1404 1526/1476/1402
f 1476/1502/1428 1477/1500/1426 1473/1681/1604
f 1473/1681/1604 1477/1500/1426 1472/1675/1598
f 1473/1681/1604 1472/1675/1598 1489/1682/1605
f 1489/1682/1605 1472/1675/1598 1488/1676/1599
f 1489/1682/1605 1488/1676/1599 1500/1683/1606
f 1500/1683/1606 1488/1676/1599 1501/1677/1600
f 1500/1683/1606 1501/1677/1600 1497/1684/1607
f 1497/1684/1607 1501/1677/1600 1496/1678/1601
f 1497/1684/1607 1496/1678/1601 1515/1685/1608
f 1515/1685/1608 1496/1678/1601 1516/1679/1602
f 1515/1685/1608 1516/1679/1602 1512/1686/1609
f 1512/1686/1609 1516/1679/1602 1511/1680/1603
f 1512/1686/1609 1511/1680/1603 1527/1474/1400
f 1527/1474/1400 1511/1680/1603 1526/1476/1402
f 1475/1456/1383 1476/1502/1428 1474/1459/1386
f 1474/1459/1386 1476/1502/1428 1473/1681/1604
f 1474/1459/1386 1473/1681/1604 1490/1461/1388
f 1490/1461/1388 1473/1681/1604 1489/1682/1605
f 1490/1461/1388 1489/1682/1605 1499/1463/1390
f 1499/1463/1390 1489/1682/1605 1500/1683/1606
f 1499/1463/1390 1500/1683/1606 1498/1465/1392
f 1498/1465/1392 1500/1683/1606 1497/1684/1607
f 1498/1465/1392 1497/1684/1607 1514/1467/1394
f 1514/1467/1394 1497/1684/1607 1515/1685/1608
f 1514/1467/1394 1515/1685/1608 1513/1469/1396
f 1513/1469/1396 1515/1685/1608 1512/1686/1609
f 1513/1469/1396 1512/1686/1609 1528/1471/1398
f 1528/1471/1398 1512/1686/1609 1527/1474/1400
f 1506/1596/1521 1507/1687/1610 1312/1594/1519
f 1312/1594/1519 1507/1687/1610 1520/1590/1516
f 1312/1594/1519 1520/1590/1516 1491/1589/1515
f 1520/1590/1516 1507/1687/1610 1508/1591/1517
f 1508/1591/1517 1507/1687/1610 1523/1603/1527
f 1508/1591/1517 1523/1603/1527 1524/1592/1518
f 1521/1598/1523 1522/1601/1525 1506/1596/1521
f 1506/1596/1521 1522/1601/1525 1507/1687/1610
f 1522/1601/1525 1523/1603/1527 1507/1687/1610
f 1256/1688/1327 1057/1689/1132 1257/1690/1611
f 1257/1690/1611 1057/1689/1132 1056/1691/1612
f 1257/1690/1611 1056/1691/1612 1258/1692/1613
f 1258/1692/1613 1056/1691/1612 1055/1693/1174
f 1258/1692/1613 1055/1693/1174 1259/1694/1440
f 1259/1694/1440 1055/1693/1174 1054/1695/1173
f 1259/1694/1440 1054/1695/1173 1260/1696/1445
f 1260/1696/1445 1054/1695/1173 1053/1697/1185
f 1260/1696/1445 1053/1697/1185 1261/1698/1614
f 1261/1698/1614 1053/1697/1185 1052/1699/1181
f 1261/1698/1614 1052/1699/1181 1262/1700/1615
f 1262/1700/1615 1052/1699/1181 1051/1701/1616
f 1262/1700/1615 1051/1701/1616 1263/1702/1460
f 1263/1702/1460 1051/1701/1616 1050/1703/1177
f 1156/1704/1286 466/1705/532 1157/1706/1288
f 1157/1706/1288 466/1705/532 465/1707/557
f 1157/1706/1288 465/1707/557 464/1708/555
f 1157/1706/1288 464/1708/555 1158/1709/1290
f 1158/1709/1290 464/1708/555 463/1710/550
f 1158/1709/1290 463/1710/550 1159/1711/1292
f 1159/1711/1292 463/1710/550 462/1712/548
f 1159/1711/1292 462/1712/548 1160/1713/1294
f 1160/1713/1294 462/1712/548 461/1714/546
f 1160/1713/1294 461/1714/546 1161/1715/1617
f 1161/1715/1617 461/1714/546 460/1716/1618
f 1161/1715/1617 460/1716/1618 1162/1717/1220
f 1162/1717/1220 460/1716/1618 459/1718/1619
f 1162/1717/1220 459/1718/1619 1163/1719/1219
f 1163/1719/1219 459/1718/1619 458/1720/499
f 1163/1719/1219 458/1720/499 1164/1721/1209
f 1164/1721/1209 458/1720/499 457/1722/497
f 1164/1721/1209 457/1722/497 1140/1723/1210
f 581/1724/700 1149/1725/1245 582/1726/701
f 582/1726/701 1149/1725/1245 1148/1727/1270
f 582/1726/701 1148/1727/1270 1147/1728/1268
f 582/1726/701 1147/1728/1268 583/1729/703
f 583/1729/703 1147/1728/1268 1146/1730/1263
f 583/1729/703 1146/1730/1263 584/1731/705
f 584/1731/705 1146/1730/1263 1145/1732/1261
f 584/1731/705 1145/1732/1261 585/1733/706
f 585/1733/706 1145/1732/1261 1144/1734/1259
f 585/1733/706 1144/1734/1259 586/1735/707
f 586/1735/707 1144/1734/1259 1143/1736/1620
f 586/1735/707 1143/1736/1620 587/1737/630
f 587/1737/630 1143/1736/1620 1142/1738/1621
f 587/1737/630 1142/1738/1621 588/1739/626
f 588/1739/626 1142/1738/1621 1141/1740/1212
f 588/1739/626 1141/1740/1212 589/1741/624
f 589/1741/624 1141/1740/1212 1140/1742/1210
f 589/1741/624 1140/1742/1210 565/1743/622
f 1057/1744/1132 254/1745/345 1058/1746/1186
f 1058/1746/1186 254/1745/345 253/1747/343
f 1058/1746/1186 253/1747/343 252/1748/341
f 1058/1746/1186 252/1748/341 1059/1749/1188
f 1059/1749/1188 252/1748/341 251/1750/338
f 1059/1749/1188 251/1750/338 1060/1751/1190
f 1060/1751/1190 251/1750/338 250/1752/1622
f 1060/1751/1190 250/1752/1622 1061/1753/1192
f 1061/1753/1192 250/1752/1622 249/1754/313
f 1061/1753/1192 249/1754/313 1062/1755/1122
f 1062/1755/1122 249/1754/313 248/1756/302
f 1062/1755/1122 248/1756/302 1063/1757/1623
f 1063/1757/1623 248/1756/302 247/1758/1624
f 1063/1757/1623 247/1758/1624 1064/1759/1625
f 1064/1759/1625 247/1758/1624 246/1760/271
f 1064/1759/1625 246/1760/271 1065/1761/1114
f 1065/1761/1114 246/1760/271 245/1762/273
f 1065/1761/1114 245/1762/273 1041/1763/1112
f 365/1764/438 1050/1765/1177 366/1766/442
f 366/1766/442 1050/1765/1177 1049/1767/1176
f 366/1766/442 1049/1767/1176 1048/1768/1165
f 366/1766/442 1048/1768/1165 367/1769/444
f 367/1769/444 1048/1768/1165 1047/1770/1626
f 367/1769/444 1047/1770/1626 368/1771/445
f 368/1771/445 1047/1770/1626 1046/1772/1150
f 368/1771/445 1046/1772/1150 369/1773/446
f 369/1773/446 1046/1772/1150 1045/1774/1627
f 369/1773/446 1045/1774/1627 370/1775/449
f 370/1775/449 1045/1774/1627 1044/1776/1155
f 370/1775/449 1044/1776/1155 371/1777/1628
f 371/1777/1628 1044/1776/1155 1043/1778/1152
f 371/1777/1628 1043/1778/1152 372/1779/1629
f 372/1779/1629 1043/1778/1152 1042/1780/1110
f 372/1779/1629 1042/1780/1110 373/1781/379
f 373/1781/379 1042/1780/1110 1041/1782/1112
f 373/1781/379 1041/1782/1112 349/1783/377
f 162/1784/181 574/1785/694 163/1786/235
f 163/1786/235 574/1785/694 573/1787/692
f 163/1786/235 573/1787/692 572/1788/690
f 163/1786/235 572/1788/690 164/1789/237
f 164/1789/237 572/1788/690 571/1790/687
f 164/1789/237 571/1790/687 165/1791/239
f 165/1791/239 571/1790/687 570/1792/1630
f 165/1791/239 570/1792/1630 166/1793/241
f 166/1793/241 570/1792/1630 569/1794/662
f 166/1793/241 569/1794/662 167/1795/171
f 167/1795/171 569/1794/662 568/1796/651
f 167/1795/171 568/1796/651 168/1797/1631
f 168/1797/1631 568/1796/651 567/1798/1632
f 168/1797/1631 567/1798/1632 169/1799/1633
f 169/1799/1633 567/1798/1632 566/1800/620
f 169/1799/1633 566/1800/620 170/1801/163
f 170/1801/163 566/1800/620 565/1802/622
f 170/1801/163 565/1802/622 146/1803/161
f 65/1804/101 358/1805/430 66/1806/103
f 66/1806/103 358/1805/430 357/1807/432
f 66/1806/103 357/1807/432 356/1808/433
f 66/1806/103 356/1808/433 67/1809/105
f 67/1809/105 356/1808/433 355/1810/1634
f 67/1809/105 355/1810/1634 68/1811/107
f 68/1811/107 355/1810/1634 354/1812/421
f 68/1811/107 354/1812/421 69/1813/119
f 69/1813/119 354/1812/421 353/1814/1635
f 69/1813/119 353/1814/1635 70/1815/1636
f 70/1815/1636 353/1814/1635 352/1816/399
f 70/1815/1636 352/1816/399 71/1817/129
f 71/1817/129 352/1816/399 351/1818/397
f 71/1817/129 351/1818/397 72/1819/131
f 72/1819/131 351/1818/397 350/1820/375
f 72/1819/131 350/1820/375 73/1821/53
f 73/1821/53 350/1820/375 349/1822/377
f 73/1821/53 349/1822/377 49/1823/51
f 261/1824/351 58/1825/83 262/1826/352
f 262/1826/352 58/1825/83 57/1827/82
f 262/1826/352 57/1827/82 56/1828/86
f 262/1826/352 56/1828/86 263/1829/354
f 263/1829/354 56/1828/86 55/1830/85
f 263/1829/354 55/1830/85 264/1831/356
f 264/1831/356 55/1830/85 54/1832/66
f 264/1831/356 54/1832/66 265/1833/357
f 265/1833/357 54/1832/66 53/1834/64
f 265/1833/357 53/1834/64 266/1835/358
f 266/1835/358 53/1834/64 52/1836/1637
f 266/1835/358 52/1836/1637 267/1837/281
f 267/1837/281 52/1836/1637 51/1838/1638
f 267/1837/281 51/1838/1638 268/1839/277
f 268/1839/277 51/1838/1638 50/1840/49
f 268/1839/277 50/1840/49 269/1841/275
f 269/1841/275 50/1840/49 49/1842/51
f 269/1841/275 49/1842/51 245/1843/273
f 684/1844/879 254/1845/345 1256/1846/1327
f 1256/1846/1327 254/1845/345 1057/1847/1132
f 58/1848/83 261/1849/351 48/1850/35
f 48/1850/35 261/1849/351 677/1851/736
f 48/1850/35 677/1851/736 730/1852/978
f 730/1852/978 677/1851/736 732/1853/735
f 730/1852/978 732/1853/735 731/1854/983
f 730/1852/978 729/1855/971 48/1850/35
f 48/1850/35 729/1855/971 728/1856/966
f 48/1850/35 728/1856/966 727/1857/962
f 727/1857/962 726/1858/958 48/1850/35
f 48/1850/35 726/1858/958 725/1859/954
f 48/1850/35 725/1859/954 724/1860/947
f 48/1850/35 724/1860/947 33/1861/33
f 33/1861/33 724/1860/947 723/1862/942
f 33/1861/33 723/1862/942 722/1863/935
f 722/1863/935 721/1864/930 33/1861/33
f 33/1861/33 721/1864/930 720/1865/923
f 33/1861/33 720/1865/923 719/1866/918
f 719/1866/918 718/1867/911 33/1861/33
f 33/1861/33 718/1867/911 669/1868/724
f 33/1861/33 669/1868/724 574/1869/694
f 717/1870/909 716/1871/907 718/1867/911
f 718/1867/911 716/1871/907 669/1868/724
f 574/1869/694 162/1872/181 33/1861/33
f 29/1873/258 155/1874/226 30/1875/616
f 30/1875/616 155/1874/226 473/1876/573
f 457/1877/497 146/1878/161 1140/1879/1210
f 1140/1879/1210 146/1878/161 565/1880/622
f 1041/1881/1112 245/1882/273 349/1883/377
f 349/1883/377 245/1882/273 49/1884/51
f 65/1885/101 22/1886/158 358/1887/430
f 358/1887/430 22/1886/158 21/1888/483
f 1248/1889/1317 676/1890/734 1281/1891/1639
f 1281/1891/1639 676/1890/734 715/1892/1640
f 1281/1891/1639 715/1892/1640 714/1893/1641
f 1281/1891/1639 714/1893/1641 1282/1894/1642
f 1282/1894/1642 714/1893/1641 713/1895/892
f 1282/1894/1642 713/1895/892 1283/1896/1393
f 1283/1896/1393 713/1895/892 1284/1897/1391
f 1284/1897/1391 713/1895/892 712/1898/886
f 1284/1897/1391 712/1898/886 711/1899/1643
f 1284/1897/1391 711/1899/1643 1285/1900/1644
f 1285/1900/1644 711/1899/1643 710/1901/1645
f 1285/1900/1644 710/1901/1645 1286/1902/1646
f 1286/1902/1646 710/1901/1645 709/1903/1647
f 1286/1902/1646 709/1903/1647 1287/1904/1648
f 1287/1904/1648 709/1903/1647 1288/1905/1384
f 1288/1905/1384 709/1903/1647 708/1906/815
f 1288/1905/1384 708/1906/815 707/1907/1649
f 1288/1905/1384 707/1907/1649 1289/1908/1650
f 1289/1908/1650 707/1907/1649 706/1909/1651
f 1289/1908/1650 706/1909/1651 1290/1910/1652
f 1290/1910/1652 706/1909/1651 1291/1911/1653
f 1291/1911/1653 706/1909/1651 705/1912/1654
f 1291/1911/1653 705/1912/1654 704/1913/1655
f 1291/1911/1653 704/1913/1655 1292/1914/1656
f 1292/1914/1656 704/1913/1655 703/1915/1657
f 1292/1914/1656 703/1915/1657 1293/1916/1658
f 1293/1916/1658 703/1915/1657 702/1917/1659
f 1293/1916/1658 702/1917/1659 1294/1918/1660
f 1294/1918/1660 702/1917/1659 1295/1919/1661
f 1295/1919/1661 702/1917/1659 701/1920/1662
f 1295/1919/1661 701/1920/1662 700/1921/830
f 1295/1919/1661 700/1921/830 1296/1922/1536
f 1296/1922/1536 700/1921/830 699/1923/1663
f 1296/1922/1536 699/1923/1663 1297/1924/1664
f 1297/1924/1664 699/1923/1663 1298/1925/1665
f 1298/1925/1665 699/1923/1663 698/1926/1666
f 1298/1925/1665 698/1926/1666 697/1927/1667
f 1298/1925/1665 697/1927/1667 1299/1928/1668
f 1299/1928/1668 697/1927/1667 696/1929/1669
f 1299/1928/1668 696/1929/1669 1300/1930/1670
f 1300/1930/1670 696/1929/1669 695/1931/1671
f 1300/1930/1670 695/1931/1671 1301/1932/1672
f 1301/1932/1672 695/1931/1671 1302/1933/1673
f 1302/1933/1673 695/1931/1671 694/1934/1674
f 1302/1933/1673 694/1934/1674 693/1935/1675
f 1302/1933/1673 693/1935/1675 1303/1936/1676
f 1303/1936/1676 693/1935/1675 692/1937/844
f 1303/1936/1676 692/1937/844 1304/1938/1565
f 1304/1938/1565 692/1937/844 1305/1939/1677
f 1305/1939/1677 692/1937/844 691/1940/1678
f 1305/1939/1677 691/1940/1678 690/1941/1679
f 1305/1939/1677 690/1941/1679 1306/1942/1680
f 1306/1942/1680 690/1941/1679 689/1943/1681
f 1306/1942/1680 689/1943/1681 1307/1944/1682
f 1307/1944/1682 689/1943/1681 688/1945/885
f 1307/1944/1682 688/1945/885 1308/1946/1335
f 1308/1946/1335 688/1945/885 1309/1947/1333
f 1309/1947/1333 688/1945/885 687/1948/883
f 1309/1947/1333 687/1948/883 686/1949/1683
f 1309/1947/1333 686/1949/1683 1310/1950/1684
f 1310/1950/1684 686/1949/1683 685/1951/1685
f 1310/1950/1684 685/1951/1685 1311/1952/1686
f 1311/1952/1686 685/1951/1685 1256/1953/1327
f 1256/1953/1327 685/1951/1685 684/1954/879
f 581/1955/700 676/1956/734 1149/1957/1245
f 1149/1957/1245 676/1956/734 1248/1958/1317
f 466/1959/532 1156/1960/1286 18/1961/3
f 18/1961/3 1156/1960/1286 1255/1962/1326
f 18/1961/3 1255/1962/1326 1278/1963/1514
f 1278/1963/1514 1255/1962/1326 1280/1964/1522
f 1278/1963/1514 1280/1964/1522 1279/1965/1520
f 1278/1963/1514 1277/1966/1413 18/1961/3
f 18/1961/3 1277/1966/1413 1276/1967/1415
f 18/1961/3 1276/1967/1415 1275/1968/1512
f 1275/1968/1512 1274/1969/1507 18/1961/3
f 18/1961/3 1274/1969/1507 1273/1970/1497
f 18/1961/3 1273/1970/1497 1272/1971/1488
f 18/1961/3 1272/1971/1488 1/1972/1
f 1/1972/1 1272/1971/1488 1271/1973/1480
f 1/1972/1 1271/1973/1480 1270/1974/1472
f 1270/1974/1472 1269/1975/1464 1/1972/1
f 1/1972/1 1269/1975/1464 1268/1976/1356
f 1/1972/1 1268/1976/1356 1267/1977/1354
f 1267/1977/1354 1266/1978/1463 1/1972/1
f 1/1972/1 1266/1978/1463 1263/1979/1460
f 1/1972/1 1263/1979/1460 1050/1980/1177
f 1265/1981/1462 1264/1982/1461 1266/1978/1463
f 1266/1978/1463 1264/1982/1461 1263/1979/1460
f 1050/1980/1177 365/1983/438 1/1972/1
g Body2

v -0.500000 1.500000 3.500000
v -0.546037 1.546037 3.604625
v -0.583919 1.583919 3.726592
v -0.614817 1.614817 3.878933
v -0.638967 1.638967 4.064254
v -0.654981 1.654981 4.277107
v -0.663204 1.663204 4.508032
v -0.666667 1.666667 5.000000
v -0.663204 1.663204 5.491968
v -0.654981 1.654981 5.722893
v -0.638967 1.638967 5.935747
v -0.614817 1.614817 6.121067
v -0.583919 1.583919 6.273408
v -0.546037 1.546037 6.395376
v -0.500000 1.500000 6.500000
v -0.395375 1.546037 6.546037
v -0.273408 1.583919 6.583919
v -0.121067 1.614817 6.614817
v 0.064253 1.638967 6.638967
v 0.277107 1.654981 6.654981
v 0.508032 1.663204 6.663204
v 1.000000 1.666667 6.666667
v 1.491968 1.663204 6.663204
v 1.722893 1.654981 6.654981
v 1.935747 1.638967 6.638967
v 2.121067 1.614817 6.614817
v 2.273408 1.583919 6.583919
v 2.395375 1.546037 6.546037
v 2.500000 1.500000 6.500000
v 2.546037 1.546037 6.395376
v 2.583919 1.583919 6.273408
v 2.614817 1.614817 6.121067
v 2.638967 1.638967 5.935747
v 2.654981 1.654981 5.722893
v 2.663204 1.663204 5.491968
v 2.666667 1.666667 5.000000
v 2.663204 1.663204 4.508032
v 2.654981 1.654981 4.277107
v 2.638967 1.638967 4.064254
v 2.614817 1.614817 3.878933
v 2.583919 1.583919 3.726592
v 2.546037 1.546037 3.604625
v 2.500000 1.500000 3.500000
v 2.395375 1.546037 3.453963
v 2.273408 1.583919 3.416081
v 2.121067 1.614817 3.385183
v 1.935747 1.638967 3.361033
v 1.722893 1.654981 3.345019
v 1.491968 1.663204 3.336796
v 1.000000 1.666667 3.333333
v 0.508032 1.663204 3.336796
v 0.277107 1.654981 3.345019
v 0.064253 1.638967 3.361033
v -0.121067 1.614817 3.385183
v -0.273408 1.583919 3.416081
v -0.395375 1.546037 3.453963
v -0.451569 1.565777 6.476901
v -0.470693 1.595519 6.419166
v -0.488427 1.621742 6.356629
v -0.504425 1.645294 6.287460
v -0.523207 1.672596 6.183236
v -0.539386 1.694812 6.066054
v -0.552762 1.712399 5.936770
v -0.569524 1.734108 5.647932
v -0.575700 1.742106 5.330992
v -0.576582 1.743248 5.000000
v -0.575700 1.742106 4.669009
v -0.569524 1.734108 4.352068
v -0.552762 1.712399 4.063231
v -0.539386 1.694812 3.933946
v -0.523207 1.672596 3.816764
v -0.504425 1.645294 3.712540
v -0.482692 1.613340 3.621879
v -0.458076 1.576134 3.541924
v -0.373133 1.600727 6.502655
v -0.387740 1.637002 6.441050
v -0.401330 1.668909 6.373819
v -0.413989 1.697035 6.300095
v -0.429499 1.728840 6.191098
v -0.443086 1.754176 6.070619
v -0.454239 1.773640 5.939389
v -0.467980 1.797185 5.648708
v -0.473042 1.805860 5.331089
v -0.473765 1.807099 5.000000
v -0.473042 1.805860 4.668912
v -0.467980 1.797185 4.351292
v -0.454239 1.773640 4.060611
v -0.443086 1.754176 3.929382
v -0.429499 1.728840 3.808902
v -0.413989 1.697035 3.699905
v -0.396908 1.658722 3.603093
v -0.378121 1.613340 3.517308
v -0.181308 1.656847 6.544820
v -0.187124 1.702033 6.477800
v -0.193134 1.741302 6.404269
v -0.199515 1.775130 6.324290
v -0.208181 1.812431 6.208181
v -0.216138 1.841609 6.082081
v -0.222828 1.863646 5.946601
v -0.231090 1.890097 5.650845
v -0.234133 1.899842 5.331356
v -0.234568 1.901235 5.000000
v -0.234133 1.899842 4.668644
v -0.231090 1.890097 4.349155
v -0.222828 1.863646 4.053399
v -0.216138 1.841609 3.917919
v -0.208181 1.812431 3.791819
v -0.199515 1.775130 3.675710
v -0.191098 1.728840 3.570501
v -0.183236 1.672596 3.476793
v -0.287460 1.645294 3.495575
v -0.300095 1.697035 3.586011
v -0.312315 1.740080 3.687685
v -0.324290 1.775130 3.800485
v -0.335062 1.802755 3.923777
v -0.343947 1.823693 4.057071
v -0.354804 1.848802 4.350243
v -0.358804 1.858053 4.668780
v -0.359375 1.859375 5.000000
v -0.358804 1.858053 5.331220
v -0.354804 1.848802 5.649757
v -0.343947 1.823693 5.942929
v -0.335062 1.802755 6.076223
v -0.324290 1.775130 6.199515
v -0.312315 1.740080 6.312315
v -0.303150 1.708575 6.389636
v -0.293892 1.672310 6.460594
v -0.284119 1.630890 6.525313
v -0.065126 1.678163 6.561588
v -0.068180 1.725907 6.492723
v -0.071939 1.767291 6.417166
v -0.076223 1.802755 6.335062
v -0.082081 1.841609 6.216138
v -0.087489 1.871882 6.087489
v -0.092145 1.894743 5.949978
v -0.098026 1.922252 5.651845
v -0.100192 1.932387 5.331481
v -0.100502 1.933835 5.000000
v -0.100192 1.932387 4.668519
v -0.098026 1.922252 4.348155
v -0.092145 1.894743 4.050022
v -0.087489 1.871882 3.912511
v -0.082081 1.841609 3.783862
v -0.076223 1.802755 3.664938
v -0.070619 1.754176 3.556914
v -0.066054 1.694812 3.460614
v 0.203508 1.707912 6.585960
v 0.202592 1.758052 6.514143
v 0.201265 1.801506 6.435525
v 0.199694 1.838726 6.350447
v 0.197569 1.879482 6.227774
v 0.195615 1.911212 6.095666
v 0.193905 1.935114 5.955208
v 0.191705 1.963806 5.653395
v 0.190895 1.974377 5.331674
v 0.190779 1.975887 5.000000
v 0.190895 1.974377 4.668326
v 0.191705 1.963806 4.346605
v 0.193905 1.935114 4.044792
v 0.195615 1.911212 3.904334
v 0.197569 1.879482 3.772226
v 0.199694 1.838726 3.649553
v 0.201743 1.787736 3.537535
v 0.203258 1.725396 3.437203
v 0.063230 1.712399 3.447238
v 0.060611 1.773640 3.545761
v 0.057071 1.823693 3.656053
v 0.053399 1.863646 3.777172
v 0.050022 1.894743 3.907855
v 0.047068 1.918210 4.047068
v 0.043267 1.946445 4.347279
v 0.041867 1.956847 4.668410
v 0.041667 1.958333 5.000000
v 0.041867 1.956847 5.331590
v 0.043267 1.946445 5.652721
v 0.047068 1.918210 5.952932
v 0.050022 1.894743 6.092145
v 0.053399 1.863646 6.222828
v 0.057071 1.823693 6.343947
v 0.059786 1.787163 6.427748
v 0.062078 1.744481 6.505006
v 0.063662 1.695223 6.575490
v 0.352196 1.716418 6.592978
v 0.351727 1.767148 6.520267
v 0.351048 1.811120 6.440738
v 0.350243 1.848802 6.354804
v 0.349155 1.890097 6.231090
v 0.348155 1.922252 6.098026
v 0.347279 1.946445 5.956733
v 0.346153 1.975444 5.653847
v 0.345738 1.986128 5.331731
v 0.345679 1.987654 5.000000
v 0.345738 1.986128 4.668269
v 0.346153 1.975444 4.346153
v 0.347279 1.946445 4.043267
v 0.348155 1.922252 3.901975
v 0.349155 1.890097 3.768911
v 0.350243 1.848802 3.645196
v 0.351292 1.797185 3.532020
v 0.352068 1.734108 3.430476
v 0.669025 1.724226 6.599421
v 0.668966 1.775500 6.525890
v 0.668881 1.819947 6.445524
v 0.668780 1.858053 6.358804
v 0.668644 1.899842 6.234133
v 0.668519 1.932387 6.100192
v 0.668410 1.956847 5.958133
v 0.668269 1.986128 5.654262
v 0.668217 1.996916 5.331783
v 0.668210 1.998457 5.000000
v 0.668217 1.996916 4.668217
v 0.668269 1.986128 4.345738
v 0.668410 1.956847 4.041867
v 0.668519 1.932387 3.899808
v 0.668644 1.899842 3.765867
v 0.668780 1.858053 3.641196
v 0.668912 1.805860 3.526958
v 0.669009 1.742106 3.424300
v 0.507904 1.739392 3.426396
v 0.507576 1.802916 3.528675
v 0.507134 1.854915 3.642554
v 0.506675 1.896536 3.766900
v 0.506253 1.928948 3.900543
v 0.505883 1.953318 4.042342
v 0.505408 1.982503 4.345879
v 0.505233 1.993256 4.668235
v 0.505208 1.994792 5.000000
v 0.505233 1.993256 5.331765
v 0.505408 1.982503 5.654121
v 0.505883 1.953318 5.957658
v 0.506253 1.928948 6.099457
v 0.506675 1.896536 6.233101
v 0.507134 1.854915 6.357447
v 0.507473 1.816952 6.443900
v 0.507760 1.772666 6.523982
v 0.507958 1.721577 6.597235
v 1.330975 1.724226 6.599421
v 1.331034 1.775500 6.525890
v 1.331119 1.819947 6.445524
v 1.331220 1.858053 6.358804
v 1.331356 1.899842 6.234133
v 1.331481 1.932387 6.100192
v 1.331590 1.956847 5.958133
v 1.331731 1.986128 5.654262
v 1.331783 1.996916 5.331783
v 1.331790 1.998457 5.000000
v 1.331783 1.996916 4.668217
v 1.331731 1.986128 4.345738
v 1.331590 1.956847 4.041867
v 1.331481 1.932387 3.899808
v 1.331356 1.899842 3.765867
v 1.331220 1.858053 3.641196
v 1.331088 1.805860 3.526958
v 1.330991 1.742106 3.424300
v 1.000000 1.743248 3.423418
v 1.000000 1.807099 3.526235
v 1.000000 1.859375 3.640625
v 1.000000 1.901235 3.765432
v 1.000000 1.933835 3.899499
v 1.000000 1.958333 4.041667
v 1.000000 1.987654 4.345679
v 1.000000 1.998457 4.668210
v 1.000000 2.000000 5.000000
v 1.000000 1.998457 5.331790
v 1.000000 1.987654 5.654321
v 1.000000 1.958333 5.958333
v 1.000000 1.933835 6.100502
v 1.000000 1.901235 6.234568
v 1.000000 1.859375 6.359375
v 1.000000 1.821208 6.446208
v 1.000000 1.776693 6.526693
v 1.000000 1.725342 6.600342
v 1.647804 1.716418 6.592978
v 1.648273 1.767148 6.520267
v 1.648952 1.811120 6.440738
v 1.649757 1.848802 6.354804
v 1.650845 1.890097 6.231090
v 1.651845 1.922252 6.098026
v 1.652721 1.946445 5.956733
v 1.653847 1.975444 5.653847
v 1.654262 1.986128 5.331731
v 1.654321 1.987654 5.000000
v 1.654262 1.986128 4.668269
v 1.653847 1.975444 4.346153
v 1.652721 1.946445 4.043267
v 1.651845 1.922252 3.901975
v 1.650845 1.890097 3.768911
v 1.649757 1.848802 3.645196
v 1.648708 1.797185 3.532020
v 1.647932 1.734108 3.430476
v 1.492096 1.739392 3.426396
v 1.492424 1.802916 3.528675
v 1.492866 1.854915 3.642554
v 1.493325 1.896536 3.766900
v 1.493747 1.928948 3.900543
v 1.494117 1.953318 4.042342
v 1.494592 1.982503 4.345879
v 1.494767 1.993256 4.668235
v 1.494792 1.994792 5.000000
v 1.494767 1.993256 5.331765
v 1.494592 1.982503 5.654121
v 1.494117 1.953318 5.957658
v 1.493747 1.928948 6.099457
v 1.493325 1.896536 6.233101
v 1.492866 1.854915 6.357447
v 1.492527 1.816952 6.443900
v 1.492240 1.772666 6.523982
v 1.492042 1.721577 6.597235
v 1.796492 1.707912 6.585960
v 1.797408 1.758052 6.514143
v 1.798735 1.801506 6.435525
v 1.800306 1.838726 6.350447
v 1.802431 1.879482 6.227774
v 1.804385 1.911212 6.095666
v 1.806095 1.935114 5.955208
v 1.808295 1.963806 5.653395
v 1.809105 1.974377 5.331674
v 1.809221 1.975887 5.000000
v 1.809105 1.974377 4.668326
v 1.808295 1.963806 4.346605
v 1.806095 1.935114 4.044792
v 1.804385 1.911212 3.904334
v 1.802431 1.879482 3.772226
v 1.800306 1.838726 3.649553
v 1.798257 1.787736 3.537535
v 1.796742 1.725396 3.437203
v 2.065126 1.678163 6.561588
v 2.068180 1.725907 6.492723
v 2.071939 1.767291 6.417166
v 2.076223 1.802755 6.335062
v 2.082081 1.841609 6.216138
v 2.087489 1.871882 6.087489
v 2.092145 1.894743 5.949978
v 2.098026 1.922252 5.651845
v 2.100192 1.932387 5.331481
v 2.100502 1.933835 5.000000
v 2.100192 1.932387 4.668519
v 2.098026 1.922252 4.348155
v 2.092145 1.894743 4.050022
v 2.087489 1.871882 3.912511
v 2.082081 1.841609 3.783862
v 2.076223 1.802755 3.664938
v 2.070619 1.754176 3.556914
v 2.066054 1.694812 3.460614
v 1.936770 1.712399 3.447238
v 1.939389 1.773640 3.545761
v 1.942929 1.823693 3.656053
v 1.946601 1.863646 3.777172
v 1.949978 1.894743 3.907855
v 1.952932 1.918210 4.047068
v 1.956733 1.946445 4.347279
v 1.958133 1.956847 4.668410
v 1.958333 1.958333 5.000000
v 1.958133 1.956847 5.331590
v 1.956733 1.946445 5.652721
v 1.952932 1.918210 5.952932
v 1.949978 1.894743 6.092145
v 1.946601 1.863646 6.222828
v 1.942929 1.823693 6.343947
v 1.940214 1.787163 6.427748
v 1.937922 1.744481 6.505006
v 1.936338 1.695223 6.575490
v 2.181308 1.656847 6.544820
v 2.187124 1.702033 6.477800
v 2.193134 1.741302 6.404269
v 2.199515 1.775130 6.324290
v 2.208181 1.812431 6.208181
v 2.216138 1.841609 6.082081
v 2.222828 1.863646 5.946601
v 2.231090 1.890097 5.650845
v 2.234133 1.899842 5.331356
v 2.234568 1.901235 5.000000
v 2.234133 1.899842 4.668644
v 2.231090 1.890097 4.349155
v 2.222828 1.863646 4.053399
v 2.216138 1.841609 3.917919
v 2.208181 1.812431 3.791819
v 2.199515 1.775130 3.675710
v 2.191098 1.728840 3.570501
v 2.183236 1.672596 3.476793
v 2.413380 1.583970 6.490113
v 2.430373 1.617146 6.430373
v 2.446172 1.646336 6.365428
v 2.460593 1.672310 6.293892
v 2.477800 1.702033 6.187124
v 2.492723 1.725907 6.068180
v 2.505006 1.744481 5.937922
v 2.520267 1.767148 5.648273
v 2.525889 1.775500 5.331034
v 2.526693 1.776693 5.000000
v 2.525889 1.775500 4.668966
v 2.520267 1.767148 4.351727
v 2.505006 1.744481 4.062078
v 2.492723 1.725907 3.931820
v 2.477800 1.702033 3.812876
v 2.460593 1.672310 3.706108
v 2.441050 1.637002 3.612260
v 2.419165 1.595519 3.529308
v 2.287460 1.645294 3.495575
v 2.300095 1.697035 3.586011
v 2.312315 1.740080 3.687685
v 2.324290 1.775130 3.800485
v 2.335062 1.802755 3.923777
v 2.343947 1.823693 4.057071
v 2.354804 1.848802 4.350243
v 2.358804 1.858053 4.668780
v 2.359375 1.859375 5.000000
v 2.358804 1.858053 5.331220
v 2.354804 1.848802 5.649757
v 2.343947 1.823693 5.942929
v 2.335062 1.802755 6.076223
v 2.324290 1.775130 6.199515
v 2.312315 1.740080 6.312315
v 2.303150 1.708575 6.389636
v 2.293892 1.672310 6.460594
v 2.284119 1.630890 6.525313
v -0.500000 -1.500000 6.500000
v -0.395375 -1.546037 6.546037
v -0.273408 -1.583919 6.583919
v -0.121067 -1.614817 6.614817
v 0.064253 -1.638967 6.638967
v 0.277107 -1.654981 6.654981
v 0.508032 -1.663204 6.663204
v 1.000000 -1.666667 6.666667
v 1.491968 -1.663204 6.663204
v 1.722893 -1.654981 6.654981
v 1.935747 -1.638967 6.638967
v 2.121067 -1.614817 6.614817
v 2.273408 -1.583919 6.583919
v 2.395375 -1.546037 6.546037
v 2.500000 -1.500000 6.500000
v 2.546037 -1.395375 6.546037
v 2.583919 -1.273408 6.583919
v 2.614817 -1.121067 6.614817
v 2.638967 -0.935747 6.638967
v 2.654981 -0.722893 6.654981
v 2.663204 -0.491968 6.663204
v 2.666667 0.000000 6.666667
v 2.663204 0.491968 6.663204
v 2.654981 0.722893 6.654981
v 2.638967 0.935747 6.638967
v 2.614817 1.121067 6.614817
v 2.583919 1.273408 6.583919
v 2.546037 1.395375 6.546037
v -0.546037 1.395375 6.546037
v -0.583919 1.273408 6.583919
v -0.614817 1.121067 6.614817
v -0.638967 0.935747 6.638967
v -0.654981 0.722893 6.654981
v -0.663204 0.491968 6.663204
v -0.666667 0.000000 6.666667
v -0.663204 -0.491968 6.663204
v -0.654981 -0.722893 6.654981
v -0.638967 -0.935747 6.638967
v -0.614817 -1.121067 6.614817
v -0.583919 -1.273408 6.583919
v -0.546037 -1.395375 6.546037
v 2.476901 -1.451569 6.565777
v 2.419165 -1.470693 6.595519
v 2.356629 -1.488427 6.621742
v 2.287460 -1.504425 6.645294
v 2.183236 -1.523207 6.672596
v 2.066054 -1.539386 6.694812
v 1.936770 -1.552762 6.712399
v 1.647932 -1.569524 6.734108
v 1.330991 -1.575700 6.742106
v 1.000000 -1.576582 6.743249
v 0.669009 -1.575700 6.742106
v 0.352068 -1.569524 6.734108
v 0.063230 -1.552762 6.712399
v -0.066054 -1.539386 6.694812
v -0.183236 -1.523207 6.672596
v -0.287460 -1.504425 6.645294
v -0.378121 -1.482692 6.613340
v -0.458076 -1.458076 6.576135
v 2.502655 -1.373133 6.600727
v 2.441050 -1.387740 6.637002
v 2.373818 -1.401330 6.668909
v 2.300095 -1.413989 6.697035
v 2.191098 -1.429499 6.728840
v 2.070619 -1.443086 6.754176
v 1.939389 -1.454239 6.773640
v 1.648708 -1.467980 6.797185
v 1.331088 -1.473042 6.805860
v 1.000000 -1.473765 6.807099
v 0.668912 -1.473042 6.805860
v 0.351292 -1.467980 6.797185
v 0.060611 -1.454239 6.773640
v -0.070619 -1.443086 6.754176
v -0.191098 -1.429499 6.728840
v -0.300095 -1.413989 6.697035
v -0.396908 -1.396908 6.658722
v -0.482692 -1.378121 6.613340
v 2.544820 -1.181308 6.656847
v 2.477800 -1.187124 6.702033
v 2.404269 -1.193134 6.741302
v 2.324290 -1.199515 6.775131
v 2.208181 -1.208181 6.812431
v 2.082081 -1.216138 6.841609
v 1.946601 -1.222828 6.863647
v 1.650845 -1.231090 6.890097
v 1.331356 -1.234133 6.899842
v 1.000000 -1.234568 6.901235
v 0.668644 -1.234133 6.899842
v 0.349155 -1.231090 6.890097
v 0.053399 -1.222828 6.863647
v -0.082081 -1.216138 6.841609
v -0.208181 -1.208181 6.812431
v -0.324290 -1.199515 6.775131
v -0.429499 -1.191098 6.728840
v -0.523207 -1.183236 6.672596
v -0.504425 -1.287460 6.645294
v -0.413989 -1.300095 6.697035
v -0.312315 -1.312315 6.740080
v -0.199515 -1.324290 6.775131
v -0.076223 -1.335062 6.802755
v 0.057071 -1.343947 6.823693
v 0.350243 -1.354804 6.848803
v 0.668780 -1.358804 6.858054
v 1.000000 -1.359375 6.859375
v 1.331220 -1.358804 6.858054
v 1.649757 -1.354804 6.848803
v 1.942929 -1.343947 6.823693
v 2.076223 -1.335062 6.802755
v 2.199515 -1.324290 6.775131
v 2.312315 -1.312315 6.740080
v 2.389636 -1.303150 6.708575
v 2.460593 -1.293892 6.672310
v 2.525313 -1.284119 6.630890
v 2.561588 -1.065126 6.678163
v 2.492723 -1.068180 6.725907
v 2.417166 -1.071939 6.767291
v 2.335062 -1.076223 6.802755
v 2.216138 -1.082081 6.841609
v 2.087489 -1.087489 6.871882
v 1.949978 -1.092145 6.894743
v 1.651845 -1.098026 6.922252
v 1.331481 -1.100192 6.932387
v 1.000000 -1.100502 6.933835
v 0.668519 -1.100192 6.932387
v 0.348155 -1.098026 6.922252
v 0.050022 -1.092145 6.894743
v -0.087489 -1.087489 6.871882
v -0.216138 -1.082081 6.841609
v -0.335062 -1.076223 6.802755
v -0.443086 -1.070619 6.754176
v -0.539386 -1.066054 6.694812
v 2.585960 -0.796492 6.707912
v 2.514143 -0.797408 6.758052
v 2.435525 -0.798735 6.801506
v 2.350447 -0.800306 6.838726
v 2.227774 -0.802431 6.879482
v 2.095666 -0.804385 6.911212
v 1.955208 -0.806095 6.935114
v 1.653395 -0.808295 6.963806
v 1.331674 -0.809105 6.974377
v 1.000000 -0.809221 6.975887
v 0.668326 -0.809105 6.974377
v 0.346605 -0.808295 6.963806
v 0.044792 -0.806095 6.935114
v -0.095666 -0.804385 6.911212
v -0.227774 -0.802431 6.879482
v -0.350447 -0.800306 6.838726
v -0.462465 -0.798257 6.787736
v -0.562797 -0.796742 6.725396
v -0.552762 -0.936770 6.712399
v -0.454239 -0.939389 6.773640
v -0.343947 -0.942929 6.823693
v -0.222828 -0.946601 6.863647
v -0.092145 -0.949978 6.894743
v 0.047068 -0.952932 6.918210
v 0.347279 -0.956733 6.946445
v 0.668410 -0.958133 6.956847
v 1.000000 -0.958333 6.958333
v 1.331590 -0.958133 6.956847
v 1.652721 -0.956733 6.946445
v 1.952932 -0.952932 6.918210
v 2.092145 -0.949978 6.894743
v 2.222828 -0.946601 6.863647
v 2.343947 -0.942929 6.823693
v 2.427748 -0.940214 6.787163
v 2.505006 -0.937922 6.744481
v 2.575490 -0.936338 6.695223
v 2.592978 -0.647804 6.716418
v 2.520267 -0.648273 6.767149
v 2.440738 -0.648952 6.811121
v 2.354804 -0.649757 6.848803
v 2.231090 -0.650845 6.890097
v 2.098026 -0.651845 6.922252
v 1.956733 -0.652721 6.946445
v 1.653847 -0.653847 6.975444
v 1.331731 -0.654262 6.986128
v 1.000000 -0.654321 6.987654
v 0.668269 -0.654262 6.986128
v 0.346153 -0.653847 6.975444
v 0.043267 -0.652721 6.946445
v -0.098026 -0.651845 6.922252
v -0.231090 -0.650845 6.890097
v -0.354804 -0.649757 6.848803
v -0.467980 -0.648708 6.797185
v -0.569524 -0.647932 6.734108
v 2.599421 -0.330975 6.724226
v 2.525889 -0.331034 6.775500
v 2.445524 -0.331119 6.819947
v 2.358804 -0.331220 6.858054
v 2.234133 -0.331356 6.899842
v 2.100192 -0.331481 6.932387
v 1.958133 -0.331590 6.956847
v 1.654262 -0.331731 6.986128
v 1.331783 -0.331783 6.996916
v 1.000000 -0.331790 6.998457
v 0.668217 -0.331783 6.996916
v 0.345738 -0.331731 6.986128
v 0.041867 -0.331590 6.956847
v -0.100192 -0.331481 6.932387
v -0.234133 -0.331356 6.899842
v -0.358804 -0.331220 6.858054
v -0.473042 -0.331088 6.805860
v -0.575700 -0.330991 6.742106
v -0.573604 -0.492096 6.739392
v -0.471325 -0.492424 6.802917
v -0.357447 -0.492866 6.854915
v -0.233100 -0.493325 6.896536
v -0.099457 -0.493747 6.928948
v 0.042342 -0.494117 6.953318
v 0.345879 -0.494592 6.982503
v 0.668235 -0.494767 6.993256
v 1.000000 -0.494792 6.994792
v 1.331765 -0.494767 6.993256
v 1.654121 -0.494592 6.982503
v 1.957658 -0.494117 6.953318
v 2.099457 -0.493747 6.928948
v 2.233100 -0.493325 6.896536
v 2.357447 -0.492866 6.854915
v 2.443900 -0.492527 6.816952
v 2.523982 -0.492240 6.772666
v 2.597235 -0.492042 6.721577
v 2.599421 0.330975 6.724226
v 2.525889 0.331034 6.775500
v 2.445524 0.331119 6.819947
v 2.358804 0.331220 6.858054
v 2.234133 0.331356 6.899842
v 2.100192 0.331481 6.932387
v 1.958133 0.331590 6.956847
v 1.654262 0.331731 6.986128
v 1.331783 0.331783 6.996916
v 1.000000 0.331790 6.998457
v 0.668217 0.331783 6.996916
v 0.345738 0.331731 6.986128
v 0.041867 0.331590 6.956847
v -0.100192 0.331481 6.932387
v -0.234133 0.331356 6.899842
v -0.358804 0.331220 6.858054
v -0.473042 0.331088 6.805860
v -0.575700 0.330991 6.742106
v -0.576582 0.000000 6.743249
v -0.473765 0.000000 6.807099
v -0.359375 0.000000 6.859375
v -0.234568 -0.000000 6.901235
v -0.100502 0.000000 6.933835
v 0.041667 0.000000 6.958333
v 0.345679 0.000000 6.987654
v 0.668210 0.000000 6.998457
v 1.000000 -0.000000 7.000000
v 1.331790 -0.000000 6.998457
v 1.654321 -0.000000 6.987654
v 1.958333 -0.000000 6.958333
v 2.100502 0.000000 6.933835
v 2.234568 0.000000 6.901235
v 2.359375 0.000000 6.859375
v 2.446208 0.000000 6.821208
v 2.526693 0.000000 6.776693
v 2.600342 0.000000 6.725342
v 2.592978 0.647804 6.716418
v 2.520267 0.648273 6.767149
v 2.440738 0.648952 6.811121
v 2.354804 0.649757 6.848803
v 2.231090 0.650845 6.890097
v 2.098026 0.651845 6.922252
v 1.956733 0.652721 6.946445
v 1.653847 0.653847 6.975444
v 1.331731 0.654262 6.986128
v 1.000000 0.654321 6.987654
v 0.668269 0.654262 6.986128
v 0.346153 0.653847 6.975444
v 0.043267 0.652721 6.946445
v -0.098026 0.651845 6.922252
v -0.231090 0.650845 6.890097
v -0.354804 0.649757 6.848803
v -0.467980 0.648708 6.797185
v -0.569524 0.647932 6.734108
v -0.573604 0.492096 6.739392
v -0.471325 0.492424 6.802917
v -0.357447 0.492866 6.854915
v -0.233100 0.493325 6.896536
v -0.099457 0.493747 6.928948
v 0.042342 0.494117 6.953318
v 0.345879 0.494592 6.982503
v 0.668235 0.494767 6.993256
v 1.000000 0.494792 6.994792
v 1.331765 0.494767 6.993256
v 1.654121 0.494592 6.982503
v 1.957658 0.494117 6.953318
v 2.099457 0.493747 6.928948
v 2.233100 0.493325 6.896536
v 2.357447 0.492866 6.854915
v 2.443900 0.492527 6.816952
v 2.523982 0.492240 6.772666
v 2.597235 0.492042 6.721577
v 2.585960 0.796492 6.707912
v 2.514143 0.797408 6.758052
v 2.435525 0.798735 6.801506
v 2.350447 0.800306 6.838726
v 2.227774 0.802431 6.879482
v 2.095666 0.804385 6.911212
v 1.955208 0.806095 6.935114
v 1.653395 0.808295 6.963806
v 1.331674 0.809105 6.974377
v 1.000000 0.809221 6.975887
v 0.668326 0.809105 6.974377
v 0.346605 0.808295 6.963806
v 0.044792 0.806095 6.935114
v -0.095666 0.804385 6.911212
v -0.227774 0.802431 6.879482
v -0.350447 0.800306 6.838726
v -0.462465 0.798257 6.787736
v -0.562797 0.796742 6.725396
v 2.561588 1.065126 6.678163
v 2.492723 1.068180 6.725907
v 2.417166 1.071939 6.767291
v 2.335062 1.076223 6.802755
v 2.216138 1.082081 6.841609
v 2.087489 1.087489 6.871882
v 1.949978 1.092145 6.894743
v 1.651845 1.098026 6.922252
v 1.331481 1.100192 6.932387
v 1.000000 1.100502 6.933835
v 0.668519 1.100192 6.932387
v 0.348155 1.098026 6.922252
v 0.050022 1.092145 6.894743
v -0.087489 1.087489 6.871882
v -0.216138 1.082081 6.841609
v -0.335062 1.076223 6.802755
v -0.443086 1.070619 6.754176
v -0.539386 1.066054 6.694812
v -0.552762 0.936770 6.712399
v -0.454239 0.939389 6.773640
v -0.343947 0.942929 6.823693
v -0.222828 0.946601 6.863647
v -0.092145 0.949978 6.894743
v 0.047068 0.952932 6.918210
v 0.347279 0.956733 6.946445
v 0.668410 0.958133 6.956847
v 1.000000 0.958333 6.958333
v 1.331590 0.958133 6.956847
v 1.652721 0.956733 6.946445
v 1.952932 0.952932 6.918210
v 2.092145 0.949978 6.894743
v 2.222828 0.946601 6.863647
v 2.343947 0.942929 6.823693
v 2.427748 0.940214 6.787163
v 2.505006 0.937922 6.744481
v 2.575490 0.936338 6.695223
v 2.544820 1.181308 6.656847
v 2.477800 1.187124 6.702033
v 2.404269 1.193134 6.741302
v 2.324290 1.199515 6.775131
v 2.208181 1.208181 6.812431
v 2.082081 1.216138 6.841609
v 1.946601 1.222828 6.863647
v 1.650845 1.231090 6.890097
v 1.331356 1.234133 6.899842
v 1.000000 1.234568 6.901235
v 0.668644 1.234133 6.899842
v 0.349155 1.231090 6.890097
v 0.053399 1.222828 6.863647
v -0.082081 1.216138 6.841609
v -0.208181 1.208181 6.812431
v -0.324290 1.199515 6.775131
v -0.429499 1.191098 6.728840
v -0.523207 1.183236 6.672596
v 2.490113 1.413380 6.583970
v 2.430373 1.430373 6.617147
v 2.365428 1.446172 6.646336
v 2.293892 1.460593 6.672310
v 2.187124 1.477800 6.702033
v 2.068180 1.492723 6.725907
v 1.937922 1.505006 6.744481
v 1.648273 1.520267 6.767149
v 1.331034 1.525889 6.775500
v 1.000000 1.526693 6.776693
v 0.668966 1.525889 6.775500
v 0.351727 1.520267 6.767149
v 0.062078 1.505006 6.744481
v -0.068180 1.492723 6.725907
v -0.187124 1.477800 6.702033
v -0.293892 1.460593 6.672310
v -0.387740 1.441050 6.637002
v -0.470693 1.419165 6.595519
v -0.504425 1.287460 6.645294
v -0.413989 1.300095 6.697035
v -0.312315 1.312315 6.740080
v -0.199515 1.324290 6.775131
v -0.076223 1.335062 6.802755
v 0.057071 1.343947 6.823693
v 0.350243 1.354804 6.848803
v 0.668780 1.358804 6.858054
v 1.000000 1.359375 6.859375
v 1.331220 1.358804 6.858054
v 1.649757 1.354804 6.848803
v 1.942929 1.343947 6.823693
v 2.076223 1.335062 6.802755
v 2.199515 1.324290 6.775131
v 2.312315 1.312315 6.740080
v 2.389636 1.303150 6.708575
v 2.460593 1.293892 6.672310
v 2.525313 1.284119 6.630890
v 2.500000 -1.500000 3.500000
v 2.546037 -1.395375 3.453963
v 2.583919 -1.273408 3.416081
v 2.614817 -1.121067 3.385183
v 2.638967 -0.935747 3.361033
v 2.654981 -0.722893 3.345019
v 2.663204 -0.491968 3.336796
v 2.666667 0.000000 3.333333
v 2.663204 0.491968 3.336796
v 2.654981 0.722893 3.345019
v 2.638967 0.935747 3.361033
v 2.614817 1.121067 3.385183
v 2.583919 1.273408 3.416081
v 2.546037 1.395375 3.453963
v 2.546037 -1.546037 6.395376
v 2.583919 -1.583919 6.273408
v 2.614817 -1.614817 6.121067
v 2.638967 -1.638967 5.935747
v 2.654981 -1.654981 5.722893
v 2.663204 -1.663204 5.491968
v 2.666667 -1.666667 5.000000
v 2.663204 -1.663204 4.508032
v 2.654981 -1.654981 4.277107
v 2.638967 -1.638967 4.064254
v 2.614817 -1.614817 3.878933
v 2.583919 -1.583919 3.726592
v 2.546037 -1.546037 3.604625
v 2.565777 1.476901 3.548431
v 2.595519 1.419165 3.529308
v 2.621742 1.356629 3.511573
v 2.645294 1.287460 3.495575
v 2.672596 1.183236 3.476793
v 2.694812 1.066054 3.460614
v 2.712399 0.936770 3.447238
v 2.734108 0.647932 3.430476
v 2.742106 0.330991 3.424300
v 2.743248 0.000000 3.423418
v 2.742106 -0.330991 3.424300
v 2.734108 -0.647932 3.430476
v 2.712399 -0.936770 3.447238
v 2.694812 -1.066054 3.460614
v 2.672596 -1.183236 3.476793
v 2.645294 -1.287460 3.495575
v 2.613340 -1.378121 3.517308
v 2.576134 -1.458076 3.541924
v 2.600727 1.502655 3.626867
v 2.637002 1.441050 3.612260
v 2.668909 1.373818 3.598670
v 2.697035 1.300095 3.586011
v 2.728840 1.191098 3.570501
v 2.754176 1.070619 3.556914
v 2.773640 0.939389 3.545761
v 2.797185 0.648708 3.532020
v 2.805860 0.331088 3.526958
v 2.807099 0.000000 3.526235
v 2.805860 -0.331088 3.526958
v 2.797185 -0.648708 3.532020
v 2.773640 -0.939389 3.545761
v 2.754176 -1.070619 3.556914
v 2.728840 -1.191098 3.570501
v 2.697035 -1.300095 3.586011
v 2.658722 -1.396908 3.603093
v 2.613340 -1.482692 3.621879
v 2.656847 1.544820 3.818692
v 2.702033 1.477800 3.812876
v 2.741302 1.404269 3.806866
v 2.775130 1.324290 3.800485
v 2.812431 1.208181 3.791819
v 2.841609 1.082081 3.783862
v 2.863646 0.946601 3.777172
v 2.890097 0.650845 3.768911
v 2.899842 0.331356 3.765867
v 2.901235 -0.000000 3.765432
v 2.899842 -0.331356 3.765867
v 2.890097 -0.650845 3.768911
v 2.863646 -0.946601 3.777172
v 2.841609 -1.082081 3.783862
v 2.812431 -1.208181 3.791819
v 2.775130 -1.324290 3.800485
v 2.728840 -1.429499 3.808902
v 2.672596 -1.523207 3.816764
v 2.645294 -1.504425 3.712540
v 2.697035 -1.413989 3.699905
v 2.740080 -1.312315 3.687685
v 2.775130 -1.199515 3.675710
v 2.802755 -1.076223 3.664938
v 2.823693 -0.942929 3.656053
v 2.848802 -0.649757 3.645196
v 2.858053 -0.331220 3.641196
v 2.859375 -0.000000 3.640625
v 2.858053 0.331220 3.641196
v 2.848802 0.649757 3.645196
v 2.823693 0.942929 3.656053
v 2.802755 1.076223 3.664938
v 2.775130 1.199515 3.675710
v 2.740080 1.312315 3.687685
v 2.708575 1.389636 3.696850
v 2.672310 1.460593 3.706108
v 2.630890 1.525313 3.715881
v 2.678163 1.561588 3.934874
v 2.725907 1.492723 3.931820
v 2.767291 1.417166 3.928061
v 2.802755 1.335062 3.923777
v 2.841609 1.216138 3.917919
v 2.871882 1.087489 3.912511
v 2.894743 0.949978 3.907855
v 2.922252 0.651845 3.901975
v 2.932387 0.331481 3.899808
v 2.933835 0.000000 3.899499
v 2.932387 -0.331481 3.899808
v 2.922252 -0.651845 3.901975
v 2.894743 -0.949978 3.907855
v 2.871882 -1.087489 3.912511
v 2.841609 -1.216138 3.917919
v 2.802755 -1.335062 3.923777
v 2.754176 -1.443086 3.929382
v 2.694812 -1.539386 3.933946
v 2.707912 1.585960 4.203508
v 2.758052 1.514143 4.202592
v 2.801506 1.435525 4.201265
v 2.838726 1.350447 4.199694
v 2.879482 1.227774 4.197569
v 2.911212 1.095666 4.195615
v 2.935114 0.955208 4.193905
v 2.963806 0.653395 4.191706
v 2.974377 0.331674 4.190895
v 2.975887 0.000000 4.190779
v 2.974377 -0.331674 4.190895
v 2.963806 -0.653395 4.191706
v 2.935114 -0.955208 4.193905
v 2.911212 -1.095666 4.195615
v 2.879482 -1.227774 4.197569
v 2.838726 -1.350447 4.199694
v 2.787736 -1.462465 4.201743
v 2.725396 -1.562797 4.203258
v 2.712399 -1.552762 4.063231
v 2.773640 -1.454239 4.060611
v 2.823693 -1.343947 4.057071
v 2.863646 -1.222828 4.053399
v 2.894743 -1.092145 4.050022
v 2.918210 -0.952932 4.047068
v 2.946445 -0.652721 4.043267
v 2.956847 -0.331590 4.041867
v 2.958333 0.000000 4.041667
v 2.956847 0.331590 4.041867
v 2.946445 0.652721 4.043267
v 2.918210 0.952932 4.047068
v 2.894743 1.092145 4.050022
v 2.863646 1.222828 4.053399
v 2.823693 1.343947 4.057071
v 2.787163 1.427748 4.059786
v 2.744481 1.505006 4.062078
v 2.695223 1.575490 4.063662
v 2.716418 1.592978 4.352196
v 2.767148 1.520267 4.351727
v 2.811120 1.440738 4.351048
v 2.848802 1.354804 4.350243
v 2.890097 1.231090 4.349155
v 2.922252 1.098026 4.348155
v 2.946445 0.956733 4.347279
v 2.975444 0.653847 4.346153
v 2.986128 0.331731 4.345738
v 2.987654 0.000000 4.345679
v 2.986128 -0.331731 4.345738
v 2.975444 -0.653847 4.346153
v 2.946445 -0.956733 4.347279
v 2.922252 -1.098026 4.348155
v 2.890097 -1.231090 4.349155
v 2.848802 -1.354804 4.350243
v 2.797185 -1.467980 4.351292
v 2.734108 -1.569524 4.352068
v 2.724226 1.599421 4.669025
v 2.775500 1.525889 4.668966
v 2.819947 1.445524 4.668881
v 2.858053 1.358804 4.668780
v 2.899842 1.234133 4.668644
v 2.932387 1.100192 4.668519
v 2.956847 0.958133 4.668410
v 2.986128 0.654262 4.668269
v 2.996916 0.331783 4.668217
v 2.998457 -0.000000 4.668210
v 2.996916 -0.331783 4.668217
v 2.986128 -0.654262 4.668269
v 2.956847 -0.958133 4.668410
v 2.932387 -1.100192 4.668519
v 2.899842 -1.234133 4.668644
v 2.858053 -1.358804 4.668780
v 2.805860 -1.473042 4.668912
v 2.742106 -1.575700 4.669009
v 2.739392 -1.573604 4.507904
v 2.802916 -1.471325 4.507576
v 2.854915 -1.357447 4.507134
v 2.896536 -1.233100 4.506675
v 2.928948 -1.099457 4.506253
v 2.953318 -0.957658 4.505884
v 2.982503 -0.654121 4.505408
v 2.993256 -0.331765 4.505233
v 2.994792 -0.000000 4.505208
v 2.993256 0.331765 4.505233
v 2.982503 0.654121 4.505408
v 2.953318 0.957658 4.505884
v 2.928948 1.099457 4.506253
v 2.896536 1.233100 4.506675
v 2.854915 1.357447 4.507134
v 2.816952 1.443900 4.507473
v 2.772666 1.523982 4.507760
v 2.721577 1.597235 4.507958
v 2.724226 1.599421 5.330976
v 2.775500 1.525889 5.331034
v 2.819947 1.445524 5.331119
v 2.858053 1.358804 5.331220
v 2.899842 1.234133 5.331356
v 2.932387 1.100192 5.331481
v 2.956847 0.958133 5.331590
v 2.986128 0.654262 5.331731
v 2.996916 0.331783 5.331783
v 2.998457 0.000000 5.331790
v 2.996916 -0.331783 5.331783
v 2.986128 -0.654262 5.331731
v 2.956847 -0.958133 5.331590
v 2.932387 -1.100192 5.331481
v 2.899842 -1.234133 5.331356
v 2.858053 -1.358804 5.331220
v 2.805860 -1.473042 5.331089
v 2.742106 -1.575700 5.330992
v 2.743248 -1.576582 5.000000
v 2.807099 -1.473765 5.000000
v 2.859375 -1.359375 5.000000
v 2.901235 -1.234568 5.000000
v 2.933835 -1.100502 5.000000
v 2.958333 -0.958333 5.000000
v 2.987654 -0.654321 5.000000
v 2.998457 -0.331790 5.000000
v 3.000000 0.000000 5.000000
v 2.998457 0.331790 5.000000
v 2.987654 0.654321 5.000000
v 2.958333 0.958333 5.000000
v 2.933835 1.100502 5.000000
v 2.901235 1.234568 5.000000
v 2.859375 1.359375 5.000000
v 2.821208 1.446208 5.000000
v 2.776693 1.526693 5.000000
v 2.725342 1.600342 5.000000
v 2.716418 1.592978 5.647804
v 2.767148 1.520267 5.648273
v 2.811120 1.440738 5.648952
v 2.848802 1.354804 5.649757
v 2.890097 1.231090 5.650845
v 2.922252 1.098026 5.651845
v 2.946445 0.956733 5.652721
v 2.975444 0.653847 5.653847
v 2.986128 0.331731 5.654262
v 2.987654 0.000000 5.654321
v 2.986128 -0.331731 5.654262
v 2.975444 -0.653847 5.653847
v 2.946445 -0.956733 5.652721
v 2.922252 -1.098026 5.651845
v 2.890097 -1.231090 5.650845
v 2.848802 -1.354804 5.649757
v 2.797185 -1.467980 5.648708
v 2.734108 -1.569524 5.647932
v 2.739392 -1.573604 5.492096
v 2.802916 -1.471325 5.492424
v 2.854915 -1.357447 5.492866
v 2.896536 -1.233100 5.493325
v 2.928948 -1.099457 5.493747
v 2.953318 -0.957658 5.494117
v 2.982503 -0.654121 5.494592
v 2.993256 -0.331765 5.494767
v 2.994792 0.000000 5.494792
v 2.993256 0.331765 5.494767
v 2.982503 0.654121 5.494592
v 2.953318 0.957658 5.494117
v 2.928948 1.099457 5.493747
v 2.896536 1.233100 5.493325
v 2.854915 1.357447 5.492866
v 2.816952 1.443900 5.492527
v 2.772666 1.523982 5.492240
v 2.721577 1.597235 5.492042
v 2.707912 1.585960 5.796492
v 2.758052 1.514143 5.797409
v 2.801506 1.435525 5.798735
v 2.838726 1.350447 5.800306
v 2.879482 1.227774 5.802431
v 2.911212 1.095666 5.804385
v 2.935114 0.955208 5.806095
v 2.963806 0.653395 5.808295
v 2.974377 0.331674 5.809105
v 2.975887 0.000000 5.809221
v 2.974377 -0.331674 5.809105
v 2.963806 -0.653395 5.808295
v 2.935114 -0.955208 5.806095
v 2.911212 -1.095666 5.804385
v 2.879482 -1.227774 5.802431
v 2.838726 -1.350447 5.800306
v 2.787736 -1.462465 5.798257
v 2.725396 -1.562797 5.796742
v 2.678163 1.561588 6.065126
v 2.725907 1.492723 6.068180
v 2.767291 1.417166 6.071939
v 2.802755 1.335062 6.076223
v 2.841609 1.216138 6.082081
v 2.871882 1.087489 6.087489
v 2.894743 0.949978 6.092145
v 2.922252 0.651845 6.098026
v 2.932387 0.331481 6.100192
v 2.933835 0.000000 6.100502
v 2.932387 -0.331481 6.100192
v 2.922252 -0.651845 6.098026
v 2.894743 -0.949978 6.092145
v 2.871882 -1.087489 6.087489
v 2.841609 -1.216138 6.082081
v 2.802755 -1.335062 6.076223
v 2.754176 -1.443086 6.070619
v 2.694812 -1.539386 6.066054
v 2.712399 -1.552762 5.936770
v 2.773640 -1.454239 5.939389
v 2.823693 -1.343947 5.942929
v 2.863646 -1.222828 5.946601
v 2.894743 -1.092145 5.949978
v 2.918210 -0.952932 5.952932
v 2.946445 -0.652721 5.956733
v 2.956847 -0.331590 5.958133
v 2.958333 0.000000 5.958333
v 2.956847 0.331590 5.958133
v 2.946445 0.652721 5.956733
v 2.918210 0.952932 5.952932
v 2.894743 1.092145 5.949978
v 2.863646 1.222828 5.946601
v 2.823693 1.343947 5.942929
v 2.787163 1.427748 5.940214
v 2.744481 1.505006 5.937922
v 2.695223 1.575490 5.936338
v 2.656847 1.544820 6.181308
v 2.702033 1.477800 6.187124
v 2.741302 1.404269 6.193134
v 2.775130 1.324290 6.199515
v 2.812431 1.208181 6.208181
v 2.841609 1.082081 6.216138
v 2.863646 0.946601 6.222828
v 2.890097 0.650845 6.231090
v 2.899842 0.331356 6.234133
v 2.901235 0.000000 6.234568
v 2.899842 -0.331356 6.234133
v 2.890097 -0.650845 6.231090
v 2.863646 -0.946601 6.222828
v 2.841609 -1.082081 6.216138
v 2.812431 -1.208181 6.208181
v 2.775130 -1.324290 6.199515
v 2.728840 -1.429499 6.191098
v 2.672596 -1.523207 6.183236
v 2.583970 1.490113 6.413380
v 2.617146 1.430373 6.430373
v 2.646336 1.365428 6.446172
v 2.672310 1.293892 6.460594
v 2.702033 1.187124 6.477800
v 2.725907 1.068180 6.492723
v 2.744481 0.937922 6.505006
v 2.767148 0.648273 6.520267
v 2.775500 0.331034 6.525890
v 2.776693 0.000000 6.526693
v 2.775500 -0.331034 6.525890
v 2.767148 -0.648273 6.520267
v 2.744481 -0.937922 6.505006
v 2.725907 -1.068180 6.492723
v 2.702033 -1.187124 6.477800
v 2.672310 -1.293892 6.460594
v 2.637002 -1.387740 6.441050
v 2.595519 -1.470693 6.419166
v 2.645294 -1.504425 6.287460
v 2.697035 -1.413989 6.300095
v 2.740080 -1.312315 6.312315
v 2.775130 -1.199515 6.324290
v 2.802755 -1.076223 6.335062
v 2.823693 -0.942929 6.343947
v 2.848802 -0.649757 6.354804
v 2.858053 -0.331220 6.358804
v 2.859375 0.000000 6.359375
v 2.858053 0.331220 6.358804
v 2.848802 0.649757 6.354804
v 2.823693 0.942929 6.343947
v 2.802755 1.076223 6.335062
v 2.775130 1.199515 6.324290
v 2.740080 1.312315 6.312315
v 2.708575 1.389636 6.303150
v 2.672310 1.460593 6.293892
v 2.630890 1.525313 6.284119
v -0.500000 -1.500000 3.500000
v -0.395375 -1.546037 3.453963
v -0.273408 -1.583919 3.416081
v -0.121067 -1.614817 3.385183
v 0.064253 -1.638967 3.361033
v 0.277107 -1.654981 3.345019
v 0.508032 -1.663204 3.336796
v 1.000000 -1.666667 3.333333
v 1.491968 -1.663204 3.336796
v 1.722893 -1.654981 3.345019
v 1.935747 -1.638967 3.361033
v 2.121067 -1.614817 3.385183
v 2.273408 -1.583919 3.416081
v 2.395375 -1.546037 3.453963
v -0.546037 -1.546037 6.395376
v -0.583919 -1.583919 6.273408
v -0.614817 -1.614817 6.121067
v -0.638967 -1.638967 5.935747
v -0.654981 -1.654981 5.722893
v -0.663204 -1.663204 5.491968
v -0.666667 -1.666667 5.000000
v -0.663204 -1.663204 4.508032
v -0.654981 -1.654981 4.277107
v -0.638967 -1.638967 4.064254
v -0.614817 -1.614817 3.878933
v -0.583919 -1.583919 3.726592
v -0.546037 -1.546037 3.604625
v 2.476901 -1.565777 3.548431
v 2.419165 -1.595519 3.529308
v 2.356629 -1.621742 3.511573
v 2.287460 -1.645294 3.495575
v 2.183236 -1.672596 3.476793
v 2.066054 -1.694812 3.460614
v 1.936770 -1.712399 3.447238
v 1.647932 -1.734108 3.430476
v 1.330991 -1.742106 3.424300
v 1.000000 -1.743248 3.423418
v 0.669009 -1.742106 3.424300
v 0.352068 -1.734108 3.430476
v 0.063230 -1.712399 3.447238
v -0.066054 -1.694812 3.460614
v -0.183236 -1.672596 3.476793
v -0.287460 -1.645294 3.495575
v -0.378121 -1.613340 3.517308
v -0.458076 -1.576134 3.541924
v 2.502655 -1.600727 3.626867
v 2.441050 -1.637002 3.612260
v 2.373818 -1.668909 3.598670
v 2.300095 -1.697035 3.586011
v 2.191098 -1.728840 3.570501
v 2.070619 -1.754176 3.556914
v 1.939389 -1.773640 3.545761
v 1.648708 -1.797185 3.532020
v 1.331088 -1.805860 3.526958
v 1.000000 -1.807099 3.526235
v 0.668912 -1.805860 3.526958
v 0.351292 -1.797185 3.532020
v 0.060611 -1.773640 3.545761
v -0.070619 -1.754176 3.556914
v -0.191098 -1.728840 3.570501
v -0.300095 -1.697035 3.586011
v -0.396908 -1.658722 3.603093
v -0.482692 -1.613340 3.621879
v 2.544820 -1.656847 3.818692
v 2.477800 -1.702033 3.812876
v 2.404269 -1.741302 3.806866
v 2.324290 -1.775130 3.800485
v 2.208181 -1.812431 3.791819
v 2.082081 -1.841609 3.783862
v 1.946601 -1.863646 3.777172
v 1.650845 -1.890097 3.768911
v 1.331356 -1.899842 3.765867
v 1.000000 -1.901235 3.765432
v 0.668644 -1.899842 3.765867
v 0.349155 -1.890097 3.768911
v 0.053399 -1.863646 3.777172
v -0.082081 -1.841609 3.783862
v -0.208181 -1.812431 3.791819
v -0.324290 -1.775130 3.800485
v -0.429499 -1.728840 3.808902
v -0.523207 -1.672596 3.816764
v -0.504425 -1.645294 3.712540
v -0.413989 -1.697035 3.699905
v -0.312315 -1.740080 3.687685
v -0.199515 -1.775130 3.675710
v -0.076223 -1.802755 3.664938
v 0.057071 -1.823693 3.656053
v 0.350243 -1.848802 3.645196
v 0.668780 -1.858053 3.641196
v 1.000000 -1.859375 3.640625
v 1.331220 -1.858053 3.641196
v 1.649757 -1.848802 3.645196
v 1.942929 -1.823693 3.656053
v 2.076223 -1.802755 3.664938
v 2.199515 -1.775130 3.675710
v 2.312315 -1.740080 3.687685
v 2.389636 -1.708575 3.696850
v 2.460593 -1.672310 3.706108
v 2.525313 -1.630890 3.715881
v 2.561588 -1.678163 3.934874
v 2.492723 -1.725907 3.931820
v 2.417166 -1.767291 3.928061
v 2.335062 -1.802755 3.923777
v 2.216138 -1.841609 3.917919
v 2.087489 -1.871882 3.912511
v 1.949978 -1.894743 3.907855
v 1.651845 -1.922252 3.901975
v 1.331481 -1.932387 3.899808
v 1.000000 -1.933835 3.899499
v 0.668519 -1.932387 3.899808
v 0.348155 -1.922252 3.901975
v 0.050022 -1.894743 3.907855
v -0.087489 -1.871882 3.912511
v -0.216138 -1.841609 3.917919
v -0.335062 -1.802755 3.923777
v -0.443086 -1.754176 3.929382
v -0.539386 -1.694812 3.933946
v 2.585960 -1.707912 4.203508
v 2.514143 -1.758052 4.202592
v 2.435525 -1.801506 4.201265
v 2.350447 -1.838726 4.199694
v 2.227774 -1.879482 4.197569
v 2.095666 -1.911212 4.195615
v 1.955208 -1.935114 4.193905
v 1.653395 -1.963806 4.191706
v 1.331674 -1.974377 4.190895
v 1.000000 -1.975887 4.190779
v 0.668326 -1.974377 4.190895
v 0.346605 -1.963806 4.191706
v 0.044792 -1.935114 4.193905
v -0.095666 -1.911212 4.195615
v -0.227774 -1.879482 4.197569
v -0.350447 -1.838726 4.199694
v -0.462465 -1.787736 4.201743
v -0.562797 -1.725396 4.203258
v -0.552762 -1.712399 4.063231
v -0.454239 -1.773640 4.060611
v -0.343947 -1.823693 4.057071
v -0.222828 -1.863646 4.053399
v -0.092145 -1.894743 4.050022
v 0.047068 -1.918210 4.047068
v 0.347279 -1.946445 4.043267
v 0.668410 -1.956847 4.041867
v 1.000000 -1.958333 4.041667
v 1.331590 -1.956847 4.041867
v 1.652721 -1.946445 4.043267
v 1.952932 -1.918210 4.047068
v 2.092145 -1.894743 4.050022
v 2.222828 -1.863646 4.053399
v 2.343947 -1.823693 4.057071
v 2.427748 -1.787163 4.059786
v 2.505006 -1.744481 4.062078
v 2.575490 -1.695223 4.063662
v 2.592978 -1.716418 4.352196
v 2.520267 -1.767148 4.351727
v 2.440738 -1.811120 4.351048
v 2.354804 -1.848802 4.350243
v 2.231090 -1.890097 4.349155
v 2.098026 -1.922252 4.348155
v 1.956733 -1.946445 4.347279
v 1.653847 -1.975444 4.346153
v 1.331731 -1.986128 4.345738
v 1.000000 -1.987654 4.345679
v 0.668269 -1.986128 4.345738
v 0.346153 -1.975444 4.346153
v 0.043267 -1.946445 4.347279
v -0.098026 -1.922252 4.348155
v -0.231090 -1.890097 4.349155
v -0.354804 -1.848802 4.350243
v -0.467980 -1.797185 4.351292
v -0.569524 -1.734108 4.352068
v 2.599421 -1.724226 4.669025
v 2.525889 -1.775500 4.668966
v 2.445524 -1.819947 4.668881
v 2.358804 -1.858053 4.668780
v 2.234133 -1.899842 4.668644
v 2.100192 -1.932387 4.668519
v 1.958133 -1.956847 4.668410
v 1.654262 -1.986128 4.668269
v 1.331783 -1.996916 4.668217
v 1.000000 -1.998457 4.668210
v 0.668217 -1.996916 4.668217
v 0.345738 -1.986128 4.668269
v 0.041867 -1.956847 4.668410
v -0.100192 -1.932387 4.668519
v -0.234133 -1.899842 4.668644
v -0.358804 -1.858053 4.668780
v -0.473042 -1.805860 4.668912
v -0.575700 -1.742106 4.669009
v -0.573604 -1.739392 4.507904
v -0.471325 -1.802916 4.507576
v -0.357447 -1.854915 4.507134
v -0.233100 -1.896536 4.506675
v -0.099457 -1.928948 4.506253
v 0.042342 -1.953318 4.505884
v 0.345879 -1.982503 4.505408
v 0.668235 -1.993256 4.505233
v 1.000000 -1.994792 4.505208
v 1.331765 -1.993256 4.505233
v 1.654121 -1.982503 4.505408
v 1.957658 -1.953318 4.505884
v 2.099457 -1.928948 4.506253
v 2.233100 -1.896536 4.506675
v 2.357447 -1.854915 4.507134
v 2.443900 -1.816952 4.507473
v 2.523982 -1.772666 4.507760
v 2.597235 -1.721577 4.507958
v 2.599421 -1.724226 5.330976
v 2.525889 -1.775500 5.331034
v 2.445524 -1.819947 5.331119
v 2.358804 -1.858053 5.331220
v 2.234133 -1.899842 5.331356
v 2.100192 -1.932387 5.331481
v 1.958133 -1.956847 5.331590
v 1.654262 -1.986128 5.331731
v 1.331783 -1.996916 5.331783
v 1.000000 -1.998457 5.331790
v 0.668217 -1.996916 5.331783
v 0.345738 -1.986128 5.331731
v 0.041867 -1.956847 5.331590
v -0.100192 -1.932387 5.331481
v -0.234133 -1.899842 5.331356
v -0.358804 -1.858053 5.331220
v -0.473042 -1.805860 5.331089
v -0.575700 -1.742106 5.330992
v -0.576582 -1.743248 5.000000
v -0.473765 -1.807099 5.000000
v -0.359375 -1.859375 5.000000
v -0.234568 -1.901235 5.000000
v -0.100502 -1.933835 5.000000
v 0.041667 -1.958333 5.000000
v 0.345679 -1.987654 5.000000
v 0.668210 -1.998457 5.000000
v 1.000000 -2.000000 5.000000
v 1.331790 -1.998457 5.000000
v 1.654321 -1.987654 5.000000
v 1.958333 -1.958333 5.000000
v 2.100502 -1.933835 5.000000
v 2.234568 -1.901235 5.000000
v 2.359375 -1.859375 5.000000
v 2.446208 -1.821208 5.000000
v 2.526693 -1.776693 5.000000
v 2.600342 -1.725342 5.000000
v 2.592978 -1.716418 5.647804
v 2.520267 -1.767148 5.648273
v 2.440738 -1.811120 5.648952
v 2.354804 -1.848802 5.649757
v 2.231090 -1.890097 5.650845
v 2.098026 -1.922252 5.651845
v 1.956733 -1.946445 5.652721
v 1.653847 -1.975444 5.653847
v 1.331731 -1.986128 5.654262
v 1.000000 -1.987654 5.654321
v 0.668269 -1.986128 5.654262
v 0.346153 -1.975444 5.653847
v 0.043267 -1.946445 5.652721
v -0.098026 -1.922252 5.651845
v -0.231090 -1.890097 5.650845
v -0.354804 -1.848802 5.649757
v -0.467980 -1.797185 5.648708
v -0.569524 -1.734108 5.647932
v -0.573604 -1.739392 5.492096
v -0.471325 -1.802916 5.492424
v -0.357447 -1.854915 5.492866
v -0.233100 -1.896536 5.493325
v -0.099457 -1.928948 5.493747
v 0.042342 -1.953318 5.494117
v 0.345879 -1.982503 5.494592
v 0.668235 -1.993256 5.494767
v 1.000000 -1.994792 5.494792
v 1.331765 -1.993256 5.494767
v 1.654121 -1.982503 5.494592
v 1.957658 -1.953318 5.494117
v 2.099457 -1.928948 5.493747
v 2.233100 -1.896536 5.493325
v 2.357447 -1.854915 5.492866
v 2.443900 -1.816952 5.492527
v 2.523982 -1.772666 5.492240
v 2.597235 -1.721577 5.492042
v 2.585960 -1.707912 5.796492
v 2.514143 -1.758052 5.797409
v 2.435525 -1.801506 5.798735
v 2.350447 -1.838726 5.800306
v 2.227774 -1.879482 5.802431
v 2.095666 -1.911212 5.804385
v 1.955208 -1.935114 5.806095
v 1.653395 -1.963806 5.808295
v 1.331674 -1.974377 5.809105
v 1.000000 -1.975887 5.809221
v 0.668326 -1.974377 5.809105
v 0.346605 -1.963806 5.808295
v 0.044792 -1.935114 5.806095
v -0.095666 -1.911212 5.804385
v -0.227774 -1.879482 5.802431
v -0.350447 -1.838726 5.800306
v -0.462465 -1.787736 5.798257
v -0.562797 -1.725396 5.796742
v 2.561588 -1.678163 6.065126
v 2.492723 -1.725907 6.068180
v 2.417166 -1.767291 6.071939
v 2.335062 -1.802755 6.076223
v 2.216138 -1.841609 6.082081
v 2.087489 -1.871882 6.087489
v 1.949978 -1.894743 6.092145
v 1.651845 -1.922252 6.098026
v 1.331481 -1.932387 6.100192
v 1.000000 -1.933835 6.100502
v 0.668519 -1.932387 6.100192
v 0.348155 -1.922252 6.098026
v 0.050022 -1.894743 6.092145
v -0.087489 -1.871882 6.087489
v -0.216138 -1.841609 6.082081
v -0.335062 -1.802755 6.076223
v -0.443086 -1.754176 6.070619
v -0.539386 -1.694812 6.066054
v -0.552762 -1.712399 5.936770
v -0.454239 -1.773640 5.939389
v -0.343947 -1.823693 5.942929
v -0.222828 -1.863646 5.946601
v -0.092145 -1.894743 5.949978
v 0.047068 -1.918210 5.952932
v 0.347279 -1.946445 5.956733
v 0.668410 -1.956847 5.958133
v 1.000000 -1.958333 5.958333
v 1.331590 -1.956847 5.958133
v 1.652721 -1.946445 5.956733
v 1.952932 -1.918210 5.952932
v 2.092145 -1.894743 5.949978
v 2.222828 -1.863646 5.946601
v 2.343947 -1.823693 5.942929
v 2.427748 -1.787163 5.940214
v 2.505006 -1.744481 5.937922
v 2.575490 -1.695223 5.936338
v 2.544820 -1.656847 6.181308
v 2.477800 -1.702033 6.187124
v 2.404269 -1.741302 6.193134
v 2.324290 -1.775130 6.199515
v 2.208181 -1.812431 6.208181
v 2.082081 -1.841609 6.216138
v 1.946601 -1.863646 6.222828
v 1.650845 -1.890097 6.231090
v 1.331356 -1.899842 6.234133
v 1.000000 -1.901235 6.234568
v 0.668644 -1.899842 6.234133
v 0.349155 -1.890097 6.231090
v 0.053399 -1.863646 6.222828
v -0.082081 -1.841609 6.216138
v -0.208181 -1.812431 6.208181
v -0.324290 -1.775130 6.199515
v -0.429499 -1.728840 6.191098
v -0.523207 -1.672596 6.183236
v 2.490113 -1.583970 6.413380
v 2.430373 -1.617146 6.430373
v 2.365428 -1.646336 6.446172
v 2.293892 -1.672310 6.460594
v 2.187124 -1.702033 6.477800
v 2.068180 -1.725907 6.492723
v 1.937922 -1.744481 6.505006
v 1.648273 -1.767148 6.520267
v 1.331034 -1.775500 6.525890
v 1.000000 -1.776693 6.526693
v 0.668966 -1.775500 6.525890
v 0.351727 -1.767148 6.520267
v 0.062078 -1.744481 6.505006
v -0.068180 -1.725907 6.492723
v -0.187124 -1.702033 6.477800
v -0.293892 -1.672310 6.460594
v -0.387740 -1.637002 6.441050
v -0.470693 -1.595519 6.419166
v -0.504425 -1.645294 6.287460
v -0.413989 -1.697035 6.300095
v -0.312315 -1.740080 6.312315
v -0.199515 -1.775130 6.324290
v -0.076223 -1.802755 6.335062
v 0.057071 -1.823693 6.343947
v 0.350243 -1.848802 6.354804
v 0.668780 -1.858053 6.358804
v 1.000000 -1.859375 6.359375
v 1.331220 -1.858053 6.358804
v 1.649757 -1.848802 6.354804
v 1.942929 -1.823693 6.343947
v 2.076223 -1.802755 6.335062
v 2.199515 -1.775130 6.324290
v 2.312315 -1.740080 6.312315
v 2.389636 -1.708575 6.303150
v 2.460593 -1.672310 6.293892
v 2.525313 -1.630890 6.284119
v -0.546037 -1.395375 3.453963
v -0.583919 -1.273408 3.416081
v -0.614817 -1.121067 3.385183
v -0.638967 -0.935747 3.361033
v -0.654981 -0.722893 3.345019
v -0.663204 -0.491968 3.336796
v -0.666667 0.000000 3.333333
v -0.663204 0.491968 3.336796
v -0.654981 0.722893 3.345019
v -0.638967 0.935747 3.361033
v -0.614817 1.121067 3.385183
v -0.583919 1.273408 3.416081
v -0.546037 1.395375 3.453963
v -0.451569 1.476901 3.434223
v -0.470693 1.419165 3.404481
v -0.488427 1.356629 3.378258
v -0.504425 1.287460 3.354706
v -0.523207 1.183236 3.327404
v -0.539386 1.066054 3.305188
v -0.552762 0.936770 3.287601
v -0.569524 0.647932 3.265892
v -0.575700 0.330991 3.257894
v -0.576582 0.000000 3.256752
v -0.575700 -0.330991 3.257894
v -0.569524 -0.647932 3.265892
v -0.552762 -0.936770 3.287601
v -0.539386 -1.066054 3.305188
v -0.523207 -1.183236 3.327404
v -0.504425 -1.287460 3.354706
v -0.482692 -1.378121 3.386660
v -0.458076 -1.458076 3.423866
v -0.373133 1.502655 3.399273
v -0.387740 1.441050 3.362998
v -0.401330 1.373818 3.331091
v -0.413989 1.300095 3.302965
v -0.429499 1.191098 3.271160
v -0.443086 1.070619 3.245824
v -0.454239 0.939389 3.226360
v -0.467980 0.648708 3.202815
v -0.473042 0.331088 3.194141
v -0.473765 0.000000 3.192901
v -0.473042 -0.331088 3.194141
v -0.467980 -0.648708 3.202815
v -0.454239 -0.939389 3.226360
v -0.443086 -1.070619 3.245824
v -0.429499 -1.191098 3.271160
v -0.413989 -1.300095 3.302965
v -0.396908 -1.396908 3.341278
v -0.378121 -1.482692 3.386660
v -0.181308 1.544820 3.343153
v -0.187124 1.477800 3.297967
v -0.193134 1.404269 3.258698
v -0.199515 1.324290 3.224870
v -0.208181 1.208181 3.187569
v -0.216138 1.082081 3.158391
v -0.222828 0.946601 3.136354
v -0.231090 0.650845 3.109903
v -0.234133 0.331356 3.100158
v -0.234568 0.000000 3.098766
v -0.234133 -0.331356 3.100158
v -0.231090 -0.650845 3.109903
v -0.222828 -0.946601 3.136354
v -0.216138 -1.082081 3.158391
v -0.208181 -1.208181 3.187569
v -0.199515 -1.324290 3.224870
v -0.191098 -1.429499 3.271160
v -0.183236 -1.523207 3.327404
v -0.287460 -1.504425 3.354706
v -0.300095 -1.413989 3.302965
v -0.312315 -1.312315 3.259920
v -0.324290 -1.199515 3.224870
v -0.335062 -1.076223 3.197245
v -0.343947 -0.942929 3.176307
v -0.354804 -0.649757 3.151198
v -0.358804 -0.331220 3.141947
v -0.359375 0.000000 3.140625
v -0.358804 0.331220 3.141947
v -0.354804 0.649757 3.151198
v -0.343947 0.942929 3.176307
v -0.335062 1.076223 3.197245
v -0.324290 1.199515 3.224870
v -0.312315 1.312315 3.259920
v -0.303150 1.389636 3.291425
v -0.293892 1.460593 3.327690
v -0.284119 1.525313 3.369110
v -0.065126 1.561588 3.321837
v -0.068180 1.492723 3.274093
v -0.071939 1.417166 3.232710
v -0.076223 1.335062 3.197245
v -0.082081 1.216138 3.158391
v -0.087489 1.087489 3.128118
v -0.092145 0.949978 3.105257
v -0.098026 0.651845 3.077748
v -0.100192 0.331481 3.067613
v -0.100502 -0.000000 3.066165
v -0.100192 -0.331481 3.067613
v -0.098026 -0.651845 3.077748
v -0.092145 -0.949978 3.105257
v -0.087489 -1.087489 3.128118
v -0.082081 -1.216138 3.158391
v -0.076223 -1.335062 3.197245
v -0.070619 -1.443086 3.245824
v -0.066054 -1.539386 3.305188
v 0.203508 1.585960 3.292088
v 0.202592 1.514143 3.241949
v 0.201265 1.435525 3.198494
v 0.199694 1.350447 3.161275
v 0.197569 1.227774 3.120518
v 0.195615 1.095666 3.088788
v 0.193905 0.955208 3.064886
v 0.191705 0.653395 3.036194
v 0.190895 0.331674 3.025623
v 0.190779 0.000000 3.024113
v 0.190895 -0.331674 3.025623
v 0.191705 -0.653395 3.036194
v 0.193905 -0.955208 3.064886
v 0.195615 -1.095666 3.088788
v 0.197569 -1.227774 3.120518
v 0.199694 -1.350447 3.161275
v 0.201743 -1.462465 3.212264
v 0.203258 -1.562797 3.274604
v 0.063230 -1.552762 3.287601
v 0.060611 -1.454239 3.226360
v 0.057071 -1.343947 3.176307
v 0.053399 -1.222828 3.136354
v 0.050022 -1.092145 3.105257
v 0.047068 -0.952932 3.081790
v 0.043267 -0.652721 3.053555
v 0.041867 -0.331590 3.043153
v 0.041667 0.000000 3.041667
v 0.041867 0.331590 3.043153
v 0.043267 0.652721 3.053555
v 0.047068 0.952932 3.081790
v 0.050022 1.092145 3.105257
v 0.053399 1.222828 3.136354
v 0.057071 1.343947 3.176307
v 0.059786 1.427748 3.212837
v 0.062078 1.505006 3.255519
v 0.063662 1.575490 3.304777
v 0.352196 1.592978 3.283582
v 0.351727 1.520267 3.232852
v 0.351048 1.440738 3.188880
v 0.350243 1.354804 3.151198
v 0.349155 1.231090 3.109903
v 0.348155 1.098026 3.077748
v 0.347279 0.956733 3.053555
v 0.346153 0.653847 3.024556
v 0.345738 0.331731 3.013872
v 0.345679 0.000000 3.012346
v 0.345738 -0.331731 3.013872
v 0.346153 -0.653847 3.024556
v 0.347279 -0.956733 3.053555
v 0.348155 -1.098026 3.077748
v 0.349155 -1.231090 3.109903
v 0.350243 -1.354804 3.151198
v 0.351292 -1.467980 3.202815
v 0.352068 -1.569524 3.265892
v 0.669025 1.599421 3.275774
v 0.668966 1.525889 3.224500
v 0.668881 1.445524 3.180053
v 0.668780 1.358804 3.141947
v 0.668644 1.234133 3.100158
v 0.668519 1.100192 3.067613
v 0.668410 0.958133 3.043153
v 0.668269 0.654262 3.013872
v 0.668217 0.331783 3.003084
v 0.668210 0.000000 3.001543
v 0.668217 -0.331783 3.003084
v 0.668269 -0.654262 3.013872
v 0.668410 -0.958133 3.043153
v 0.668519 -1.100192 3.067613
v 0.668644 -1.234133 3.100158
v 0.668780 -1.358804 3.141947
v 0.668912 -1.473042 3.194141
v 0.669009 -1.575700 3.257894
v 0.507904 -1.573604 3.260608
v 0.507576 -1.471325 3.197084
v 0.507134 -1.357447 3.145085
v 0.506675 -1.233100 3.103464
v 0.506253 -1.099457 3.071052
v 0.505883 -0.957658 3.046682
v 0.505408 -0.654121 3.017497
v 0.505233 -0.331765 3.006744
v 0.505208 0.000000 3.005208
v 0.505233 0.331765 3.006744
v 0.505408 0.654121 3.017497
v 0.505883 0.957658 3.046682
v 0.506253 1.099457 3.071052
v 0.506675 1.233100 3.103464
v 0.507134 1.357447 3.145085
v 0.507473 1.443900 3.183048
v 0.507760 1.523982 3.227334
v 0.507958 1.597235 3.278423
v 1.330975 1.599421 3.275774
v 1.331034 1.525889 3.224500
v 1.331119 1.445524 3.180053
v 1.331220 1.358804 3.141947
v 1.331356 1.234133 3.100158
v 1.331481 1.100192 3.067613
v 1.331590 0.958133 3.043153
v 1.331731 0.654262 3.013872
v 1.331783 0.331783 3.003084
v 1.331790 0.000000 3.001543
v 1.331783 -0.331783 3.003084
v 1.331731 -0.654262 3.013872
v 1.331590 -0.958133 3.043153
v 1.331481 -1.100192 3.067613
v 1.331356 -1.234133 3.100158
v 1.331220 -1.358804 3.141947
v 1.331088 -1.473042 3.194141
v 1.330991 -1.575700 3.257894
v 1.000000 -1.576582 3.256752
v 1.000000 -1.473765 3.192901
v 1.000000 -1.359375 3.140625
v 1.000000 -1.234568 3.098766
v 1.000000 -1.100502 3.066165
v 1.000000 -0.958333 3.041667
v 1.000000 -0.654321 3.012346
v 1.000000 -0.331790 3.001543
v 1.000000 0.000000 3.000000
v 1.000000 0.331790 3.001543
v 1.000000 0.654321 3.012346
v 1.000000 0.958333 3.041667
v 1.000000 1.100502 3.066165
v 1.000000 1.234568 3.098766
v 1.000000 1.359375 3.140625
v 1.000000 1.446208 3.178792
v 1.000000 1.526693 3.223307
v 1.000000 1.600342 3.274658
v 1.647804 1.592978 3.283582
v 1.648273 1.520267 3.232852
v 1.648952 1.440738 3.188880
v 1.649757 1.354804 3.151198
v 1.650845 1.231090 3.109903
v 1.651845 1.098026 3.077748
v 1.652721 0.956733 3.053555
v 1.653847 0.653847 3.024556
v 1.654262 0.331731 3.013872
v 1.654321 0.000000 3.012346
v 1.654262 -0.331731 3.013872
v 1.653847 -0.653847 3.024556
v 1.652721 -0.956733 3.053555
v 1.651845 -1.098026 3.077748
v 1.650845 -1.231090 3.109903
v 1.649757 -1.354804 3.151198
v 1.648708 -1.467980 3.202815
v 1.647932 -1.569524 3.265892
v 1.492096 -1.573604 3.260608
v 1.492424 -1.471325 3.197084
v 1.492866 -1.357447 3.145085
v 1.493325 -1.233100 3.103464
v 1.493747 -1.099457 3.071052
v 1.494117 -0.957658 3.046682
v 1.494592 -0.654121 3.017497
v 1.494767 -0.331765 3.006744
v 1.494792 -0.000000 3.005208
v 1.494767 0.331765 3.006744
v 1.494592 0.654121 3.017497
v 1.494117 0.957658 3.046682
v 1.493747 1.099457 3.071052
v 1.493325 1.233100 3.103464
v 1.492866 1.357447 3.145085
v 1.492527 1.443900 3.183048
v 1.492240 1.523982 3.227334
v 1.492042 1.597235 3.278423
v 1.796492 1.585960 3.292088
v 1.797408 1.514143 3.241949
v 1.798735 1.435525 3.198494
v 1.800306 1.350447 3.161275
v 1.802431 1.227774 3.120518
v 1.804385 1.095666 3.088788
v 1.806095 0.955208 3.064886
v 1.808295 0.653395 3.036194
v 1.809105 0.331674 3.025623
v 1.809221 0.000000 3.024113
v 1.809105 -0.331674 3.025623
v 1.808295 -0.653395 3.036194
v 1.806095 -0.955208 3.064886
v 1.804385 -1.095666 3.088788
v 1.802431 -1.227774 3.120518
v 1.800306 -1.350447 3.161275
v 1.798257 -1.462465 3.212264
v 1.796742 -1.562797 3.274604
v 2.065126 1.561588 3.321837
v 2.068180 1.492723 3.274093
v 2.071939 1.417166 3.232710
v 2.076223 1.335062 3.197245
v 2.082081 1.216138 3.158391
v 2.087489 1.087489 3.128118
v 2.092145 0.949978 3.105257
v 2.098026 0.651845 3.077748
v 2.100192 0.331481 3.067613
v 2.100502 0.000000 3.066165
v 2.100192 -0.331481 3.067613
v 2.098026 -0.651845 3.077748
v 2.092145 -0.949978 3.105257
v 2.087489 -1.087489 3.128118
v 2.082081 -1.216138 3.158391
v 2.076223 -1.335062 3.197245
v 2.070619 -1.443086 3.245824
v 2.066054 -1.539386 3.305188
v 1.936770 -1.552762 3.287601
v 1.939389 -1.454239 3.226360
v 1.942929 -1.343947 3.176307
v 1.946601 -1.222828 3.136354
v 1.949978 -1.092145 3.105257
v 1.952932 -0.952932 3.081790
v 1.956733 -0.652721 3.053555
v 1.958133 -0.331590 3.043153
v 1.958333 0.000000 3.041667
v 1.958133 0.331590 3.043153
v 1.956733 0.652721 3.053555
v 1.952932 0.952932 3.081790
v 1.949978 1.092145 3.105257
v 1.946601 1.222828 3.136354
v 1.942929 1.343947 3.176307
v 1.940214 1.427748 3.212837
v 1.937922 1.505006 3.255519
v 1.936338 1.575490 3.304777
v 2.181308 1.544820 3.343153
v 2.187124 1.477800 3.297967
v 2.193134 1.404269 3.258698
v 2.199515 1.324290 3.224870
v 2.208181 1.208181 3.187569
v 2.216138 1.082081 3.158391
v 2.222828 0.946601 3.136354
v 2.231090 0.650845 3.109903
v 2.234133 0.331356 3.100158
v 2.234568 0.000000 3.098766
v 2.234133 -0.331356 3.100158
v 2.231090 -0.650845 3.109903
v 2.222828 -0.946601 3.136354
v 2.216138 -1.082081 3.158391
v 2.208181 -1.208181 3.187569
v 2.199515 -1.324290 3.224870
v 2.191098 -1.429499 3.271160
v 2.183236 -1.523207 3.327404
v 2.413380 1.490113 3.416030
v 2.430373 1.430373 3.382854
v 2.446172 1.365428 3.353664
v 2.460593 1.293892 3.327690
v 2.477800 1.187124 3.297967
v 2.492723 1.068180 3.274093
v 2.505006 0.937922 3.255519
v 2.520267 0.648273 3.232852
v 2.525889 0.331034 3.224500
v 2.526693 0.000000 3.223307
v 2.525889 -0.331034 3.224500
v 2.520267 -0.648273 3.232852
v 2.505006 -0.937922 3.255519
v 2.492723 -1.068180 3.274093
v 2.477800 -1.187124 3.297967
v 2.460593 -1.293892 3.327690
v 2.441050 -1.387740 3.362998
v 2.419165 -1.470693 3.404481
v 2.287460 -1.504425 3.354706
v 2.300095 -1.413989 3.302965
v 2.312315 -1.312315 3.259920
v 2.324290 -1.199515 3.224870
v 2.335062 -1.076223 3.197245
v 2.343947 -0.942929 3.176307
v 2.354804 -0.649757 3.151198
v 2.358804 -0.331220 3.141947
v 2.359375 0.000000 3.140625
v 2.358804 0.331220 3.141947
v 2.354804 0.649757 3.151198
v 2.343947 0.942929 3.176307
v 2.335062 1.076223 3.197245
v 2.324290 1.199515 3.224870
v 2.312315 1.312315 3.259920
v 2.303150 1.389636 3.291425
v 2.293892 1.460593 3.327690
v 2.284119 1.525313 3.369110
v -0.565777 -1.451569 6.476901
v -0.595519 -1.470693 6.419166
v -0.621742 -1.488427 6.356629
v -0.645294 -1.504425 6.287460
v -0.672596 -1.523207 6.183236
v -0.694812 -1.539386 6.066054
v -0.712399 -1.552762 5.936770
v -0.734108 -1.569524 5.647932
v -0.742106 -1.575700 5.330992
v -0.743248 -1.576582 5.000000
v -0.742106 -1.575700 4.669009
v -0.734108 -1.569524 4.352068
v -0.712399 -1.552762 4.063231
v -0.694812 -1.539386 3.933946
v -0.672596 -1.523207 3.816764
v -0.645294 -1.504425 3.712540
v -0.613340 -1.482692 3.621879
v -0.576134 -1.458076 3.541924
v -0.600727 -1.373133 6.502655
v -0.637002 -1.387740 6.441050
v -0.668909 -1.401330 6.373819
v -0.697035 -1.413989 6.300095
v -0.728840 -1.429499 6.191098
v -0.754176 -1.443086 6.070619
v -0.773640 -1.454239 5.939389
v -0.797185 -1.467980 5.648708
v -0.805860 -1.473042 5.331089
v -0.807099 -1.473765 5.000000
v -0.805860 -1.473042 4.668912
v -0.797185 -1.467980 4.351292
v -0.773640 -1.454239 4.060611
v -0.754176 -1.443086 3.929382
v -0.728840 -1.429499 3.808902
v -0.697035 -1.413989 3.699905
v -0.658722 -1.396908 3.603093
v -0.613340 -1.378121 3.517308
v -0.656847 -1.181308 6.544820
v -0.702033 -1.187124 6.477800
v -0.741302 -1.193134 6.404269
v -0.775130 -1.199515 6.324290
v -0.812431 -1.208181 6.208181
v -0.841609 -1.216138 6.082081
v -0.863646 -1.222828 5.946601
v -0.890097 -1.231090 5.650845
v -0.899842 -1.234133 5.331356
v -0.901235 -1.234568 5.000000
v -0.899842 -1.234133 4.668644
v -0.890097 -1.231090 4.349155
v -0.863646 -1.222828 4.053399
v -0.841609 -1.216138 3.917919
v -0.812431 -1.208181 3.791819
v -0.775130 -1.199515 3.675710
v -0.728840 -1.191098 3.570501
v -0.672596 -1.183236 3.476793
v -0.645294 -1.287460 3.495575
v -0.697035 -1.300095 3.586011
v -0.740080 -1.312315 3.687685
v -0.775130 -1.324290 3.800485
v -0.802755 -1.335062 3.923777
v -0.823693 -1.343947 4.057071
v -0.848802 -1.354804 4.350243
v -0.858053 -1.358804 4.668780
v -0.859375 -1.359375 5.000000
v -0.858053 -1.358804 5.331220
v -0.848802 -1.354804 5.649757
v -0.823693 -1.343947 5.942929
v -0.802755 -1.335062 6.076223
v -0.775130 -1.324290 6.199515
v -0.740080 -1.312315 6.312315
v -0.708575 -1.303150 6.389636
v -0.672310 -1.293892 6.460594
v -0.630890 -1.284119 6.525313
v -0.678163 -1.065126 6.561588
v -0.725907 -1.068180 6.492723
v -0.767291 -1.071939 6.417166
v -0.802755 -1.076223 6.335062
v -0.841609 -1.082081 6.216138
v -0.871882 -1.087489 6.087489
v -0.894743 -1.092145 5.949978
v -0.922252 -1.098026 5.651845
v -0.932387 -1.100192 5.331481
v -0.933835 -1.100502 5.000000
v -0.932387 -1.100192 4.668519
v -0.922252 -1.098026 4.348155
v -0.894743 -1.092145 4.050022
v -0.871882 -1.087489 3.912511
v -0.841609 -1.082081 3.783862
v -0.802755 -1.076223 3.664938
v -0.754176 -1.070619 3.556914
v -0.694812 -1.066054 3.460614
v -0.707912 -0.796492 6.585960
v -0.758052 -0.797408 6.514143
v -0.801506 -0.798735 6.435525
v -0.838726 -0.800306 6.350447
v -0.879482 -0.802431 6.227774
v -0.911212 -0.804385 6.095666
v -0.935114 -0.806095 5.955208
v -0.963806 -0.808295 5.653395
v -0.974377 -0.809105 5.331674
v -0.975887 -0.809221 5.000000
v -0.974377 -0.809105 4.668326
v -0.963806 -0.808295 4.346605
v -0.935114 -0.806095 4.044792
v -0.911212 -0.804385 3.904334
v -0.879482 -0.802431 3.772226
v -0.838726 -0.800306 3.649553
v -0.787736 -0.798257 3.537535
v -0.725396 -0.796742 3.437203
v -0.712399 -0.936770 3.447238
v -0.773640 -0.939389 3.545761
v -0.823693 -0.942929 3.656053
v -0.863646 -0.946601 3.777172
v -0.894743 -0.949978 3.907855
v -0.918210 -0.952932 4.047068
v -0.946445 -0.956733 4.347279
v -0.956847 -0.958133 4.668410
v -0.958333 -0.958333 5.000000
v -0.956847 -0.958133 5.331590
v -0.946445 -0.956733 5.652721
v -0.918210 -0.952932 5.952932
v -0.894743 -0.949978 6.092145
v -0.863646 -0.946601 6.222828
v -0.823693 -0.942929 6.343947
v -0.787163 -0.940214 6.427748
v -0.744481 -0.937922 6.505006
v -0.695223 -0.936338 6.575490
v -0.716418 -0.647804 6.592978
v -0.767148 -0.648273 6.520267
v -0.811120 -0.648952 6.440738
v -0.848802 -0.649757 6.354804
v -0.890097 -0.650845 6.231090
v -0.922252 -0.651845 6.098026
v -0.946445 -0.652721 5.956733
v -0.975444 -0.653847 5.653847
v -0.986128 -0.654262 5.331731
v -0.987654 -0.654321 5.000000
v -0.986128 -0.654262 4.668269
v -0.975444 -0.653847 4.346153
v -0.946445 -0.652721 4.043267
v -0.922252 -0.651845 3.901975
v -0.890097 -0.650845 3.768911
v -0.848802 -0.649757 3.645196
v -0.797185 -0.648708 3.532020
v -0.734108 -0.647932 3.430476
v -0.724226 -0.330975 6.599421
v -0.775500 -0.331034 6.525890
v -0.819947 -0.331119 6.445524
v -0.858053 -0.331220 6.358804
v -0.899842 -0.331356 6.234133
v -0.932387 -0.331481 6.100192
v -0.956847 -0.331590 5.958133
v -0.986128 -0.331731 5.654262
v -0.996916 -0.331783 5.331783
v -0.998457 -0.331790 5.000000
v -0.996916 -0.331783 4.668217
v -0.986128 -0.331731 4.345738
v -0.956847 -0.331590 4.041867
v -0.932387 -0.331481 3.899808
v -0.899842 -0.331356 3.765867
v -0.858053 -0.331220 3.641196
v -0.805860 -0.331088 3.526958
v -0.742106 -0.330991 3.424300
v -0.739392 -0.492096 3.426396
v -0.802916 -0.492424 3.528675
v -0.854915 -0.492866 3.642554
v -0.896536 -0.493325 3.766900
v -0.928948 -0.493747 3.900543
v -0.953318 -0.494117 4.042342
v -0.982503 -0.494592 4.345879
v -0.993256 -0.494767 4.668235
v -0.994792 -0.494792 5.000000
v -0.993256 -0.494767 5.331765
v -0.982503 -0.494592 5.654121
v -0.953318 -0.494117 5.957658
v -0.928948 -0.493747 6.099457
v -0.896536 -0.493325 6.233101
v -0.854915 -0.492866 6.357447
v -0.816952 -0.492527 6.443900
v -0.772666 -0.492240 6.523982
v -0.721577 -0.492042 6.597235
v -0.724226 0.330975 6.599421
v -0.775500 0.331034 6.525890
v -0.819947 0.331119 6.445524
v -0.858053 0.331220 6.358804
v -0.899842 0.331356 6.234133
v -0.932387 0.331481 6.100192
v -0.956847 0.331590 5.958133
v -0.986128 0.331731 5.654262
v -0.996916 0.331783 5.331783
v -0.998457 0.331790 5.000000
v -0.996916 0.331783 4.668217
v -0.986128 0.331731 4.345738
v -0.956847 0.331590 4.041867
v -0.932387 0.331481 3.899808
v -0.899842 0.331356 3.765867
v -0.858053 0.331220 3.641196
v -0.805860 0.331088 3.526958
v -0.742106 0.330991 3.424300
v -0.743248 0.000000 3.423418
v -0.807099 0.000000 3.526235
v -0.859375 0.000000 3.640625
v -0.901235 -0.000000 3.765432
v -0.933835 0.000000 3.899499
v -0.958333 0.000000 4.041667
v -0.987654 0.000000 4.345679
v -0.998457 0.000000 4.668210
v -1.000000 0.000000 5.000000
v -0.998457 0.000000 5.331790
v -0.987654 -0.000000 5.654321
v -0.958333 -0.000000 5.958333
v -0.933835 0.000000 6.100502
v -0.901235 0.000000 6.234568
v -0.859375 0.000000 6.359375
v -0.821208 0.000000 6.446208
v -0.776693 0.000000 6.526693
v -0.725342 0.000000 6.600342
v -0.716418 0.647804 6.592978
v -0.767148 0.648273 6.520267
v -0.811120 0.648952 6.440738
v -0.848802 0.649757 6.354804
v -0.890097 0.650845 6.231090
v -0.922252 0.651845 6.098026
v -0.946445 0.652721 5.956733
v -0.975444 0.653847 5.653847
v -0.986128 0.654262 5.331731
v -0.987654 0.654321 5.000000
v -0.986128 0.654262 4.668269
v -0.975444 0.653847 4.346153
v -0.946445 0.652721 4.043267
v -0.922252 0.651845 3.901975
v -0.890097 0.650845 3.768911
v -0.848802 0.649757 3.645196
v -0.797185 0.648708 3.532020
v -0.734108 0.647932 3.430476
v -0.739392 0.492096 3.426396
v -0.802916 0.492424 3.528675
v -0.854915 0.492866 3.642554
v -0.896536 0.493325 3.766900
v -0.928948 0.493747 3.900543
v -0.953318 0.494117 4.042342
v -0.982503 0.494592 4.345879
v -0.993256 0.494767 4.668235
v -0.994792 0.494792 5.000000
v -0.993256 0.494767 5.331765
v -0.982503 0.494592 5.654121
v -0.953318 0.494117 5.957658
v -0.928948 0.493747 6.099457
v -0.896536 0.493325 6.233101
v -0.854915 0.492866 6.357447
v -0.816952 0.492527 6.443900
v -0.772666 0.492240 6.523982
v -0.721577 0.492042 6.597235
v -0.707912 0.796492 6.585960
v -0.758052 0.797408 6.514143
v -0.801506 0.798735 6.435525
v -0.838726 0.800306 6.350447
v -0.879482 0.802431 6.227774
v -0.911212 0.804385 6.095666
v -0.935114 0.806095 5.955208
v -0.963806 0.808295 5.653395
v -0.974377 0.809105 5.331674
v -0.975887 0.809221 5.000000
v -0.974377 0.809105 4.668326
v -0.963806 0.808295 4.346605
v -0.935114 0.806095 4.044792
v -0.911212 0.804385 3.904334
v -0.879482 0.802431 3.772226
v -0.838726 0.800306 3.649553
v -0.787736 0.798257 3.537535
v -0.725396 0.796742 3.437203
v -0.678163 1.065126 6.561588
v -0.725907 1.068180 6.492723
v -0.767291 1.071939 6.417166
v -0.802755 1.076223 6.335062
v -0.841609 1.082081 6.216138
v -0.871882 1.087489 6.087489
v -0.894743 1.092145 5.949978
v -0.922252 1.098026 5.651845
v -0.932387 1.100192 5.331481
v -0.933835 1.100502 5.000000
v -0.932387 1.100192 4.668519
v -0.922252 1.098026 4.348155
v -0.894743 1.092145 4.050022
v -0.871882 1.087489 3.912511
v -0.841609 1.082081 3.783862
v -0.802755 1.076223 3.664938
v -0.754176 1.070619 3.556914
v -0.694812 1.066054 3.460614
v -0.712399 0.936770 3.447238
v -0.773640 0.939389 3.545761
v -0.823693 0.942929 3.656053
v -0.863646 0.946601 3.777172
v -0.894743 0.949978 3.907855
v -0.918210 0.952932 4.047068
v -0.946445 0.956733 4.347279
v -0.956847 0.958133 4.668410
v -0.958333 0.958333 5.000000
v -0.956847 0.958133 5.331590
v -0.946445 0.956733 5.652721
v -0.918210 0.952932 5.952932
v -0.894743 0.949978 6.092145
v -0.863646 0.946601 6.222828
v -0.823693 0.942929 6.343947
v -0.787163 0.940214 6.427748
v -0.744481 0.937922 6.505006
v -0.695223 0.936338 6.575490
v -0.656847 1.181308 6.544820
v -0.702033 1.187124 6.477800
v -0.741302 1.193134 6.404269
v -0.775130 1.199515 6.324290
v -0.812431 1.208181 6.208181
v -0.841609 1.216138 6.082081
v -0.863646 1.222828 5.946601
v -0.890097 1.231090 5.650845
v -0.899842 1.234133 5.331356
v -0.901235 1.234568 5.000000
v -0.899842 1.234133 4.668644
v -0.890097 1.231090 4.349155
v -0.863646 1.222828 4.053399
v -0.841609 1.216138 3.917919
v -0.812431 1.208181 3.791819
v -0.775130 1.199515 3.675710
v -0.728840 1.191098 3.570501
v -0.672596 1.183236 3.476793
v -0.583970 1.413380 6.490113
v -0.617146 1.430373 6.430373
v -0.646336 1.446172 6.365428
v -0.672310 1.460593 6.293892
v -0.702033 1.477800 6.187124
v -0.725907 1.492723 6.068180
v -0.744481 1.505006 5.937922
v -0.767148 1.520267 5.648273
v -0.775500 1.525889 5.331034
v -0.776693 1.526693 5.000000
v -0.775500 1.525889 4.668966
v -0.767148 1.520267 4.351727
v -0.744481 1.505006 4.062078
v -0.725907 1.492723 3.931820
v -0.702033 1.477800 3.812876
v -0.672310 1.460593 3.706108
v -0.637002 1.441050 3.612260
v -0.595519 1.419165 3.529308
v -0.645294 1.287460 3.495575
v -0.697035 1.300095 3.586011
v -0.740080 1.312315 3.687685
v -0.775130 1.324290 3.800485
v -0.802755 1.335062 3.923777
v -0.823693 1.343947 4.057071
v -0.848802 1.354804 4.350243
v -0.858053 1.358804 4.668780
v -0.859375 1.359375 5.000000
v -0.858053 1.358804 5.331220
v -0.848802 1.354804 5.649757
v -0.823693 1.343947 5.942929
v -0.802755 1.335062 6.076223
v -0.775130 1.324290 6.199515
v -0.740080 1.312315 6.312315
v -0.708575 1.303150 6.389636
v -0.672310 1.293892 6.460594
v -0.630890 1.284119 6.525313
vt 0.000000 0.250000 0.000000
vt 0.000000 0.000000 0.000000
vt 0.166667 0.166667 0.000000
vt 0.250000 0.000000 0.000000
vt 0.333333 0.166667 0.000000
vt 0.500000 0.000000 0.000000
vt 0.500000 0.166667 0.000000
vt 0.666667 0.166667 0.000000
vt 0.500000 0.333333 0.000000
vt 0.666667 0.333333 0.000000
vt 0.500000 0.500000 0.000000
vt 0.666667 0.500000 0.000000
vt 0.500000 0.666667 0.000000
vt 0.666667 0.666667 0.000000
vt 0.500000 0.833333 0.000000
vt 0.666667 0.833333 0.000000
vt 0.500000 1.000000 0.000000
vt 0.666667 1.000000 0.000000
vt 0.500000 1.166667 0.000000
vt 0.666667 1.166667 0.000000
vt 0.500000 1.333333 0.000000
vt 0.666667 1.333333 0.000000
vt 0.500000 1.500000 0.000000
vt 0.666667 1.500000 0.000000
vt 0.500000 1.666667 0.000000
vt 0.666667 1.666667 0.000000
vt 0.500000 2.000000 0.000000
vt 0.666667 2.000000 0.000000
vt 0.500000 2.333333 0.000000
vt 0.666667 2.333333 0.000000
vt 0.500000 2.500000 0.000000
vt 0.666667 2.500000 0.000000
vt 0.500000 2.666667 0.000000
vt 0.666667 2.666667 0.000000
vt 0.500000 2.833333 0.000000
vt 0.666667 2.833333 0.000000
vt 0.500000 3.000000 0.000000
vt 0.666667 3.000000 0.000000
vt 0.500000 3.166667 0.000000
vt 0.666667 3.166667 0.000000
vt 0.500000 3.333333 0.000000
vt 0.666667 3.333333 0.000000
vt 0.500000 3.500000 0.000000
vt 0.666667 3.500000 0.000000
vt 0.500000 3.750000 0.000000
vt 0.666667 3.750000 0.000000
vt 0.500000 4.000000 0.000000
vt 0.750000 4.000000 0.000000
vt 0.833333 3.750000 0.000000
vt 1.000000 4.000000 0.000000
vt 1.000000 3.750000 0.000000
vt 1.250000 4.000000 0.000000
vt 1.333333 3.750000 0.000000
vt 1.500000 4.000000 0.000000
vt 1.666667 3.750000 0.000000
vt 2.000000 4.000000 0.000000
vt 2.000000 3.750000 0.000000
vt 2.333333 3.750000 0.000000
vt 2.333333 3.500000 0.000000
vt 2.666667 3.500000 0.000000
vt 2.666667 3.333333 0.000000
vt 3.000000 3.333333 0.000000
vt 3.000000 3.166667 0.000000
vt 3.166667 3.166667 0.000000
vt 3.166667 3.000000 0.000000
vt 3.333333 3.000000 0.000000
vt 3.333333 2.833333 0.000000
vt 3.500000 2.833333 0.000000
vt 3.500000 2.666667 0.000000
vt 3.625000 2.666667 0.000000
vt 3.625000 2.500000 0.000000
vt 3.750000 2.500000 0.000000
vt 3.750000 2.333333 0.000000
vt 3.875000 2.333333 0.000000
vt 3.875000 2.000000 0.000000
vt 4.000000 2.000000 0.000000
vt 3.875000 1.666667 0.000000
vt 4.000000 1.500000 0.000000
vt 3.875000 1.500000 0.000000
vt 3.875000 1.333333 0.000000
vt 3.750000 1.500000 0.000000
vt 3.750000 1.333333 0.000000
vt 3.625000 1.500000 0.000000
vt 3.625000 1.333333 0.000000
vt 3.500000 1.500000 0.000000
vt 3.500000 1.333333 0.000000
vt 3.333333 1.500000 0.000000
vt 3.333333 1.333333 0.000000
vt 3.166667 1.500000 0.000000
vt 3.166667 1.333333 0.000000
vt 3.000000 1.500000 0.000000
vt 3.000000 1.333333 0.000000
vt 2.666667 1.500000 0.000000
vt 2.666667 1.333333 0.000000
vt 2.333333 1.500000 0.000000
vt 2.333333 1.333333 0.000000
vt 2.000000 1.500000 0.000000
vt 2.000000 1.333333 0.000000
vt 1.666667 1.500000 0.000000
vt 1.666667 1.333333 0.000000
vt 1.333333 1.500000 0.000000
vt 1.333333 1.333333 0.000000
vt 1.000000 1.500000 0.000000
vt 1.000000 1.333333 0.000000
vt 0.833333 1.500000 0.000000
vt 0.833333 1.333333 0.000000
vt 0.750000 0.000000 0.000000
vt 0.833333 0.166667 0.000000
vt 0.833333 0.333333 0.000000
vt 0.833333 0.500000 0.000000
vt 0.833333 0.666667 0.000000
vt 0.833333 0.833333 0.000000
vt 0.833333 1.000000 0.000000
vt 0.833333 1.166667 0.000000
vt 1.000000 0.000000 0.000000
vt 1.000000 0.166667 0.000000
vt 1.000000 0.333333 0.000000
vt 1.000000 0.500000 0.000000
vt 1.000000 0.666667 0.000000
vt 1.000000 0.833333 0.000000
vt 1.000000 1.000000 0.000000
vt 1.000000 1.166667 0.000000
vt 1.250000 0.000000 0.000000
vt 1.333333 0.166667 0.000000
vt 1.333333 0.333333 0.000000
vt 1.333333 0.500000 0.000000
vt 1.333333 0.666667 0.000000
vt 1.333333 0.833333 0.000000
vt 1.333333 1.000000 0.000000
vt 1.333333 1.166667 0.000000
vt 1.500000 0.000000 0.000000
vt 1.666667 0.166667 0.000000
vt 1.666667 0.333333 0.000000
vt 1.666667 0.500000 0.000000
vt 1.666667 0.666667 0.000000
vt 1.666667 0.833333 0.000000
vt 1.666667 1.000000 0.000000
vt 1.666667 1.166667 0.000000
vt 2.000000 0.000000 0.000000
vt 2.000000 0.166667 0.000000
vt 2.000000 0.333333 0.000000
vt 2.000000 0.500000 0.000000
vt 2.000000 0.666667 0.000000
vt 2.000000 0.833333 0.000000
vt 2.000000 1.000000 0.000000
vt 2.000000 1.166667 0.000000
vt 2.333333 0.166667 0.000000
vt 2.500000 0.000000 0.000000
vt 2.666667 0.166667 0.000000
vt 2.750000 0.000000 0.000000
vt 3.000000 0.166667 0.000000
vt 3.000000 0.000000 0.000000
vt 3.166667 0.166667 0.000000
vt 3.250000 0.000000 0.000000
vt 3.333333 0.166667 0.000000
vt 3.500000 0.000000 0.000000
vt 3.500000 0.166667 0.000000
vt 3.625000 0.166667 0.000000
vt 3.500000 0.333333 0.000000
vt 3.625000 0.333333 0.000000
vt 3.500000 0.500000 0.000000
vt 3.625000 0.500000 0.000000
vt 3.500000 0.666667 0.000000
vt 3.625000 0.666667 0.000000
vt 3.500000 0.833333 0.000000
vt 3.625000 0.833333 0.000000
vt 3.500000 1.000000 0.000000
vt 3.625000 1.000000 0.000000
vt 3.500000 1.166667 0.000000
vt 3.625000 1.166667 0.000000
vt 3.750000 0.000000 0.000000
vt 3.750000 0.166667 0.000000
vt 3.750000 0.333333 0.000000
vt 3.750000 0.500000 0.000000
vt 3.750000 0.666667 0.000000
vt 3.750000 0.833333 0.000000
vt 3.750000 1.000000 0.000000
vt 3.750000 1.166667 0.000000
vt 3.875000 0.166667 0.000000
vt 4.000000 0.000000 0.000000
vt 4.000000 0.250000 0.000000
vt 3.875000 0.333333 0.000000
vt 4.000000 0.500000 0.000000
vt 3.875000 0.500000 0.000000
vt 3.875000 0.666667 0.000000
vt 4.000000 0.750000 0.000000
vt 3.875000 0.833333 0.000000
vt 4.000000 1.000000 0.000000
vt 3.875000 1.000000 0.000000
vt 3.875000 1.166667 0.000000
vt 4.000000 1.250000 0.000000
vt 4.000000 2.500000 0.000000
vt 3.875000 2.500000 0.000000
vt 3.750000 2.666667 0.000000
vt 3.625000 2.833333 0.000000
vt 3.500000 3.000000 0.000000
vt 3.333333 3.166667 0.000000
vt 3.166667 3.333333 0.000000
vt 3.000000 3.500000 0.000000
vt 2.666667 3.750000 0.000000
vt 2.500000 4.000000 0.000000
vt 3.875000 2.666667 0.000000
vt 4.000000 2.750000 0.000000
vt 3.875000 2.833333 0.000000
vt 4.000000 3.000000 0.000000
vt 3.875000 3.000000 0.000000
vt 3.875000 3.166667 0.000000
vt 3.750000 3.166667 0.000000
vt 3.750000 3.333333 0.000000
vt 3.625000 3.333333 0.000000
vt 3.625000 3.500000 0.000000
vt 3.500000 3.500000 0.000000
vt 3.500000 3.750000 0.000000
vt 3.333333 3.750000 0.000000
vt 3.500000 4.000000 0.000000
vt 3.250000 4.000000 0.000000
vt 4.000000 3.250000 0.000000
vt 3.875000 3.333333 0.000000
vt 3.750000 3.500000 0.000000
vt 3.625000 3.750000 0.000000
vt 4.000000 3.500000 0.000000
vt 3.875000 3.500000 0.000000
vt 3.750000 3.750000 0.000000
vt 3.750000 4.000000 0.000000
vt 3.875000 3.750000 0.000000
vt 4.000000 3.750000 0.000000
vt 4.000000 4.000000 0.000000
vt 3.166667 3.750000 0.000000
vt 3.000000 4.000000 0.000000
vt 3.000000 3.750000 0.000000
vt 2.750000 4.000000 0.000000
vt 0.333333 3.750000 0.000000
vt 0.250000 4.000000 0.000000
vt 0.166667 3.750000 0.000000
vt 0.000000 4.000000 0.000000
vt 0.000000 3.750000 0.000000
vt 0.166667 3.500000 0.000000
vt 0.000000 3.500000 0.000000
vt 0.166667 3.333333 0.000000
vt 0.000000 3.250000 0.000000
vt 0.166667 3.166667 0.000000
vt 0.000000 3.000000 0.000000
vt 0.166667 3.000000 0.000000
vt 0.166667 2.833333 0.000000
vt 0.333333 2.833333 0.000000
vt 0.333333 2.666667 0.000000
vt 0.000000 2.750000 0.000000
vt 0.166667 2.666667 0.000000
vt 0.333333 2.500000 0.000000
vt 0.000000 2.500000 0.000000
vt 0.166667 2.500000 0.000000
vt 0.333333 2.333333 0.000000
vt 0.166667 2.333333 0.000000
vt 0.000000 2.000000 0.000000
vt 0.166667 2.000000 0.000000
vt 0.166667 1.666667 0.000000
vt 0.333333 1.666667 0.000000
vt 0.333333 1.500000 0.000000
vt 0.000000 1.500000 0.000000
vt 0.166667 1.500000 0.000000
vt 0.333333 1.333333 0.000000
vt 0.166667 1.333333 0.000000
vt 0.000000 1.250000 0.000000
vt 0.166667 1.166667 0.000000
vt 0.000000 1.000000 0.000000
vt 0.166667 1.000000 0.000000
vt 0.166667 0.833333 0.000000
vt 0.333333 0.833333 0.000000
vt 0.333333 0.666667 0.000000
vt 0.000000 0.750000 0.000000
vt 0.166667 0.666667 0.000000
vt 0.333333 0.500000 0.000000
vt 0.000000 0.500000 0.000000
vt 0.166667 0.500000 0.000000
vt 0.333333 0.333333 0.000000
vt 0.166667 0.333333 0.000000
vt 3.333333 0.333333 0.000000
vt 3.333333 0.500000 0.000000
vt 3.333333 0.666667 0.000000
vt 3.333333 0.833333 0.000000
vt 3.333333 1.000000 0.000000
vt 3.333333 1.166667 0.000000
vt 3.166667 0.333333 0.000000
vt 3.166667 0.500000 0.000000
vt 3.166667 0.666667 0.000000
vt 3.166667 0.833333 0.000000
vt 3.166667 1.000000 0.000000
vt 3.166667 1.166667 0.000000
vt 3.000000 0.333333 0.000000
vt 3.000000 0.500000 0.000000
vt 3.000000 0.666667 0.000000
vt 3.000000 0.833333 0.000000
vt 3.000000 1.000000 0.000000
vt 3.000000 1.166667 0.000000
vt 2.666667 0.333333 0.000000
vt 2.666667 0.500000 0.000000
vt 2.666667 0.666667 0.000000
vt 2.666667 0.833333 0.000000
vt 2.666667 1.000000 0.000000
vt 2.666667 1.166667 0.000000
vt 2.333333 0.333333 0.000000
vt 2.333333 0.500000 0.000000
vt 2.333333 0.666667 0.000000
vt 2.333333 0.833333 0.000000
vt 2.333333 1.000000 0.000000
vt 2.333333 1.166667 0.000000
vt 0.333333 1.000000 0.000000
vt 0.333333 1.166667 0.000000
vt 3.750000 1.666667 0.000000
vt 3.750000 2.000000 0.000000
vt 3.625000 1.666667 0.000000
vt 3.625000 2.000000 0.000000
vt 3.625000 2.333333 0.000000
vt 3.500000 1.666667 0.000000
vt 3.500000 2.000000 0.000000
vt 3.500000 2.333333 0.000000
vt 3.500000 2.500000 0.000000
vt 3.333333 1.666667 0.000000
vt 3.333333 2.000000 0.000000
vt 3.333333 2.333333 0.000000
vt 3.333333 2.500000 0.000000
vt 3.333333 2.666667 0.000000
vt 3.166667 1.666667 0.000000
vt 3.166667 2.000000 0.000000
vt 3.166667 2.333333 0.000000
vt 3.166667 2.500000 0.000000
vt 3.166667 2.666667 0.000000
vt 3.166667 2.833333 0.000000
vt 3.000000 1.666667 0.000000
vt 3.000000 2.000000 0.000000
vt 3.000000 2.333333 0.000000
vt 3.000000 2.500000 0.000000
vt 3.000000 2.666667 0.000000
vt 3.000000 2.833333 0.000000
vt 3.000000 3.000000 0.000000
vt 2.666667 1.666667 0.000000
vt 2.666667 2.000000 0.000000
vt 2.666667 2.333333 0.000000
vt 2.666667 2.500000 0.000000
vt 2.666667 2.666667 0.000000
vt 2.666667 2.833333 0.000000
vt 2.666667 3.000000 0.000000
vt 2.666667 3.166667 0.000000
vt 2.333333 1.666667 0.000000
vt 2.333333 2.000000 0.000000
vt 2.333333 2.333333 0.000000
vt 2.333333 2.500000 0.000000
vt 2.333333 2.666667 0.000000
vt 2.333333 2.833333 0.000000
vt 2.333333 3.000000 0.000000
vt 2.333333 3.166667 0.000000
vt 2.333333 3.333333 0.000000
vt 2.000000 1.666667 0.000000
vt 2.000000 2.000000 0.000000
vt 2.000000 2.333333 0.000000
vt 2.000000 2.500000 0.000000
vt 2.000000 2.666667 0.000000
vt 2.000000 2.833333 0.000000
vt 2.000000 3.000000 0.000000
vt 2.000000 3.166667 0.000000
vt 2.000000 3.333333 0.000000
vt 2.000000 3.500000 0.000000
vt 1.666667 1.666667 0.000000
vt 1.666667 2.000000 0.000000
vt 1.666667 2.333333 0.000000
vt 1.666667 2.500000 0.000000
vt 1.666667 2.666667 0.000000
vt 1.666667 2.833333 0.000000
vt 1.666667 3.000000 0.000000
vt 1.666667 3.166667 0.000000
vt 1.666667 3.333333 0.000000
vt 1.666667 3.500000 0.000000
vt 1.333333 1.666667 0.000000
vt 1.333333 2.000000 0.000000
vt 1.333333 2.333333 0.000000
vt 1.333333 2.500000 0.000000
vt 1.333333 2.666667 0.000000
vt 1.333333 2.833333 0.000000
vt 1.333333 3.000000 0.000000
vt 1.333333 3.166667 0.000000
vt 1.333333 3.333333 0.000000
vt 1.333333 3.500000 0.000000
vt 1.000000 1.666667 0.000000
vt 1.000000 2.000000 0.000000
vt 1.000000 2.333333 0.000000
vt 1.000000 2.500000 0.000000
vt 1.000000 2.666667 0.000000
vt 1.000000 2.833333 0.000000
vt 1.000000 3.000000 0.000000
vt 1.000000 3.166667 0.000000
vt 1.000000 3.333333 0.000000
vt 1.000000 3.500000 0.000000
vt 0.833333 1.666667 0.000000
vt 0.833333 2.000000 0.000000
vt 0.833333 2.333333 0.000000
vt 0.833333 2.500000 0.000000
vt 0.833333 2.666667 0.000000
vt 0.833333 2.833333 0.000000
vt 0.833333 3.000000 0.000000
vt 0.833333 3.166667 0.000000
vt 0.833333 3.333333 0.000000
vt 0.833333 3.500000 0.000000
vt 0.333333 2.000000 0.000000
vt 3.750000 2.833333 0.000000
vt 3.625000 3.000000 0.000000
vt 3.500000 3.166667 0.000000
vt 3.333333 3.333333 0.000000
vt 3.166667 3.500000 0.000000
vt 3.750000 3.000000 0.000000
vt 3.625000 3.166667 0.000000
vt 3.500000 3.333333 0.000000
vt 3.333333 3.500000 0.000000
vt 0.333333 3.000000 0.000000
vt 0.333333 3.166667 0.000000
vt 0.333333 3.333333 0.000000
vt 0.333333 3.500000 0.000000
vt 0.000000 0.250000 0.000000
vt 0.000000 0.000000 0.000000
vt 0.166667 0.166667 0.000000
vt 0.250000 0.000000 0.000000
vt 0.333333 0.166667 0.000000
vt 0.500000 0.000000 0.000000
vt 0.500000 0.166667 0.000000
vt 0.666667 0.166667 0.000000
vt 0.500000 0.333333 0.000000
vt 0.666667 0.333333 0.000000
vt 0.500000 0.500000 0.000000
vt 0.666667 0.500000 0.000000
vt 0.500000 0.666667 0.000000
vt 0.666667 0.666667 0.000000
vt 0.500000 0.833333 0.000000
vt 0.666667 0.833333 0.000000
vt 0.500000 1.000000 0.000000
vt 0.666667 1.000000 0.000000
vt 0.500000 1.166667 0.000000
vt 0.666667 1.166667 0.000000
vt 0.500000 1.333333 0.000000
vt 0.666667 1.333333 0.000000
vt 0.500000 1.500000 0.000000
vt 0.666667 1.500000 0.000000
vt 0.500000 1.666667 0.000000
vt 0.666667 1.666667 0.000000
vt 0.500000 2.000000 0.000000
vt 0.666667 2.000000 0.000000
vt 0.500000 2.333333 0.000000
vt 0.666667 2.333333 0.000000
vt 0.500000 2.500000 0.000000
vt 0.666667 2.500000 0.000000
vt 0.500000 2.666667 0.000000
vt 0.666667 2.666667 0.000000
vt 0.500000 2.833333 0.000000
vt 0.666667 2.833333 0.000000
vt 0.500000 3.000000 0.000000
vt 0.666667 3.000000 0.000000
vt 0.500000 3.166667 0.000000
vt 0.666667 3.166667 0.000000
vt 0.500000 3.333333 0.000000
vt 0.666667 3.333333 0.000000
vt 0.500000 3.500000 0.000000
vt 0.666667 3.500000 0.000000
vt 0.500000 3.750000 0.000000
vt 0.666667 3.750000 0.000000
vt 0.500000 4.000000 0.000000
vt 0.750000 4.000000 0.000000
vt 0.833333 3.750000 0.000000
vt 1.000000 4.000000 0.000000
vt 1.000000 3.750000 0.000000
vt 1.250000 4.000000 0.000000
vt 1.333333 3.750000 0.000000
vt 1.500000 4.000000 0.000000
vt 1.666667 3.750000 0.000000
vt 2.000000 4.000000 0.000000
vt 2.000000 3.750000 0.000000
vt 2.333333 3.750000 0.000000
vt 2.333333 3.500000 0.000000
vt 2.666667 3.500000 0.000000
vt 2.666667 3.333333 0.000000
vt 3.000000 3.333333 0.000000
vt 3.000000 3.166667 0.000000
vt 3.166667 3.166667 0.000000
vt 3.166667 3.000000 0.000000
vt 3.333333 3.000000 0.000000
vt 3.333333 2.833333 0.000000
vt 3.500000 2.833333 0.000000
vt 3.500000 2.666667 0.000000
vt 3.625000 2.666667 0.000000
vt 3.625000 2.500000 0.000000
vt 3.750000 2.500000 0.000000
vt 3.750000 2.333333 0.000000
vt 3.875000 2.333333 0.000000
vt 3.875000 2.000000 0.000000
vt 4.000000 2.000000 0.000000
vt 3.875000 1.666667 0.000000
vt 4.000000 1.500000 0.000000
vt 3.875000 1.500000 0.000000
vt 3.875000 1.333333 0.000000
vt 3.750000 1.500000 0.000000
vt 3.750000 1.333333 0.000000
vt 3.625000 1.500000 0.000000
vt 3.625000 1.333333 0.000000
vt 3.500000 1.500000 0.000000
vt 3.500000 1.333333 0.000000
vt 3.333333 1.500000 0.000000
vt 3.333333 1.333333 0.000000
vt 3.166667 1.500000 0.000000
vt 3.166667 1.333333 0.000000
vt 3.000000 1.500000 0.000000
vt 3.000000 1.333333 0.000000
vt 2.666667 1.500000 0.000000
vt 2.666667 1.333333 0.000000
vt 2.333333 1.500000 0.000000
vt 2.333333 1.333333 0.000000
vt 2.000000 1.500000 0.000000
vt 2.000000 1.333333 0.000000
vt 1.666667 1.500000 0.000000
vt 1.666667 1.333333 0.000000
vt 1.333333 1.500000 0.000000
vt 1.333333 1.333333 0.000000
vt 1.000000 1.500000 0.000000
vt 1.000000 1.333333 0.000000
vt 0.833333 1.500000 0.000000
vt 0.833333 1.333333 0.000000
vt 0.750000 0.000000 0.000000
vt 0.833333 0.166667 0.000000
vt 0.833333 0.333333 0.000000
vt 0.833333 0.500000 0.000000
vt 0.833333 0.666667 0.000000
vt 0.833333 0.833333 0.000000
vt 0.833333 1.000000 0.000000
vt 0.833333 1.166667 0.000000
vt 1.000000 0.000000 0.000000
vt 1.000000 0.166667 0.000000
vt 1.000000 0.333333 0.000000
vt 1.000000 0.500000 0.000000
vt 1.000000 0.666667 0.000000
vt 1.000000 0.833333 0.000000
vt 1.000000 1.000000 0.000000
vt 1.000000 1.166667 0.000000
vt 1.250000 0.000000 0.000000
vt 1.333333 0.166667 0.000000
vt 1.333333 0.333333 0.000000
vt 1.333333 0.500000 0.000000
vt 1.333333 0.666667 0.000000
vt 1.333333 0.833333 0.000000
vt 1.333333 1.000000 0.000000
vt 1.333333 1.166667 0.000000
vt 1.500000 0.000000 0.000000
vt 1.666667 0.166667 0.000000
vt 1.666667 0.333333 0.000000
vt 1.666667 0.500000 0.000000
vt 1.666667 0.666667 0.000000
vt 1.666667 0.833333 0.000000
vt 1.666667 1.000000 0.000000
vt 1.666667 1.166667 0.000000
vt 2.000000 0.000000 0.000000
vt 2.000000 0.166667 0.000000
vt 2.000000 0.333333 0.000000
vt 2.000000 0.500000 0.000000
vt 2.000000 0.666667 0.000000
vt 2.000000 0.833333 0.000000
vt 2.000000 1.000000 0.000000
vt 2.000000 1.166667 0.000000
vt 2.333333 0.166667 0.000000
vt 2.500000 0.000000 0.000000
vt 2.666667 0.166667 0.000000
vt 2.750000 0.000000 0.000000
vt 3.000000 0.166667 0.000000
vt 3.000000 0.000000 0.000000
vt 3.166667 0.166667 0.000000
vt 3.250000 0.000000 0.000000
vt 3.333333 0.166667 0.000000
vt 3.500000 0.000000 0.000000
vt 3.500000 0.166667 0.000000
vt 3.625000 0.166667 0.000000
vt 3.500000 0.333333 0.000000
vt 3.625000 0.333333 0.000000
vt 3.500000 0.500000 0.000000
vt 3.625000 0.500000 0.000000
vt 3.500000 0.666667 0.000000
vt 3.625000 0.666667 0.000000
vt 3.500000 0.833333 0.000000
vt 3.625000 0.833333 0.000000
vt 3.500000 1.000000 0.000000
vt 3.625000 1.000000 0.000000
vt 3.500000 1.166667 0.000000
vt 3.625000 1.166667 0.000000
vt 3.750000 0.000000 0.000000
vt 3.750000 0.166667 0.000000
vt 3.750000 0.333333 0.000000
vt 3.750000 0.500000 0.000000
vt 3.750000 0.666667 0.000000
vt 3.750000 0.833333 0.000000
vt 3.750000 1.000000 0.000000
vt 3.750000 1.166667 0.000000
vt 3.875000 0.166667 0.000000
vt 4.000000 0.000000 0.000000
vt 4.000000 0.250000 0.000000
vt 3.875000 0.333333 0.000000
vt 4.000000 0.500000 0.000000
vt 3.875000 0.500000 0.000000
vt 3.875000 0.666667 0.000000
vt 4.000000 0.750000 0.000000
vt 3.875000 0.833333 0.000000
vt 4.000000 1.000000 0.000000
vt 3.875000 1.000000 0.000000
vt 3.875000 1.166667 0.000000
vt 4.000000 1.250000 0.000000
vt 4.000000 2.500000 0.000000
vt 3.875000 2.500000 0.000000
vt 3.750000 2.666667 0.000000
vt 3.625000 2.833333 0.000000
vt 3.500000 3.000000 0.000000
vt 3.333333 3.166667 0.000000
vt 3.166667 3.333333 0.000000
vt 3.000000 3.500000 0.000000
vt 2.666667 3.750000 0.000000
vt 2.500000 4.000000 0.000000
vt 3.875000 2.666667 0.000000
vt 4.000000 2.750000 0.000000
vt 3.875000 2.833333 0.000000
vt 4.000000 3.000000 0.000000
vt 3.875000 3.000000 0.000000
vt 3.875000 3.166667 0.000000
vt 3.750000 3.166667 0.000000
vt 3.750000 3.333333 0.000000
vt 3.625000 3.333333 0.000000
vt 3.625000 3.500000 0.000000
vt 3.500000 3.500000 0.000000
vt 3.500000 3.750000 0.000000
vt 3.333333 3.750000 0.000000
vt 3.500000 4.000000 0.000000
vt 3.250000 4.000000 0.000000
vt 4.000000 3.250000 0.000000
vt 3.875000 3.333333 0.000000
vt 3.750000 3.500000 0.000000
vt 3.625000 3.750000 0.000000
vt 4.000000 3.500000 0.000000
vt 3.875000 3.500000 0.000000
vt 3.750000 3.750000 0.000000
vt 3.750000 4.000000 0.000000
vt 3.875000 3.750000 0.000000
vt 4.000000 3.750000 0.000000
vt 4.000000 4.000000 0.000000
vt 3.166667 3.750000 0.000000
vt 3.000000 4.000000 0.000000
vt 3.000000 3.750000 0.000000
vt 2.750000 4.000000 0.000000
vt 0.333333 3.750000 0.000000
vt 0.250000 4.000000 0.000000
vt 0.166667 3.750000 0.000000
vt 0.000000 4.000000 0.000000
vt 0.000000 3.750000 0.000000
vt 0.166667 3.500000 0.000000
vt 0.000000 3.500000 0.000000
vt 0.166667 3.333333 0.000000
vt 0.000000 3.250000 0.000000
vt 0.166667 3.166667 0.000000
vt 0.000000 3.000000 0.000000
vt 0.166667 3.000000 0.000000
vt 0.166667 2.833333 0.000000
vt 0.333333 2.833333 0.000000
vt 0.333333 2.666667 0.000000
vt 0.000000 2.750000 0.000000
vt 0.166667 2.666667 0.000000
vt 0.333333 2.500000 0.000000
vt 0.000000 2.500000 0.000000
vt 0.166667 2.500000 0.000000
vt 0.333333 2.333333 0.000000
vt 0.166667 2.333333 0.000000
vt 0.000000 2.000000 0.000000
vt 0.166667 2.000000 0.000000
vt 0.166667 1.666667 0.000000
vt 0.333333 1.666667 0.000000
vt 0.333333 1.500000 0.000000
vt 0.000000 1.500000 0.000000
vt 0.166667 1.500000 0.000000
vt 0.333333 1.333333 0.000000
vt 0.166667 1.333333 0.000000
vt 0.000000 1.250000 0.000000
vt 0.166667 1.166667 0.000000
vt 0.000000 1.000000 0.000000
vt 0.166667 1.000000 0.000000
vt 0.166667 0.833333 0.000000
vt 0.333333 0.833333 0.000000
vt 0.333333 0.666667 0.000000
vt 0.000000 0.750000 0.000000
vt 0.166667 0.666667 0.000000
vt 0.333333 0.500000 0.000000
vt 0.000000 0.500000 0.000000
vt 0.166667 0.500000 0.000000
vt 0.333333 0.333333 0.000000
vt 0.166667 0.333333 0.000000
vt 3.333333 0.333333 0.000000
vt 3.333333 0.500000 0.000000
vt 3.333333 0.666667 0.000000
vt 3.333333 0.833333 0.000000
vt 3.333333 1.000000 0.000000
vt 3.333333 1.166667 0.000000
vt 3.166667 0.333333 0.000000
vt 3.166667 0.500000 0.000000
vt 3.166667 0.666667 0.000000
vt 3.166667 0.833333 0.000000
vt 3.166667 1.000000 0.000000
vt 3.166667 1.166667 0.000000
vt 3.000000 0.333333 0.000000
vt 3.000000 0.500000 0.000000
vt 3.000000 0.666667 0.000000
vt 3.000000 0.833333 0.000000
vt 3.000000 1.000000 0.000000
vt 3.000000 1.166667 0.000000
vt 2.666667 0.333333 0.000000
vt 2.666667 0.500000 0.000000
vt 2.666667 0.666667 0.000000
vt 2.666667 0.833333 0.000000
vt 2.666667 1.000000 0.000000
vt 2.666667 1.166667 0.000000
vt 2.333333 0.333333 0.000000
vt 2.333333 0.500000 0.000000
vt 2.333333 0.666667 0.000000
vt 2.333333 0.833333 0.000000
vt 2.333333 1.000000 0.000000
vt 2.333333 1.166667 0.000000
vt 0.333333 1.000000 0.000000
vt 0.333333 1.166667 0.000000
vt 3.750000 1.666667 0.000000
vt 3.750000 2.000000 0.000000
vt 3.625000 1.666667 0.000000
vt 3.625000 2.000000 0.000000
vt 3.625000 2.333333 0.000000
vt 3.500000 1.666667 0.000000
vt 3.500000 2.000000 0.000000
vt 3.500000 2.333333 0.000000
vt 3.500000 2.500000 0.000000
vt 3.333333 1.666667 0.000000
vt 3.333333 2.000000 0.000000
vt 3.333333 2.333333 0.000000
vt 3.333333 2.500000 0.000000
vt 3.333333 2.666667 0.000000
vt 3.166667 1.666667 0.000000
vt 3.166667 2.000000 0.000000
vt 3.166667 2.333333 0.000000
vt 3.166667 2.500000 0.000000
vt 3.166667 2.666667 0.000000
vt 3.166667 2.833333 0.000000
vt 3.000000 1.666667 0.000000
vt 3.000000 2.000000 0.000000
vt 3.000000 2.333333 0.000000
vt 3.000000 2.500000 0.000000
vt 3.000000 2.666667 0.000000
vt 3.000000 2.833333 0.000000
vt 3.000000 3.000000 0.000000
vt 2.666667 1.666667 0.000000
vt 2.666667 2.000000 0.000000
vt 2.666667 2.333333 0.000000
vt 2.666667 2.500000 0.000000
vt 2.666667 2.666667 0.000000
vt 2.666667 2.833333 0.000000
vt 2.666667 3.000000 0.000000
vt 2.666667 3.166667 0.000000
vt 2.333333 1.666667 0.000000
vt 2.333333 2.000000 0.000000
vt 2.333333 2.333333 0.000000
vt 2.333333 2.500000 0.000000
vt 2.333333 2.666667 0.000000
vt 2.333333 2.833333 0.000000
vt 2.333333 3.000000 0.000000
vt 2.333333 3.166667 0.000000
vt 2.333333 3.333333 0.000000
vt 2.000000 1.666667 0.000000
vt 2.000000 2.000000 0.000000
vt 2.000000 2.333333 0.000000
vt 2.000000 2.500000 0.000000
vt 2.000000 2.666667 0.000000
vt 2.000000 2.833333 0.000000
vt 2.000000 3.000000 0.000000
vt 2.000000 3.166667 0.000000
vt 2.000000 3.333333 0.000000
vt 2.000000 3.500000 0.000000
vt 1.666667 1.666667 0.000000
vt 1.666667 2.000000 0.000000
vt 1.666667 2.333333 0.000000
vt 1.666667 2.500000 0.000000
vt 1.666667 2.666667 0.000000
vt 1.666667 2.833333 0.000000
vt 1.666667 3.000000 0.000000
vt 1.666667 3.166667 0.000000
vt 1.666667 3.333333 0.000000
vt 1.666667 3.500000 0.000000
vt 1.333333 1.666667 0.000000
vt 1.333333 2.000000 0.000000
vt 1.333333 2.333333 0.000000
vt 1.333333 2.500000 0.000000
vt 1.333333 2.666667 0.000000
vt 1.333333 2.833333 0.000000
vt 1.333333 3.000000 0.000000
vt 1.333333 3.166667 0.000000
vt 1.333333 3.333333 0.000000
vt 1.333333 3.500000 0.000000
vt 1.000000 1.666667 0.000000
vt 1.000000 2.000000 0.000000
vt 1.000000 2.333333 0.000000
vt 1.000000 2.500000 0.000000
vt 1.000000 2.666667 0.000000
vt 1.000000 2.833333 0.000000
vt 1.000000 3.000000 0.000000
vt 1.000000 3.166667 0.000000
vt 1.000000 3.333333 0.000000
vt 1.000000 3.500000 0.000000
vt 0.833333 1.666667 0.000000
vt 0.833333 2.000000 0.000000
vt 0.833333 2.333333 0.000000
vt 0.833333 2.500000 0.000000
vt 0.833333 2.666667 0.000000
vt 0.833333 2.833333 0.000000
vt 0.833333 3.000000 0.000000
vt 0.833333 3.166667 0.000000
vt 0.833333 3.333333 0.000000
vt 0.833333 3.500000 0.000000
vt 0.333333 2.000000 0.000000
vt 3.750000 2.833333 0.000000
vt 3.625000 3.000000 0.000000
vt 3.500000 3.166667 0.000000
vt 3.333333 3.333333 0.000000
vt 3.166667 3.500000 0.000000
vt 3.750000 3.000000 0.000000
vt 3.625000 3.166667 0.000000
vt 3.500000 3.333333 0.000000
vt 3.333333 3.500000 0.000000
vt 0.333333 3.000000 0.000000
vt 0.333333 3.166667 0.000000
vt 0.333333 3.333333 0.000000
vt 0.333333 3.500000 0.000000
vt 0.000000 0.250000 0.000000
vt 0.000000 0.000000 0.000000
vt 0.166667 0.166667 0.000000
vt 0.250000 0.000000 0.000000
vt 0.333333 0.166667 0.000000
vt 0.500000 0.000000 0.000000
vt 0.500000 0.166667 0.000000
vt 0.666667 0.166667 0.000000
vt 0.500000 0.333333 0.000000
vt 0.666667 0.333333 0.000000
vt 0.500000 0.500000 0.000000
vt 0.666667 0.500000 0.000000
vt 0.500000 0.666667 0.000000
vt 0.666667 0.666667 0.000000
vt 0.500000 0.833333 0.000000
vt 0.666667 0.833333 0.000000
vt 0.500000 1.000000 0.000000
vt 0.666667 1.000000 0.000000
vt 0.500000 1.166667 0.000000
vt 0.666667 1.166667 0.000000
vt 0.500000 1.333333 0.000000
vt 0.666667 1.333333 0.000000
vt 0.500000 1.500000 0.000000
vt 0.666667 1.500000 0.000000
vt 0.500000 1.666667 0.000000
vt 0.666667 1.666667 0.000000
vt 0.500000 2.000000 0.000000
vt 0.666667 2.000000 0.000000
vt 0.500000 2.333333 0.000000
vt 0.666667 2.333333 0.000000
vt 0.500000 2.500000 0.000000
vt 0.666667 2.500000 0.000000
vt 0.500000 2.666667 0.000000
vt 0.666667 2.666667 0.000000
vt 0.500000 2.833333 0.000000
vt 0.666667 2.833333 0.000000
vt 0.500000 3.000000 0.000000
vt 0.666667 3.000000 0.000000
vt 0.500000 3.166667 0.000000
vt 0.666667 3.166667 0.000000
vt 0.500000 3.333333 0.000000
vt 0.666667 3.333333 0.000000
vt 0.500000 3.500000 0.000000
vt 0.666667 3.500000 0.000000
vt 0.500000 3.750000 0.000000
vt 0.666667 3.750000 0.000000
vt 0.500000 4.000000 0.000000
vt 0.750000 4.000000 0.000000
vt 0.833333 3.750000 0.000000
vt 1.000000 4.000000 0.000000
vt 1.000000 3.750000 0.000000
vt 1.250000 4.000000 0.000000
vt 1.333333 3.750000 0.000000
vt 1.500000 4.000000 0.000000
vt 1.666667 3.750000 0.000000
vt 2.000000 4.000000 0.000000
vt 2.000000 3.750000 0.000000
vt 2.333333 3.750000 0.000000
vt 2.333333 3.500000 0.000000
vt 2.666667 3.500000 0.000000
vt 2.666667 3.333333 0.000000
vt 3.000000 3.333333 0.000000
vt 3.000000 3.166667 0.000000
vt 3.166667 3.166667 0.000000
vt 3.166667 3.000000 0.000000
vt 3.333333 3.000000 0.000000
vt 3.333333 2.833333 0.000000
vt 3.500000 2.833333 0.000000
vt 3.500000 2.666667 0.000000
vt 3.625000 2.666667 0.000000
vt 3.625000 2.500000 0.000000
vt 3.750000 2.500000 0.000000
vt 3.750000 2.333333 0.000000
vt 3.875000 2.333333 0.000000
vt 3.875000 2.000000 0.000000
vt 4.000000 2.000000 0.000000
vt 3.875000 1.666667 0.000000
vt 4.000000 1.500000 0.000000
vt 3.875000 1.500000 0.000000
vt 3.875000 1.333333 0.000000
vt 3.750000 1.500000 0.000000
vt 3.750000 1.333333 0.000000
vt 3.625000 1.500000 0.000000
vt 3.625000 1.333333 0.000000
vt 3.500000 1.500000 0.000000
vt 3.500000 1.333333 0.000000
vt 3.333333 1.500000 0.000000
vt 3.333333 1.333333 0.000000
vt 3.166667 1.500000 0.000000
vt 3.166667 1.333333 0.000000
vt 3.000000 1.500000 0.000000
vt 3.000000 1.333333 0.000000
vt 2.666667 1.500000 0.000000
vt 2.666667 1.333333 0.000000
vt 2.333333 1.500000 0.000000
vt 2.333333 1.333333 0.000000
vt 2.000000 1.500000 0.000000
vt 2.000000 1.333333 0.000000
vt 1.666667 1.500000 0.000000
vt 1.666667 1.333333 0.000000
vt 1.333333 1.500000 0.000000
vt 1.333333 1.333333 0.000000
vt 1.000000 1.500000 0.000000
vt 1.000000 1.333333 0.000000
vt 0.833333 1.500000 0.000000
vt 0.833333 1.333333 0.000000
vt 0.750000 0.000000 0.000000
vt 0.833333 0.166667 0.000000
vt 0.833333 0.333333 0.000000
vt 0.833333 0.500000 0.000000
vt 0.833333 0.666667 0.000000
vt 0.833333 0.833333 0.000000
vt 0.833333 1.000000 0.000000
vt 0.833333 1.166667 0.000000
vt 1.000000 0.000000 0.000000
vt 1.000000 0.166667 0.000000
vt 1.000000 0.333333 0.000000
vt 1.000000 0.500000 0.000000
vt 1.000000 0.666667 0.000000
vt 1.000000 0.833333 0.000000
vt 1.000000 1.000000 0.000000
vt 1.000000 1.166667 0.000000
vt 1.250000 0.000000 0.000000
vt 1.333333 0.166667 0.000000
vt 1.333333 0.333333 0.000000
vt 1.333333 0.500000 0.000000
vt 1.333333 0.666667 0.000000
vt 1.333333 0.833333 0.000000
vt 1.333333 1.000000 0.000000
vt 1.333333 1.166667 0.000000
vt 1.500000 0.000000 0.000000
vt 1.666667 0.166667 0.000000
vt 1.666667 0.333333 0.000000
vt 1.666667 0.500000 0.000000
vt 1.666667 0.666667 0.000000
vt 1.666667 0.833333 0.000000
vt 1.666667 1.000000 0.000000
vt 1.666667 1.166667 0.000000
vt 2.000000 0.000000 0.000000
vt 2.000000 0.166667 0.000000
vt 2.000000 0.333333 0.000000
vt 2.000000 0.500000 0.000000
vt 2.000000 0.666667 0.000000
vt 2.000000 0.833333 0.000000
vt 2.000000 1.000000 0.000000
vt 2.000000 1.166667 0.000000
vt 2.333333 0.166667 0.000000
vt 2.500000 0.000000 0.000000
vt 2.666667 0.166667 0.000000
vt 2.750000 0.000000 0.000000
vt 3.000000 0.166667 0.000000
vt 3.000000 0.000000 0.000000
vt 3.166667 0.166667 0.000000
vt 3.250000 0.000000 0.000000
vt 3.333333 0.166667 0.000000
vt 3.500000 0.000000 0.000000
vt 3.500000 0.166667 0.000000
vt 3.625000 0.166667 0.000000
vt 3.500000 0.333333 0.000000
vt 3.625000 0.333333 0.000000
vt 3.500000 0.500000 0.000000
vt 3.625000 0.500000 0.000000
vt 3.500000 0.666667 0.000000
vt 3.625000 0.666667 0.000000
vt 3.500000 0.833333 0.000000
vt 3.625000 0.833333 0.000000
vt 3.500000 1.000000 0.000000
vt 3.625000 1.000000 0.000000
vt 3.500000 1.166667 0.000000
vt 3.625000 1.166667 0.000000
vt 3.750000 0.000000 0.000000
vt 3.750000 0.166667 0.000000
vt 3.750000 0.333333 0.000000
vt 3.750000 0.500000 0.000000
vt 3.750000 0.666667 0.000000
vt 3.750000 0.833333 0.000000
vt 3.750000 1.000000 0.000000
vt 3.750000 1.166667 0.000000
vt 3.875000 0.166667 0.000000
vt 4.000000 0.000000 0.000000
vt 4.000000 0.250000 0.000000
vt 3.875000 0.333333 0.000000
vt 4.000000 0.500000 0.000000
vt 3.875000 0.500000 0.000000
vt 3.875000 0.666667 0.000000
vt 4.000000 0.750000 0.000000
vt 3.875000 0.833333 0.000000
vt 4.000000 1.000000 0.000000
vt 3.875000 1.000000 0.000000
vt 3.875000 1.166667 0.000000
vt 4.000000 1.250000 0.000000
vt 4.000000 2.500000 0.000000
vt 3.875000 2.500000 0.000000
vt 3.750000 2.666667 0.000000
vt 3.625000 2.833333 0.000000
vt 3.500000 3.000000 0.000000
vt 3.333333 3.166667 0.000000
vt 3.166667 3.333333 0.000000
vt 3.000000 3.500000 0.000000
vt 2.666667 3.750000 0.000000
vt 2.500000 4.000000 0.000000
vt 3.875000 2.666667 0.000000
vt 4.000000 2.750000 0.000000
vt 3.875000 2.833333 0.000000
vt 4.000000 3.000000 0.000000
vt 3.875000 3.000000 0.000000
vt 3.875000 3.166667 0.000000
vt 3.750000 3.166667 0.000000
vt 3.750000 3.333333 0.000000
vt 3.625000 3.333333 0.000000
vt 3.625000 3.500000 0.000000
vt 3.500000 3.500000 0.000000
vt 3.500000 3.750000 0.000000
vt 3.333333 3.750000 0.000000
vt 3.500000 4.000000 0.000000
vt 3.250000 4.000000 0.000000
vt 4.000000 3.250000 0.000000
vt 3.875000 3.333333 0.000000
vt 3.750000 3.500000 0.000000
vt 3.625000 3.750000 0.000000
vt 4.000000 3.500000 0.000000
vt 3.875000 3.500000 0.000000
vt 3.750000 3.750000 0.000000
vt 3.750000 4.000000 0.000000
vt 3.875000 3.750000 0.000000
vt 4.000000 3.750000 0.000000
vt 4.000000 4.000000 0.000000
vt 3.166667 3.750000 0.000000
vt 3.000000 4.000000 0.000000
vt 3.000000 3.750000 0.000000
vt 2.750000 4.000000 0.000000
vt 0.333333 3.750000 0.000000
vt 0.250000 4.000000 0.000000
vt 0.166667 3.750000 0.000000
vt 0.000000 4.000000 0.000000
vt 0.000000 3.750000 0.000000
vt 0.166667 3.500000 0.000000
vt 0.000000 3.500000 0.000000
vt 0.166667 3.333333 0.000000
vt 0.000000 3.250000 0.000000
vt 0.166667 3.166667 0.000000
vt 0.000000 3.000000 0.000000
vt 0.166667 3.000000 0.000000
vt 0.166667 2.833333 0.000000
vt 0.333333 2.833333 0.000000
vt 0.333333 2.666667 0.000000
vt 0.000000 2.750000 0.000000
vt 0.166667 2.666667 0.000000
vt 0.333333 2.500000 0.000000
vt 0.000000 2.500000 0.000000
vt 0.166667 2.500000 0.000000
vt 0.333333 2.333333 0.000000
vt 0.166667 2.333333 0.000000
vt 0.000000 2.000000 0.000000
vt 0.166667 2.000000 0.000000
vt 0.166667 1.666667 0.000000
vt 0.333333 1.666667 0.000000
vt 0.333333 1.500000 0.000000
vt 0.000000 1.500000 0.000000
vt 0.166667 1.500000 0.000000
vt 0.333333 1.333333 0.000000
vt 0.166667 1.333333 0.000000
vt 0.000000 1.250000 0.000000
vt 0.166667 1.166667 0.000000
vt 0.000000 1.000000 0.000000
vt 0.166667 1.000000 0.000000
vt 0.166667 0.833333 0.000000
vt 0.333333 0.833333 0.000000
vt 0.333333 0.666667 0.000000
vt 0.000000 0.750000 0.000000
vt 0.166667 0.666667 0.000000
vt 0.333333 0.500000 0.000000
vt 0.000000 0.500000 0.000000
vt 0.166667 0.500000 0.000000
vt 0.333333 0.333333 0.000000
vt 0.166667 0.333333 0.000000
vt 3.333333 0.333333 0.000000
vt 3.333333 0.500000 0.000000
vt 3.333333 0.666667 0.000000
vt 3.333333 0.833333 0.000000
vt 3.333333 1.000000 0.000000
vt 3.333333 1.166667 0.000000
vt 3.166667 0.333333 0.000000
vt 3.166667 0.500000 0.000000
vt 3.166667 0.666667 0.000000
vt 3.166667 0.833333 0.000000
vt 3.166667 1.000000 0.000000
vt 3.166667 1.166667 0.000000
vt 3.000000 0.333333 0.000000
vt 3.000000 0.500000 0.000000
vt 3.000000 0.666667 0.000000
vt 3.000000 0.833333 0.000000
vt 3.000000 1.000000 0.000000
vt 3.000000 1.166667 0.000000
vt 2.666667 0.333333 0.000000
vt 2.666667 0.500000 0.000000
vt 2.666667 0.666667 0.000000
vt 2.666667 0.833333 0.000000
vt 2.666667 1.000000 0.000000
vt 2.666667 1.166667 0.000000
vt 2.333333 0.333333 0.000000
vt 2.333333 0.500000 0.000000
vt 2.333333 0.666667 0.000000
vt 2.333333 0.833333 0.000000
vt 2.333333 1.000000 0.000000
vt 2.333333 1.166667 0.000000
vt 0.333333 1.000000 0.000000
vt 0.333333 1.166667 0.000000
vt 3.750000 1.666667 0.000000
vt 3.750000 2.000000 0.000000
vt 3.625000 1.666667 0.000000
vt 3.625000 2.000000 0.000000
vt 3.625000 2.333333 0.000000
vt 3.500000 1.666667 0.000000
vt 3.500000 2.000000 0.000000
vt 3.500000 2.333333 0.000000
vt 3.500000 2.500000 0.000000
vt 3.333333 1.666667 0.000000
vt 3.333333 2.000000 0.000000
vt 3.333333 2.333333 0.000000
vt 3.333333 2.500000 0.000000
vt 3.333333 2.666667 0.000000
vt 3.166667 1.666667 0.000000
vt 3.166667 2.000000 0.000000
vt 3.166667 2.333333 0.000000
vt 3.166667 2.500000 0.000000
vt 3.166667 2.666667 0.000000
vt 3.166667 2.833333 0.000000
vt 3.000000 1.666667 0.000000
vt 3.000000 2.000000 0.000000
vt 3.000000 2.333333 0.000000
vt 3.000000 2.500000 0.000000
vt 3.000000 2.666667 0.000000
vt 3.000000 2.833333 0.000000
vt 3.000000 3.000000 0.000000
vt 2.666667 1.666667 0.000000
vt 2.666667 2.000000 0.000000
vt 2.666667 2.333333 0.000000
vt 2.666667 2.500000 0.000000
vt 2.666667 2.666667 0.000000
vt 2.666667 2.833333 0.000000
vt 2.666667 3.000000 0.000000
vt 2.666667 3.166667 0.000000
vt 2.333333 1.666667 0.000000
vt 2.333333 2.000000 0.000000
vt 2.333333 2.333333 0.000000
vt 2.333333 2.500000 0.000000
vt 2.333333 2.666667 0.000000
vt 2.333333 2.833333 0.000000
vt 2.333333 3.000000 0.000000
vt 2.333333 3.166667 0.000000
vt 2.333333 3.333333 0.000000
vt 2.000000 1.666667 0.000000
vt 2.000000 2.000000 0.000000
vt 2.000000 2.333333 0.000000
vt 2.000000 2.500000 0.000000
vt 2.000000 2.666667 0.000000
vt 2.000000 2.833333 0.000000
vt 2.000000 3.000000 0.000000
vt 2.000000 3.166667 0.000000
vt 2.000000 3.333333 0.000000
vt 2.000000 3.500000 0.000000
vt 1.666667 1.666667 0.000000
vt 1.666667 2.000000 0.000000
vt 1.666667 2.333333 0.000000
vt 1.666667 2.500000 0.000000
vt 1.666667 2.666667 0.000000
vt 1.666667 2.833333 0.000000
vt 1.666667 3.000000 0.000000
vt 1.666667 3.166667 0.000000
vt 1.666667 3.333333 0.000000
vt 1.666667 3.500000 0.000000
vt 1.333333 1.666667 0.000000
vt 1.333333 2.000000 0.000000
vt 1.333333 2.333333 0.000000
vt 1.333333 2.500000 0.000000
vt 1.333333 2.666667 0.000000
vt 1.333333 2.833333 0.000000
vt 1.333333 3.000000 0.000000
vt 1.333333 3.166667 0.000000
vt 1.333333 3.333333 0.000000
vt 1.333333 3.500000 0.000000
vt 1.000000 1.666667 0.000000
vt 1.000000 2.000000 0.000000
vt 1.000000 2.333333 0.000000
vt 1.000000 2.500000 0.000000
vt 1.000000 2.666667 0.000000
vt 1.000000 2.833333 0.000000
vt 1.000000 3.000000 0.000000
vt 1.000000 3.166667 0.000000
vt 1.000000 3.333333 0.000000
vt 1.000000 3.500000 0.000000
vt 0.833333 1.666667 0.000000
vt 0.833333 2.000000 0.000000
vt 0.833333 2.333333 0.000000
vt 0.833333 2.500000 0.000000
vt 0.833333 2.666667 0.000000
vt 0.833333 2.833333 0.000000
vt 0.833333 3.000000 0.000000
vt 0.833333 3.166667 0.000000
vt 0.833333 3.333333 0.000000
vt 0.833333 3.500000 0.000000
vt 0.333333 2.000000 0.000000
vt 3.750000 2.833333 0.000000
vt 3.625000 3.000000 0.000000
vt 3.500000 3.166667 0.000000
vt 3.333333 3.333333 0.000000
vt 3.166667 3.500000 0.000000
vt 3.750000 3.000000 0.000000
vt 3.625000 3.166667 0.000000
vt 3.500000 3.333333 0.000000
vt 3.333333 3.500000 0.000000
vt 0.333333 3.000000 0.000000
vt 0.333333 3.166667 0.000000
vt 0.333333 3.333333 0.000000
vt 0.333333 3.500000 0.000000
vt 0.000000 0.250000 0.000000
vt 0.000000 0.000000 0.000000
vt 0.166667 0.166667 0.000000
vt 0.250000 0.000000 0.000000
vt 0.333333 0.166667 0.000000
vt 0.500000 0.000000 0.000000
vt 0.500000 0.166667 0.000000
vt 0.666667 0.166667 0.000000
vt 0.500000 0.333333 0.000000
vt 0.666667 0.333333 0.000000
vt 0.500000 0.500000 0.000000
vt 0.666667 0.500000 0.000000
vt 0.500000 0.666667 0.000000
vt 0.666667 0.666667 0.000000
vt 0.500000 0.833333 0.000000
vt 0.666667 0.833333 0.000000
vt 0.500000 1.000000 0.000000
vt 0.666667 1.000000 0.000000
vt 0.500000 1.166667 0.000000
vt 0.666667 1.166667 0.000000
vt 0.500000 1.333333 0.000000
vt 0.666667 1.333333 0.000000
vt 0.500000 1.500000 0.000000
vt 0.666667 1.500000 0.000000
vt 0.500000 1.666667 0.000000
vt 0.666667 1.666667 0.000000
vt 0.500000 2.000000 0.000000
vt 0.666667 2.000000 0.000000
vt 0.500000 2.333333 0.000000
vt 0.666667 2.333333 0.000000
vt 0.500000 2.500000 0.000000
vt 0.666667 2.500000 0.000000
vt 0.500000 2.666667 0.000000
vt 0.666667 2.666667 0.000000
vt 0.500000 2.833333 0.000000
vt 0.666667 2.833333 0.000000
vt 0.500000 3.000000 0.000000
vt 0.666667 3.000000 0.000000
vt 0.500000 3.166667 0.000000
vt 0.666667 3.166667 0.000000
vt 0.500000 3.333333 0.000000
vt 0.666667 3.333333 0.000000
vt 0.500000 3.500000 0.000000
vt 0.666667 3.500000 0.000000
vt 0.500000 3.750000 0.000000
vt 0.666667 3.750000 0.000000
vt 0.500000 4.000000 0.000000
vt 0.750000 4.000000 0.000000
vt 0.833333 3.750000 0.000000
vt 1.000000 4.000000 0.000000
vt 1.000000 3.750000 0.000000
vt 1.250000 4.000000 0.000000
vt 1.333333 3.750000 0.000000
vt 1.500000 4.000000 0.000000
vt 1.666667 3.750000 0.000000
vt 2.000000 4.000000 0.000000
vt 2.000000 3.750000 0.000000
vt 2.333333 3.750000 0.000000
vt 2.333333 3.500000 0.000000
vt 2.666667 3.500000 0.000000
vt 2.666667 3.333333 0.000000
vt 3.000000 3.333333 0.000000
vt 3.000000 3.166667 0.000000
vt 3.166667 3.166667 0.000000
vt 3.166667 3.000000 0.000000
vt 3.333333 3.000000 0.000000
vt 3.333333 2.833333 0.000000
vt 3.500000 2.833333 0.000000
vt 3.500000 2.666667 0.000000
vt 3.625000 2.666667 0.000000
vt 3.625000 2.500000 0.000000
vt 3.750000 2.500000 0.000000
vt 3.750000 2.333333 0.000000
vt 3.875000 2.333333 0.000000
vt 3.875000 2.000000 0.000000
vt 4.000000 2.000000 0.000000
vt 3.875000 1.666667 0.000000
vt 4.000000 1.500000 0.000000
vt 3.875000 1.500000 0.000000
vt 3.875000 1.333333 0.000000
vt 3.750000 1.500000 0.000000
vt 3.750000 1.333333 0.000000
vt 3.625000 1.500000 0.000000
vt 3.625000 1.333333 0.000000
vt 3.500000 1.500000 0.000000
vt 3.500000 1.333333 0.000000
vt 3.333333 1.500000 0.000000
vt 3.333333 1.333333 0.000000
vt 3.166667 1.500000 0.000000
vt 3.166667 1.333333 0.000000
vt 3.000000 1.500000 0.000000
vt 3.000000 1.333333 0.000000
vt 2.666667 1.500000 0.000000
vt 2.666667 1.333333 0.000000
vt 2.333333 1.500000 0.000000
vt 2.333333 1.333333 0.000000
vt 2.000000 1.500000 0.000000
vt 2.000000 1.333333 0.000000
vt 1.666667 1.500000 0.000000
vt 1.666667 1.333333 0.000000
vt 1.333333 1.500000 0.000000
vt 1.333333 1.333333 0.000000
vt 1.000000 1.500000 0.000000
vt 1.000000 1.333333 0.000000
vt 0.833333 1.500000 0.000000
vt 0.833333 1.333333 0.000000
vt 0.750000 0.000000 0.000000
vt 0.833333 0.166667 0.000000
vt 0.833333 0.333333 0.000000
vt 0.833333 0.500000 0.000000
vt 0.833333 0.666667 0.000000
vt 0.833333 0.833333 0.000000
vt 0.833333 1.000000 0.000000
vt 0.833333 1.166667 0.000000
vt 1.000000 0.000000 0.000000
vt 1.000000 0.166667 0.000000
vt 1.000000 0.333333 0.000000
vt 1.000000 0.500000 0.000000
vt 1.000000 0.666667 0.000000
vt 1.000000 0.833333 0.000000
vt 1.000000 1.000000 0.000000
vt 1.000000 1.166667 0.000000
vt 1.250000 0.000000 0.000000
vt 1.333333 0.166667 0.000000
vt 1.333333 0.333333 0.000000
vt 1.333333 0.500000 0.000000
vt 1.333333 0.666667 0.000000
vt 1.333333 0.833333 0.000000
vt 1.333333 1.000000 0.000000
vt 1.333333 1.166667 0.000000
vt 1.500000 0.000000 0.000000
vt 1.666667 0.166667 0.000000
vt 1.666667 0.333333 0.000000
vt 1.666667 0.500000 0.000000
vt 1.666667 0.666667 0.000000
vt 1.666667 0.833333 0.000000
vt 1.666667 1.000000 0.000000
vt 1.666667 1.166667 0.000000
vt 2.000000 0.000000 0.000000
vt 2.000000 0.166667 0.000000
vt 2.000000 0.333333 0.000000
vt 2.000000 0.500000 0.000000
vt 2.000000 0.666667 0.000000
vt 2.000000 0.833333 0.000000
vt 2.000000 1.000000 0.000000
vt 2.000000 1.166667 0.000000
vt 2.333333 0.166667 0.000000
vt 2.500000 0.000000 0.000000
vt 2.666667 0.166667 0.000000
vt 2.750000 0.000000 0.000000
vt 3.000000 0.166667 0.000000
vt 3.000000 0.000000 0.000000
vt 3.166667 0.166667 0.000000
vt 3.250000 0.000000 0.000000
vt 3.333333 0.166667 0.000000
vt 3.500000 0.000000 0.000000
vt 3.500000 0.166667 0.000000
vt 3.625000 0.166667 0.000000
vt 3.500000 0.333333 0.000000
vt 3.625000 0.333333 0.000000
vt 3.500000 0.500000 0.000000
vt 3.625000 0.500000 0.000000
vt 3.500000 0.666667 0.000000
vt 3.625000 0.666667 0.000000
vt 3.500000 0.833333 0.000000
vt 3.625000 0.833333 0.000000
vt 3.500000 1.000000 0.000000
vt 3.625000 1.000000 0.000000
vt 3.500000 1.166667 0.000000
vt 3.625000 1.166667 0.000000
vt 3.750000 0.000000 0.000000
vt 3.750000 0.166667 0.000000
vt 3.750000 0.333333 0.000000
vt 3.750000 0.500000 0.000000
vt 3.750000 0.666667 0.000000
vt 3.750000 0.833333 0.000000
vt 3.750000 1.000000 0.000000
vt 3.750000 1.166667 0.000000
vt 3.875000 0.166667 0.000000
vt 4.000000 0.000000 0.000000
vt 4.000000 0.250000 0.000000
vt 3.875000 0.333333 0.000000
vt 4.000000 0.500000 0.000000
vt 3.875000 0.500000 0.000000
vt 3.875000 0.666667 0.000000
vt 4.000000 0.750000 0.000000
vt 3.875000 0.833333 0.000000
vt 4.000000 1.000000 0.000000
vt 3.875000 1.000000 0.000000
vt 3.875000 1.166667 0.000000
vt 4.000000 1.250000 0.000000
vt 4.000000 2.500000 0.000000
vt 3.875000 2.500000 0.000000
vt 3.750000 2.666667 0.000000
vt 3.625000 2.833333 0.000000
vt 3.500000 3.000000 0.000000
vt 3.333333 3.166667 0.000000
vt 3.166667 3.333333 0.000000
vt 3.000000 3.500000 0.000000
vt 2.666667 3.750000 0.000000
vt 2.500000 4.000000 0.000000
vt 3.875000 2.666667 0.000000
vt 4.000000 2.750000 0.000000
vt 3.875000 2.833333 0.000000
vt 4.000000 3.000000 0.000000
vt 3.875000 3.000000 0.000000
vt 3.875000 3.166667 0.000000
vt 3.750000 3.166667 0.000000
vt 3.750000 3.333333 0.000000
vt 3.625000 3.333333 0.000000
vt 3.625000 3.500000 0.000000
vt 3.500000 3.500000 0.000000
vt 3.500000 3.750000 0.000000
vt 3.333333 3.750000 0.000000
vt 3.500000 4.000000 0.000000
vt 3.250000 4.000000 0.000000
vt 4.000000 3.250000 0.000000
vt 3.875000 3.333333 0.000000
vt 3.750000 3.500000 0.000000
vt 3.625000 3.750000 0.000000
vt 4.000000 3.500000 0.000000
vt 3.875000 3.500000 0.000000
vt 3.750000 3.750000 0.000000
vt 3.750000 4.000000 0.000000
vt 3.875000 3.750000 0.000000
vt 4.000000 3.750000 0.000000
vt 4.000000 4.000000 0.000000
vt 3.166667 3.750000 0.000000
vt 3.000000 4.000000 0.000000
vt 3.000000 3.750000 0.000000
vt 2.750000 4.000000 0.000000
vt 0.333333 3.750000 0.000000
vt 0.250000 4.000000 0.000000
vt 0.166667 3.750000 0.000000
vt 0.000000 4.000000 0.000000
vt 0.000000 3.750000 0.000000
vt 0.166667 3.500000 0.000000
vt 0.000000 3.500000 0.000000
vt 0.166667 3.333333 0.000000
vt 0.000000 3.250000 0.000000
vt 0.166667 3.166667 0.000000
vt 0.000000 3.000000 0.000000
vt 0.166667 3.000000 0.000000
vt 0.166667 2.833333 0.000000
vt 0.333333 2.833333 0.000000
vt 0.333333 2.666667 0.000000
vt 0.000000 2.750000 0.000000
vt 0.166667 2.666667 0.000000
vt 0.333333 2.500000 0.000000
vt 0.000000 2.500000 0.000000
vt 0.166667 2.500000 0.000000
vt 0.333333 2.333333 0.000000
vt 0.166667 2.333333 0.000000
vt 0.000000 2.000000 0.000000
vt 0.166667 2.000000 0.000000
vt 0.166667 1.666667 0.000000
vt 0.333333 1.666667 0.000000
vt 0.333333 1.500000 0.000000
vt 0.000000 1.500000 0.000000
vt 0.166667 1.500000 0.000000
vt 0.333333 1.333333 0.000000
vt 0.166667 1.333333 0.000000
vt 0.000000 1.250000 0.000000
vt 0.166667 1.166667 0.000000
vt 0.000000 1.000000 0.000000
vt 0.166667 1.000000 0.000000
vt 0.166667 0.833333 0.000000
vt 0.333333 0.833333 0.000000
vt 0.333333 0.666667 0.000000
vt 0.000000 0.750000 0.000000
vt 0.166667 0.666667 0.000000
vt 0.333333 0.500000 0.000000
vt 0.000000 0.500000 0.000000
vt 0.166667 0.500000 0.000000
vt 0.333333 0.333333 0.000000
vt 0.166667 0.333333 0.000000
vt 3.333333 0.333333 0.000000
vt 3.333333 0.500000 0.000000
vt 3.333333 0.666667 0.000000
vt 3.333333 0.833333 0.000000
vt 3.333333 1.000000 0.000000
vt 3.333333 1.166667 0.000000
vt 3.166667 0.333333 0.000000
vt 3.166667 0.500000 0.000000
vt 3.166667 0.666667 0.000000
vt 3.166667 0.833333 0.000000
vt 3.166667 1.000000 0.000000
vt 3.166667 1.166667 0.000000
vt 3.000000 0.333333 0.000000
vt 3.000000 0.500000 0.000000
vt 3.000000 0.666667 0.000000
vt 3.000000 0.833333 0.000000
vt 3.000000 1.000000 0.000000
vt 3.000000 1.166667 0.000000
vt 2.666667 0.333333 0.000000
vt 2.666667 0.500000 0.000000
vt 2.666667 0.666667 0.000000
vt 2.666667 0.833333 0.000000
vt 2.666667 1.000000 0.000000
vt 2.666667 1.166667 0.000000
vt 2.333333 0.333333 0.000000
vt 2.333333 0.500000 0.000000
vt 2.333333 0.666667 0.000000
vt 2.333333 0.833333 0.000000
vt 2.333333 1.000000 0.000000
vt 2.333333 1.166667 0.000000
vt 0.333333 1.000000 0.000000
vt 0.333333 1.166667 0.000000
vt 3.750000 1.666667 0.000000
vt 3.750000 2.000000 0.000000
vt 3.625000 1.666667 0.000000
vt 3.625000 2.000000 0.000000
vt 3.625000 2.333333 0.000000
vt 3.500000 1.666667 0.000000
vt 3.500000 2.000000 0.000000
vt 3.500000 2.333333 0.000000
vt 3.500000 2.500000 0.000000
vt 3.333333 1.666667 0.000000
vt 3.333333 2.000000 0.000000
vt 3.333333 2.333333 0.000000
vt 3.333333 2.500000 0.000000
vt 3.333333 2.666667 0.000000
vt 3.166667 1.666667 0.000000
vt 3.166667 2.000000 0.000000
vt 3.166667 2.333333 0.000000
vt 3.166667 2.500000 0.000000
vt 3.166667 2.666667 0.000000
vt 3.166667 2.833333 0.000000
vt 3.000000 1.666667 0.000000
vt 3.000000 2.000000 0.000000
vt 3.000000 2.333333 0.000000
vt 3.000000 2.500000 0.000000
vt 3.000000 2.666667 0.000000
vt 3.000000 2.833333 0.000000
vt 3.000000 3.000000 0.000000
vt 2.666667 1.666667 0.000000
vt 2.666667 2.000000 0.000000
vt 2.666667 2.333333 0.000000
vt 2.666667 2.500000 0.000000
vt 2.666667 2.666667 0.000000
vt 2.666667 2.833333 0.000000
vt 2.666667 3.000000 0.000000
vt 2.666667 3.166667 0.000000
vt 2.333333 1.666667 0.000000
vt 2.333333 2.000000 0.000000
vt 2.333333 2.333333 0.000000
vt 2.333333 2.500000 0.000000
vt 2.333333 2.666667 0.000000
vt 2.333333 2.833333 0.000000
vt 2.333333 3.000000 0.000000
vt 2.333333 3.166667 0.000000
vt 2.333333 3.333333 0.000000
vt 2.000000 1.666667 0.000000
vt 2.000000 2.000000 0.000000
vt 2.000000 2.333333 0.000000
vt 2.000000 2.500000 0.000000
vt 2.000000 2.666667 0.000000
vt 2.000000 2.833333 0.000000
vt 2.000000 3.000000 0.000000
vt 2.000000 3.166667 0.000000
vt 2.000000 3.333333 0.000000
vt 2.000000 3.500000 0.000000
vt 1.666667 1.666667 0.000000
vt 1.666667 2.000000 0.000000
vt 1.666667 2.333333 0.000000
vt 1.666667 2.500000 0.000000
vt 1.666667 2.666667 0.000000
vt 1.666667 2.833333 0.000000
vt 1.666667 3.000000 0.000000
vt 1.666667 3.166667 0.000000
vt 1.666667 3.333333 0.000000
vt 1.666667 3.500000 0.000000
vt 1.333333 1.666667 0.000000
vt 1.333333 2.000000 0.000000
vt 1.333333 2.333333 0.000000
vt 1.333333 2.500000 0.000000
vt 1.333333 2.666667 0.000000
vt 1.333333 2.833333 0.000000
vt 1.333333 3.000000 0.000000
vt 1.333333 3.166667 0.000000
vt 1.333333 3.333333 0.000000
vt 1.333333 3.500000 0.000000
vt 1.000000 1.666667 0.000000
vt 1.000000 2.000000 0.000000
vt 1.000000 2.333333 0.000000
vt 1.000000 2.500000 0.000000
vt 1.000000 2.666667 0.000000
vt 1.000000 2.833333 0.000000
vt 1.000000 3.000000 0.000000
vt 1.000000 3.166667 0.000000
vt 1.000000 3.333333 0.000000
vt 1.000000 3.500000 0.000000
vt 0.833333 1.666667 0.000000
vt 0.833333 2.000000 0.000000
vt 0.833333 2.333333 0.000000
vt 0.833333 2.500000 0.000000
vt 0.833333 2.666667 0.000000
vt 0.833333 2.833333 0.000000
vt 0.833333 3.000000 0.000000
vt 0.833333 3.166667 0.000000
vt 0.833333 3.333333 0.000000
vt 0.833333 3.500000 0.000000
vt 0.333333 2.000000 0.000000
vt 3.750000 2.833333 0.000000
vt 3.625000 3.000000 0.000000
vt 3.500000 3.166667 0.000000
vt 3.333333 3.333333 0.000000
vt 3.166667 3.500000 0.000000
vt 3.750000 3.000000 0.000000
vt 3.625000 3.166667 0.000000
vt 3.500000 3.333333 0.000000
vt 3.333333 3.500000 0.000000
vt 0.333333 3.000000 0.000000
vt 0.333333 3.166667 0.000000
vt 0.333333 3.333333 0.000000
vt 0.333333 3.500000 0.000000
vt 0.000000 0.250000 0.000000
vt 0.000000 0.000000 0.000000
vt 0.166667 0.166667 0.000000
vt 0.250000 0.000000 0.000000
vt 0.333333 0.166667 0.000000
vt 0.500000 0.000000 0.000000
vt 0.500000 0.166667 0.000000
vt 0.666667 0.166667 0.000000
vt 0.500000 0.333333 0.000000
vt 0.666667 0.333333 0.000000
vt 0.500000 0.500000 0.000000
vt 0.666667 0.500000 0.000000
vt 0.500000 0.666667 0.000000
vt 0.666667 0.666667 0.000000
vt 0.500000 0.833333 0.000000
vt 0.666667 0.833333 0.000000
vt 0.500000 1.000000 0.000000
vt 0.666667 1.000000 0.000000
vt 0.500000 1.166667 0.000000
vt 0.666667 1.166667 0.000000
vt 0.500000 1.333333 0.000000
vt 0.666667 1.333333 0.000000
vt 0.500000 1.500000 0.000000
vt 0.666667 1.500000 0.000000
vt 0.500000 1.666667 0.000000
vt 0.666667 1.666667 0.000000
vt 0.500000 2.000000 0.000000
vt 0.666667 2.000000 0.000000
vt 0.500000 2.333333 0.000000
vt 0.666667 2.333333 0.000000
vt 0.500000 2.500000 0.000000
vt 0.666667 2.500000 0.000000
vt 0.500000 2.666667 0.000000
vt 0.666667 2.666667 0.000000
vt 0.500000 2.833333 0.000000
vt 0.666667 2.833333 0.000000
vt 0.500000 3.000000 0.000000
vt 0.666667 3.000000 0.000000
vt 0.500000 3.166667 0.000000
vt 0.666667 3.166667 0.000000
vt 0.500000 3.333333 0.000000
vt 0.666667 3.333333 0.000000
vt 0.500000 3.500000 0.000000
vt 0.666667 3.500000 0.000000
vt 0.500000 3.750000 0.000000
vt 0.666667 3.750000 0.000000
vt 0.500000 4.000000 0.000000
vt 0.750000 4.000000 0.000000
vt 0.833333 3.750000 0.000000
vt 1.000000 4.000000 0.000000
vt 1.000000 3.750000 0.000000
vt 1.250000 4.000000 0.000000
vt 1.333333 3.750000 0.000000
vt 1.500000 4.000000 0.000000
vt 1.666667 3.750000 0.000000
vt 2.000000 4.000000 0.000000
vt 2.000000 3.750000 0.000000
vt 2.333333 3.750000 0.000000
vt 2.333333 3.500000 0.000000
vt 2.666667 3.500000 0.000000
vt 2.666667 3.333333 0.000000
vt 3.000000 3.333333 0.000000
vt 3.000000 3.166667 0.000000
vt 3.166667 3.166667 0.000000
vt 3.166667 3.000000 0.000000
vt 3.333333 3.000000 0.000000
vt 3.333333 2.833333 0.000000
vt 3.500000 2.833333 0.000000
vt 3.500000 2.666667 0.000000
vt 3.625000 2.666667 0.000000
vt 3.625000 2.500000 0.000000
vt 3.750000 2.500000 0.000000
vt 3.750000 2.333333 0.000000
vt 3.875000 2.333333 0.000000
vt 3.875000 2.000000 0.000000
vt 4.000000 2.000000 0.000000
vt 3.875000 1.666667 0.000000
vt 4.000000 1.500000 0.000000
vt 3.875000 1.500000 0.000000
vt 3.875000 1.333333 0.000000
vt 3.750000 1.500000 0.000000
vt 3.750000 1.333333 0.000000
vt 3.625000 1.500000 0.000000
vt 3.625000 1.333333 0.000000
vt 3.500000 1.500000 0.000000
vt 3.500000 1.333333 0.000000
vt 3.333333 1.500000 0.000000
vt 3.333333 1.333333 0.000000
vt 3.166667 1.500000 0.000000
vt 3.166667 1.333333 0.000000
vt 3.000000 1.500000 0.000000
vt 3.000000 1.333333 0.000000
vt 2.666667 1.500000 0.000000
vt 2.666667 1.333333 0.000000
vt 2.333333 1.500000 0.000000
vt 2.333333 1.333333 0.000000
vt 2.000000 1.500000 0.000000
vt 2.000000 1.333333 0.000000
vt 1.666667 1.500000 0.000000
vt 1.666667 1.333333 0.000000
vt 1.333333 1.500000 0.000000
vt 1.333333 1.333333 0.000000
vt 1.000000 1.500000 0.000000
vt 1.000000 1.333333 0.000000
vt 0.833333 1.500000 0.000000
vt 0.833333 1.333333 0.000000
vt 0.750000 0.000000 0.000000
vt 0.833333 0.166667 0.000000
vt 0.833333 0.333333 0.000000
vt 0.833333 0.500000 0.000000
vt 0.833333 0.666667 0.000000
vt 0.833333 0.833333 0.000000
vt 0.833333 1.000000 0.000000
vt 0.833333 1.166667 0.000000
vt 1.000000 0.000000 0.000000
vt 1.000000 0.166667 0.000000
vt 1.000000 0.333333 0.000000
vt 1.000000 0.500000 0.000000
vt 1.000000 0.666667 0.000000
vt 1.000000 0.833333 0.000000
vt 1.000000 1.000000 0.000000
vt 1.000000 1.166667 0.000000
vt 1.250000 0.000000 0.000000
vt 1.333333 0.166667 0.000000
vt 1.333333 0.333333 0.000000
vt 1.333333 0.500000 0.000000
vt 1.333333 0.666667 0.000000
vt 1.333333 0.833333 0.000000
vt 1.333333 1.000000 0.000000
vt 1.333333 1.166667 0.000000
vt 1.500000 0.000000 0.000000
vt 1.666667 0.166667 0.000000
vt 1.666667 0.333333 0.000000
vt 1.666667 0.500000 0.000000
vt 1.666667 0.666667 0.000000
vt 1.666667 0.833333 0.000000
vt 1.666667 1.000000 0.000000
vt 1.666667 1.166667 0.000000
vt 2.000000 0.000000 0.000000
vt 2.000000 0.166667 0.000000
vt 2.000000 0.333333 0.000000
vt 2.000000 0.500000 0.000000
vt 2.000000 0.666667 0.000000
vt 2.000000 0.833333 0.000000
vt 2.000000 1.000000 0.000000
vt 2.000000 1.166667 0.000000
vt 2.333333 0.166667 0.000000
vt 2.500000 0.000000 0.000000
vt 2.666667 0.166667 0.000000
vt 2.750000 0.000000 0.000000
vt 3.000000 0.166667 0.000000
vt 3.000000 0.000000 0.000000
vt 3.166667 0.166667 0.000000
vt 3.250000 0.000000 0.000000
vt 3.333333 0.166667 0.000000
vt 3.500000 0.000000 0.000000
vt 3.500000 0.166667 0.000000
vt 3.625000 0.166667 0.000000
vt 3.500000 0.333333 0.000000
vt 3.625000 0.333333 0.000000
vt 3.500000 0.500000 0.000000
vt 3.625000 0.500000 0.000000
vt 3.500000 0.666667 0.000000
vt 3.625000 0.666667 0.000000
vt 3.500000 0.833333 0.000000
vt 3.625000 0.833333 0.000000
vt 3.500000 1.000000 0.000000
vt 3.625000 1.000000 0.000000
vt 3.500000 1.166667 0.000000
vt 3.625000 1.166667 0.000000
vt 3.750000 0.000000 0.000000
vt 3.750000 0.166667 0.000000
vt 3.750000 0.333333 0.000000
vt 3.750000 0.500000 0.000000
vt 3.750000 0.666667 0.000000
vt 3.750000 0.833333 0.000000
vt 3.750000 1.000000 0.000000
vt 3.750000 1.166667 0.000000
vt 3.875000 0.166667 0.000000
vt 4.000000 0.000000 0.000000
vt 4.000000 0.250000 0.000000
vt 3.875000 0.333333 0.000000
vt 4.000000 0.500000 0.000000
vt 3.875000 0.500000 0.000000
vt 3.875000 0.666667 0.000000
vt 4.000000 0.750000 0.000000
vt 3.875000 0.833333 0.000000
vt 4.000000 1.000000 0.000000
vt 3.875000 1.000000 0.000000
vt 3.875000 1.166667 0.000000
vt 4.000000 1.250000 0.000000
vt 4.000000 2.500000 0.000000
vt 3.875000 2.500000 0.000000
vt 3.750000 2.666667 0.000000
vt 3.625000 2.833333 0.000000
vt 3.500000 3.000000 0.000000
vt 3.333333 3.166667 0.000000
vt 3.166667 3.333333 0.000000
vt 3.000000 3.500000 0.000000
vt 2.666667 3.750000 0.000000
vt 2.500000 4.000000 0.000000
vt 3.875000 2.666667 0.000000
vt 4.000000 2.750000 0.000000
vt 3.875000 2.833333 0.000000
vt 4.000000 3.000000 0.000000
vt 3.875000 3.000000 0.000000
vt 3.875000 3.166667 0.000000
vt 3.750000 3.166667 0.000000
vt 3.750000 3.333333 0.000000
vt 3.625000 3.333333 0.000000
vt 3.625000 3.500000 0.000000
vt 3.500000 3.500000 0.000000
vt 3.500000 3.750000 0.000000
vt 3.333333 3.750000 0.000000
vt 3.500000 4.000000 0.000000
vt 3.250000 4.000000 0.000000
vt 4.000000 3.250000 0.000000
vt 3.875000 3.333333 0.000000
vt 3.750000 3.500000 0.000000
vt 3.625000 3.750000 0.000000
vt 4.000000 3.500000 0.000000
vt 3.875000 3.500000 0.000000
vt 3.750000 3.750000 0.000000
vt 3.750000 4.000000 0.000000
vt 3.875000 3.750000 0.000000
vt 4.000000 3.750000 0.000000
vt 4.000000 4.000000 0.000000
vt 3.166667 3.750000 0.000000
vt 3.000000 4.000000 0.000000
vt 3.000000 3.750000 0.000000
vt 2.750000 4.000000 0.000000
vt 0.333333 3.750000 0.000000
vt 0.250000 4.000000 0.000000
vt 0.166667 3.750000 0.000000
vt 0.000000 4.000000 0.000000
vt 0.000000 3.750000 0.000000
vt 0.166667 3.500000 0.000000
vt 0.000000 3.500000 0.000000
vt 0.166667 3.333333 0.000000
vt 0.000000 3.250000 0.000000
vt 0.166667 3.166667 0.000000
vt 0.000000 3.000000 0.000000
vt 0.166667 3.000000 0.000000
vt 0.166667 2.833333 0.000000
vt 0.333333 2.833333 0.000000
vt 0.333333 2.666667 0.000000
vt 0.000000 2.750000 0.000000
vt 0.166667 2.666667 0.000000
vt 0.333333 2.500000 0.000000
vt 0.000000 2.500000 0.000000
vt 0.166667 2.500000 0.000000
vt 0.333333 2.333333 0.000000
vt 0.166667 2.333333 0.000000
vt 0.000000 2.000000 0.000000
vt 0.166667 2.000000 0.000000
vt 0.166667 1.666667 0.000000
vt 0.333333 1.666667 0.000000
vt 0.333333 1.500000 0.000000
vt 0.000000 1.500000 0.000000
vt 0.166667 1.500000 0.000000
vt 0.333333 1.333333 0.000000
vt 0.166667 1.333333 0.000000
vt 0.000000 1.250000 0.000000
vt 0.166667 1.166667 0.000000
vt 0.000000 1.000000 0.000000
vt 0.166667 1.000000 0.000000
vt 0.166667 0.833333 0.000000
vt 0.333333 0.833333 0.000000
vt 0.333333 0.666667 0.000000
vt 0.000000 0.750000 0.000000
vt 0.166667 0.666667 0.000000
vt 0.333333 0.500000 0.000000
vt 0.000000 0.500000 0.000000
vt 0.166667 0.500000 0.000000
vt 0.333333 0.333333 0.000000
vt 0.166667 0.333333 0.000000
vt 3.333333 0.333333 0.000000
vt 3.333333 0.500000 0.000000
vt 3.333333 0.666667 0.000000
vt 3.333333 0.833333 0.000000
vt 3.333333 1.000000 0.000000
vt 3.333333 1.166667 0.000000
vt 3.166667 0.333333 0.000000
vt 3.166667 0.500000 0.000000
vt 3.166667 0.666667 0.000000
vt 3.166667 0.833333 0.000000
vt 3.166667 1.000000 0.000000
vt 3.166667 1.166667 0.000000
vt 3.000000 0.333333 0.000000
vt 3.000000 0.500000 0.000000
vt 3.000000 0.666667 0.000000
vt 3.000000 0.833333 0.000000
vt 3.000000 1.000000 0.000000
vt 3.000000 1.166667 0.000000
vt 2.666667 0.333333 0.000000
vt 2.666667 0.500000 0.000000
vt 2.666667 0.666667 0.000000
vt 2.666667 0.833333 0.000000
vt 2.666667 1.000000 0.000000
vt 2.666667 1.166667 0.000000
vt 2.333333 0.333333 0.000000
vt 2.333333 0.500000 0.000000
vt 2.333333 0.666667 0.000000
vt 2.333333 0.833333 0.000000
vt 2.333333 1.000000 0.000000
vt 2.333333 1.166667 0.000000
vt 0.333333 1.000000 0.000000
vt 0.333333 1.166667 0.000000
vt 3.750000 1.666667 0.000000
vt 3.750000 2.000000 0.000000
vt 3.625000 1.666667 0.000000
vt 3.625000 2.000000 0.000000
vt 3.625000 2.333333 0.000000
vt 3.500000 1.666667 0.000000
vt 3.500000 2.000000 0.000000
vt 3.500000 2.333333 0.000000
vt 3.500000 2.500000 0.000000
vt 3.333333 1.666667 0.000000
vt 3.333333 2.000000 0.000000
vt 3.333333 2.333333 0.000000
vt 3.333333 2.500000 0.000000
vt 3.333333 2.666667 0.000000
vt 3.166667 1.666667 0.000000
vt 3.166667 2.000000 0.000000
vt 3.166667 2.333333 0.000000
vt 3.166667 2.500000 0.000000
vt 3.166667 2.666667 0.000000
vt 3.166667 2.833333 0.000000
vt 3.000000 1.666667 0.000000
vt 3.000000 2.000000 0.000000
vt 3.000000 2.333333 0.000000
vt 3.000000 2.500000 0.000000
vt 3.000000 2.666667 0.000000
vt 3.000000 2.833333 0.000000
vt 3.000000 3.000000 0.000000
vt 2.666667 1.666667 0.000000
vt 2.666667 2.000000 0.000000
vt 2.666667 2.333333 0.000000
vt 2.666667 2.500000 0.000000
vt 2.666667 2.666667 0.000000
vt 2.666667 2.833333 0.000000
vt 2.666667 3.000000 0.000000
vt 2.666667 3.166667 0.000000
vt 2.333333 1.666667 0.000000
vt 2.333333 2.000000 0.000000
vt 2.333333 2.333333 0.000000
vt 2.333333 2.500000 0.000000
vt 2.333333 2.666667 0.000000
vt 2.333333 2.833333 0.000000
vt 2.333333 3.000000 0.000000
vt 2.333333 3.166667 0.000000
vt 2.333333 3.333333 0.000000
vt 2.000000 1.666667 0.000000
vt 2.000000 2.000000 0.000000
vt 2.000000 2.333333 0.000000
vt 2.000000 2.500000 0.000000
vt 2.000000 2.666667 0.000000
vt 2.000000 2.833333 0.000000
vt 2.000000 3.000000 0.000000
vt 2.000000 3.166667 0.000000
vt 2.000000 3.333333 0.000000
vt 2.000000 3.500000 0.000000
vt 1.666667 1.666667 0.000000
vt 1.666667 2.000000 0.000000
vt 1.666667 2.333333 0.000000
vt 1.666667 2.500000 0.000000
vt 1.666667 2.666667 0.000000
vt 1.666667 2.833333 0.000000
vt 1.666667 3.000000 0.000000
vt 1.666667 3.166667 0.000000
vt 1.666667 3.333333 0.000000
vt 1.666667 3.500000 0.000000
vt 1.333333 1.666667 0.000000
vt 1.333333 2.000000 0.000000
vt 1.333333 2.333333 0.000000
vt 1.333333 2.500000 0.000000
vt 1.333333 2.666667 0.000000
vt 1.333333 2.833333 0.000000
vt 1.333333 3.000000 0.000000
vt 1.333333 3.166667 0.000000
vt 1.333333 3.333333 0.000000
vt 1.333333 3.500000 0.000000
vt 1.000000 1.666667 0.000000
vt 1.000000 2.000000 0.000000
vt 1.000000 2.333333 0.000000
vt 1.000000 2.500000 0.000000
vt 1.000000 2.666667 0.000000
vt 1.000000 2.833333 0.000000
vt 1.000000 3.000000 0.000000
vt 1.000000 3.166667 0.000000
vt 1.000000 3.333333 0.000000
vt 1.000000 3.500000 0.000000
vt 0.833333 1.666667 0.000000
vt 0.833333 2.000000 0.000000
vt 0.833333 2.333333 0.000000
vt 0.833333 2.500000 0.000000
vt 0.833333 2.666667 0.000000
vt 0.833333 2.833333 0.000000
vt 0.833333 3.000000 0.000000
vt 0.833333 3.166667 0.000000
vt 0.833333 3.333333 0.000000
vt 0.833333 3.500000 0.000000
vt 0.333333 2.000000 0.000000
vt 3.750000 2.833333 0.000000
vt 3.625000 3.000000 0.000000
vt 3.500000 3.166667 0.000000
vt 3.333333 3.333333 0.000000
vt 3.166667 3.500000 0.000000
vt 3.750000 3.000000 0.000000
vt 3.625000 3.166667 0.000000
vt 3.500000 3.333333 0.000000
vt 3.333333 3.500000 0.000000
vt 0.333333 3.000000 0.000000
vt 0.333333 3.166667 0.000000
vt 0.333333 3.333333 0.000000
vt 0.333333 3.500000 0.000000
vt 0.000000 0.250000 0.000000
vt 0.000000 0.000000 0.000000
vt 0.166667 0.166667 0.000000
vt 0.250000 0.000000 0.000000
vt 0.333333 0.166667 0.000000
vt 0.500000 0.000000 0.000000
vt 0.500000 0.166667 0.000000
vt 0.666667 0.166667 0.000000
vt 0.500000 0.333333 0.000000
vt 0.666667 0.333333 0.000000
vt 0.500000 0.500000 0.000000
vt 0.666667 0.500000 0.000000
vt 0.500000 0.666667 0.000000
vt 0.666667 0.666667 0.000000
vt 0.500000 0.833333 0.000000
vt 0.666667 0.833333 0.000000
vt 0.500000 1.000000 0.000000
vt 0.666667 1.000000 0.000000
vt 0.500000 1.166667 0.000000
vt 0.666667 1.166667 0.000000
vt 0.500000 1.333333 0.000000
vt 0.666667 1.333333 0.000000
vt 0.500000 1.500000 0.000000
vt 0.666667 1.500000 0.000000
vt 0.500000 1.666667 0.000000
vt 0.666667 1.666667 0.000000
vt 0.500000 2.000000 0.000000
vt 0.666667 2.000000 0.000000
vt 0.500000 2.333333 0.000000
vt 0.666667 2.333333 0.000000
vt 0.500000 2.500000 0.000000
vt 0.666667 2.500000 0.000000
vt 0.500000 2.666667 0.000000
vt 0.666667 2.666667 0.000000
vt 0.500000 2.833333 0.000000
vt 0.666667 2.833333 0.000000
vt 0.500000 3.000000 0.000000
vt 0.666667 3.000000 0.000000
vt 0.500000 3.166667 0.000000
vt 0.666667 3.166667 0.000000
vt 0.500000 3.333333 0.000000
vt 0.666667 3.333333 0.000000
vt 0.500000 3.500000 0.000000
vt 0.666667 3.500000 0.000000
vt 0.500000 3.750000 0.000000
vt 0.666667 3.750000 0.000000
vt 0.500000 4.000000 0.000000
vt 0.750000 4.000000 0.000000
vt 0.833333 3.750000 0.000000
vt 1.000000 4.000000 0.000000
vt 1.000000 3.750000 0.000000
vt 1.250000 4.000000 0.000000
vt 1.333333 3.750000 0.000000
vt 1.500000 4.000000 0.000000
vt 1.666667 3.750000 0.000000
vt 2.000000 4.000000 0.000000
vt 2.000000 3.750000 0.000000
vt 2.333333 3.750000 0.000000
vt 2.333333 3.500000 0.000000
vt 2.666667 3.500000 0.000000
vt 2.666667 3.333333 0.000000
vt 3.000000 3.333333 0.000000
vt 3.000000 3.166667 0.000000
vt 3.166667 3.166667 0.000000
vt 3.166667 3.000000 0.000000
vt 3.333333 3.000000 0.000000
vt 3.333333 2.833333 0.000000
vt 3.500000 2.833333 0.000000
vt 3.500000 2.666667 0.000000
vt 3.625000 2.666667 0.000000
vt 3.625000 2.500000 0.000000
vt 3.750000 2.500000 0.000000
vt 3.750000 2.333333 0.000000
vt 3.875000 2.333333 0.000000
vt 3.875000 2.000000 0.000000
vt 4.000000 2.000000 0.000000
vt 3.875000 1.666667 0.000000
vt 4.000000 1.500000 0.000000
vt 3.875000 1.500000 0.000000
vt 3.875000 1.333333 0.000000
vt 3.750000 1.500000 0.000000
vt 3.750000 1.333333 0.000000
vt 3.625000 1.500000 0.000000
vt 3.625000 1.333333 0.000000
vt 3.500000 1.500000 0.000000
vt 3.500000 1.333333 0.000000
vt 3.333333 1.500000 0.000000
vt 3.333333 1.333333 0.000000
vt 3.166667 1.500000 0.000000
vt 3.166667 1.333333 0.000000
vt 3.000000 1.500000 0.000000
vt 3.000000 1.333333 0.000000
vt 2.666667 1.500000 0.000000
vt 2.666667 1.333333 0.000000
vt 2.333333 1.500000 0.000000
vt 2.333333 1.333333 0.000000
vt 2.000000 1.500000 0.000000
vt 2.000000 1.333333 0.000000
vt 1.666667 1.500000 0.000000
vt 1.666667 1.333333 0.000000
vt 1.333333 1.500000 0.000000
vt 1.333333 1.333333 0.000000
vt 1.000000 1.500000 0.000000
vt 1.000000 1.333333 0.000000
vt 0.833333 1.500000 0.000000
vt 0.833333 1.333333 0.000000
vt 0.750000 0.000000 0.000000
vt 0.833333 0.166667 0.000000
vt 0.833333 0.333333 0.000000
vt 0.833333 0.500000 0.000000
vt 0.833333 0.666667 0.000000
vt 0.833333 0.833333 0.000000
vt 0.833333 1.000000 0.000000
vt 0.833333 1.166667 0.000000
vt 1.000000 0.000000 0.000000
vt 1.000000 0.166667 0.000000
vt 1.000000 0.333333 0.000000
vt 1.000000 0.500000 0.000000
vt 1.000000 0.666667 0.000000
vt 1.000000 0.833333 0.000000
vt 1.000000 1.000000 0.000000
vt 1.000000 1.166667 0.000000
vt 1.250000 0.000000 0.000000
vt 1.333333 0.166667 0.000000
vt 1.333333 0.333333 0.000000
vt 1.333333 0.500000 0.000000
vt 1.333333 0.666667 0.000000
vt 1.333333 0.833333 0.000000
vt 1.333333 1.000000 0.000000
vt 1.333333 1.166667 0.000000
vt 1.500000 0.000000 0.000000
vt 1.666667 0.166667 0.000000
vt 1.666667 0.333333 0.000000
vt 1.666667 0.500000 0.000000
vt 1.666667 0.666667 0.000000
vt 1.666667 0.833333 0.000000
vt 1.666667 1.000000 0.000000
vt 1.666667 1.166667 0.000000
vt 2.000000 0.000000 0.000000
vt 2.000000 0.166667 0.000000
vt 2.000000 0.333333 0.000000
vt 2.000000 0.500000 0.000000
vt 2.000000 0.666667 0.000000
vt 2.000000 0.833333 0.000000
vt 2.000000 1.000000 0.000000
vt 2.000000 1.166667 0.000000
vt 2.333333 0.166667 0.000000
vt 2.500000 0.000000 0.000000
vt 2.666667 0.166667 0.000000
vt 2.750000 0.000000 0.000000
vt 3.000000 0.166667 0.000000
vt 3.000000 0.000000 0.000000
vt 3.166667 0.166667 0.000000
vt 3.250000 0.000000 0.000000
vt 3.333333 0.166667 0.000000
vt 3.500000 0.000000 0.000000
vt 3.500000 0.166667 0.000000
vt 3.625000 0.166667 0.000000
vt 3.500000 0.333333 0.000000
vt 3.625000 0.333333 0.000000
vt 3.500000 0.500000 0.000000
vt 3.625000 0.500000 0.000000
vt 3.500000 0.666667 0.000000
vt 3.625000 0.666667 0.000000
vt 3.500000 0.833333 0.000000
vt 3.625000 0.833333 0.000000
vt 3.500000 1.000000 0.000000
vt 3.625000 1.000000 0.000000
vt 3.500000 1.166667 0.000000
vt 3.625000 1.166667 0.000000
vt 3.750000 0.000000 0.000000
vt 3.750000 0.166667 0.000000
vt 3.750000 0.333333 0.000000
vt 3.750000 0.500000 0.000000
vt 3.750000 0.666667 0.000000
vt 3.750000 0.833333 0.000000
vt 3.750000 1.000000 0.000000
vt 3.750000 1.166667 0.000000
vt 3.875000 0.166667 0.000000
vt 4.000000 0.000000 0.000000
vt 4.000000 0.250000 0.000000
vt 3.875000 0.333333 0.000000
vt 4.000000 0.500000 0.000000
vt 3.875000 0.500000 0.000000
vt 3.875000 0.666667 0.000000
vt 4.000000 0.750000 0.000000
vt 3.875000 0.833333 0.000000
vt 4.000000 1.000000 0.000000
vt 3.875000 1.000000 0.000000
vt 3.875000 1.166667 0.000000
vt 4.000000 1.250000 0.000000
vt 4.000000 2.500000 0.000000
vt 3.875000 2.500000 0.000000
vt 3.750000 2.666667 0.000000
vt 3.625000 2.833333 0.000000
vt 3.500000 3.000000 0.000000
vt 3.333333 3.166667 0.000000
vt 3.166667 3.333333 0.000000
vt 3.000000 3.500000 0.000000
vt 2.666667 3.750000 0.000000
vt 2.500000 4.000000 0.000000
vt 3.875000 2.666667 0.000000
vt 4.000000 2.750000 0.000000
vt 3.875000 2.833333 0.000000
vt 4.000000 3.000000 0.000000
vt 3.875000 3.000000 0.000000
vt 3.875000 3.166667 0.000000
vt 3.750000 3.166667 0.000000
vt 3.750000 3.333333 0.000000
vt 3.625000 3.333333 0.000000
vt 3.625000 3.500000 0.000000
vt 3.500000 3.500000 0.000000
vt 3.500000 3.750000 0.000000
vt 3.333333 3.750000 0.000000
vt 3.500000 4.000000 0.000000
vt 3.250000 4.000000 0.000000
vt 4.000000 3.250000 0.000000
vt 3.875000 3.333333 0.000000
vt 3.750000 3.500000 0.000000
vt 3.625000 3.750000 0.000000
vt 4.000000 3.500000 0.000000
vt 3.875000 3.500000 0.000000
vt 3.750000 3.750000 0.000000
vt 3.750000 4.000000 0.000000
vt 3.875000 3.750000 0.000000
vt 4.000000 3.750000 0.000000
vt 4.000000 4.000000 0.000000
vt 3.166667 3.750000 0.000000
vt 3.000000 4.000000 0.000000
vt 3.000000 3.750000 0.000000
vt 2.750000 4.000000 0.000000
vt 0.333333 3.750000 0.000000
vt 0.250000 4.000000 0.000000
vt 0.166667 3.750000 0.000000
vt 0.000000 4.000000 0.000000
vt 0.000000 3.750000 0.000000
vt 0.166667 3.500000 0.000000
vt 0.000000 3.500000 0.000000
vt 0.166667 3.333333 0.000000
vt 0.000000 3.250000 0.000000
vt 0.166667 3.166667 0.000000
vt 0.000000 3.000000 0.000000
vt 0.166667 3.000000 0.000000
vt 0.166667 2.833333 0.000000
vt 0.333333 2.833333 0.000000
vt 0.333333 2.666667 0.000000
vt 0.000000 2.750000 0.000000
vt 0.166667 2.666667 0.000000
vt 0.333333 2.500000 0.000000
vt 0.000000 2.500000 0.000000
vt 0.166667 2.500000 0.000000
vt 0.333333 2.333333 0.000000
vt 0.166667 2.333333 0.000000
vt 0.000000 2.000000 0.000000
vt 0.166667 2.000000 0.000000
vt 0.166667 1.666667 0.000000
vt 0.333333 1.666667 0.000000
vt 0.333333 1.500000 0.000000
vt 0.000000 1.500000 0.000000
vt 0.166667 1.500000 0.000000
vt 0.333333 1.333333 0.000000
vt 0.166667 1.333333 0.000000
vt 0.000000 1.250000 0.000000
vt 0.166667 1.166667 0.000000
vt 0.000000 1.000000 0.000000
vt 0.166667 1.000000 0.000000
vt 0.166667 0.833333 0.000000
vt 0.333333 0.833333 0.000000
vt 0.333333 0.666667 0.000000
vt 0.000000 0.750000 0.000000
vt 0.166667 0.666667 0.000000
vt 0.333333 0.500000 0.000000
vt 0.000000 0.500000 0.000000
vt 0.166667 0.500000 0.000000
vt 0.333333 0.333333 0.000000
vt 0.166667 0.333333 0.000000
vt 3.333333 0.333333 0.000000
vt 3.333333 0.500000 0.000000
vt 3.333333 0.666667 0.000000
vt 3.333333 0.833333 0.000000
vt 3.333333 1.000000 0.000000
vt 3.333333 1.166667 0.000000
vt 3.166667 0.333333 0.000000
vt 3.166667 0.500000 0.000000
vt 3.166667 0.666667 0.000000
vt 3.166667 0.833333 0.000000
vt 3.166667 1.000000 0.000000
vt 3.166667 1.166667 0.000000
vt 3.000000 0.333333 0.000000
vt 3.000000 0.500000 0.000000
vt 3.000000 0.666667 0.000000
vt 3.000000 0.833333 0.000000
vt 3.000000 1.000000 0.000000
vt 3.000000 1.166667 0.000000
vt 2.666667 0.333333 0.000000
vt 2.666667 0.500000 0.000000
vt 2.666667 0.666667 0.000000
vt 2.666667 0.833333 0.000000
vt 2.666667 1.000000 0.000000
vt 2.666667 1.166667 0.000000
vt 2.333333 0.333333 0.000000
vt 2.333333 0.500000 0.000000
vt 2.333333 0.666667 0.000000
vt 2.333333 0.833333 0.000000
vt 2.333333 1.000000 0.000000
vt 2.333333 1.166667 0.000000
vt 0.333333 1.000000 0.000000
vt 0.333333 1.166667 0.000000
vt 3.750000 1.666667 0.000000
vt 3.750000 2.000000 0.000000
vt 3.625000 1.666667 0.000000
vt 3.625000 2.000000 0.000000
vt 3.625000 2.333333 0.000000
vt 3.500000 1.666667 0.000000
vt 3.500000 2.000000 0.000000
vt 3.500000 2.333333 0.000000
vt 3.500000 2.500000 0.000000
vt 3.333333 1.666667 0.000000
vt 3.333333 2.000000 0.000000
vt 3.333333 2.333333 0.000000
vt 3.333333 2.500000 0.000000
vt 3.333333 2.666667 0.000000
vt 3.166667 1.666667 0.000000
vt 3.166667 2.000000 0.000000
vt 3.166667 2.333333 0.000000
vt 3.166667 2.500000 0.000000
vt 3.166667 2.666667 0.000000
vt 3.166667 2.833333 0.000000
vt 3.000000 1.666667 0.000000
vt 3.000000 2.000000 0.000000
vt 3.000000 2.333333 0.000000
vt 3.000000 2.500000 0.000000
vt 3.000000 2.666667 0.000000
vt 3.000000 2.833333 0.000000
vt 3.000000 3.000000 0.000000
vt 2.666667 1.666667 0.000000
vt 2.666667 2.000000 0.000000
vt 2.666667 2.333333 0.000000
vt 2.666667 2.500000 0.000000
vt 2.666667 2.666667 0.000000
vt 2.666667 2.833333 0.000000
vt 2.666667 3.000000 0.000000
vt 2.666667 3.166667 0.000000
vt 2.333333 1.666667 0.000000
vt 2.333333 2.000000 0.000000
vt 2.333333 2.333333 0.000000
vt 2.333333 2.500000 0.000000
vt 2.333333 2.666667 0.000000
vt 2.333333 2.833333 0.000000
vt 2.333333 3.000000 0.000000
vt 2.333333 3.166667 0.000000
vt 2.333333 3.333333 0.000000
vt 2.000000 1.666667 0.000000
vt 2.000000 2.000000 0.000000
vt 2.000000 2.333333 0.000000
vt 2.000000 2.500000 0.000000
vt 2.000000 2.666667 0.000000
vt 2.000000 2.833333 0.000000
vt 2.000000 3.000000 0.000000
vt 2.000000 3.166667 0.000000
vt 2.000000 3.333333 0.000000
vt 2.000000 3.500000 0.000000
vt 1.666667 1.666667 0.000000
vt 1.666667 2.000000 0.000000
vt 1.666667 2.333333 0.000000
vt 1.666667 2.500000 0.000000
vt 1.666667 2.666667 0.000000
vt 1.666667 2.833333 0.000000
vt 1.666667 3.000000 0.000000
vt 1.666667 3.166667 0.000000
vt 1.666667 3.333333 0.000000
vt 1.666667 3.500000 0.000000
vt 1.333333 1.666667 0.000000
vt 1.333333 2.000000 0.000000
vt 1.333333 2.333333 0.000000
vt 1.333333 2.500000 0.000000
vt 1.333333 2.666667 0.000000
vt 1.333333 2.833333 0.000000
vt 1.333333 3.000000 0.000000
vt 1.333333 3.166667 0.000000
vt 1.333333 3.333333 0.000000
vt 1.333333 3.500000 0.000000
vt 1.000000 1.666667 0.000000
vt 1.000000 2.000000 0.000000
vt 1.000000 2.333333 0.000000
vt 1.000000 2.500000 0.000000
vt 1.000000 2.666667 0.000000
vt 1.000000 2.833333 0.000000
vt 1.000000 3.000000 0.000000
vt 1.000000 3.166667 0.000000
vt 1.000000 3.333333 0.000000
vt 1.000000 3.500000 0.000000
vt 0.833333 1.666667 0.000000
vt 0.833333 2.000000 0.000000
vt 0.833333 2.333333 0.000000
vt 0.833333 2.500000 0.000000
vt 0.833333 2.666667 0.000000
vt 0.833333 2.833333 0.000000
vt 0.833333 3.000000 0.000000
vt 0.833333 3.166667 0.000000
vt 0.833333 3.333333 0.000000
vt 0.833333 3.500000 0.000000
vt 0.333333 2.000000 0.000000
vt 3.750000 2.833333 0.000000
vt 3.625000 3.000000 0.000000
vt 3.500000 3.166667 0.000000
vt 3.333333 3.333333 0.000000
vt 3.166667 3.500000 0.000000
vt 3.750000 3.000000 0.000000
vt 3.625000 3.166667 0.000000
vt 3.500000 3.333333 0.000000
vt 3.333333 3.500000 0.000000
vt 0.333333 3.000000 0.000000
vt 0.333333 3.166667 0.000000
vt 0.333333 3.333333 0.000000
vt 0.333333 3.500000 0.000000
vn -0.470424 0.623980 -0.623980
vn -0.577350 0.577350 -0.577350
vn -0.531459 0.659622 -0.531459
vn -0.623980 0.623980 -0.470424
vn -0.543324 0.715372 -0.439365
vn -0.665988 0.665988 -0.336037
vn -0.555701 0.755634 -0.346717
vn -0.569000 0.779021 -0.263372
vn -0.449031 0.821260 -0.352000
vn -0.457135 0.847926 -0.268419
vn -0.354973 0.864863 -0.354973
vn -0.357524 0.893741 -0.270930
vn -0.270930 0.893741 -0.357524
vn -0.270857 0.923728 -0.270857
vn -0.199390 0.911659 -0.359335
vn -0.198451 0.942084 -0.270360
vn -0.139258 0.922239 -0.360669
vn -0.139255 0.952518 -0.270771
vn -0.091473 0.927685 -0.361985
vn -0.091887 0.957869 -0.272110
vn -0.055978 0.930073 -0.363085
vn -0.056421 0.960280 -0.273276
vn -0.030426 0.930968 -0.363831
vn -0.030742 0.961214 -0.274086
vn -0.013200 0.931215 -0.364232
vn -0.013359 0.961485 -0.274531
vn -0.000000 0.931243 -0.364399
vn -0.000000 0.961524 -0.274721
vn 0.013200 0.931215 -0.364232
vn 0.013359 0.961485 -0.274531
vn 0.030426 0.930968 -0.363831
vn 0.030742 0.961214 -0.274086
vn 0.055978 0.930073 -0.363085
vn 0.056421 0.960280 -0.273276
vn 0.091473 0.927685 -0.361985
vn 0.091887 0.957869 -0.272110
vn 0.139258 0.922239 -0.360669
vn 0.139255 0.952518 -0.270771
vn 0.199390 0.911659 -0.359335
vn 0.198451 0.942084 -0.270360
vn 0.270930 0.893741 -0.357524
vn 0.270857 0.923728 -0.270857
vn 0.354973 0.864863 -0.354973
vn 0.357524 0.893741 -0.270930
vn 0.501246 0.791439 -0.349825
vn 0.512028 0.816714 -0.266093
vn 0.665988 0.665988 -0.336037
vn 0.689031 0.689031 -0.224662
vn 0.520868 0.830422 -0.197727
vn 0.699730 0.699730 -0.144064
vn 0.524992 0.839240 -0.141634
vn 0.705171 0.705171 -0.073942
vn 0.526708 0.848178 -0.056320
vn 0.706770 0.706770 -0.030853
vn 0.527075 0.849716 -0.013207
vn 0.707107 0.707107 -0.000000
vn 0.527095 0.849806 -0.000000
vn 0.527075 0.849716 0.013207
vn 0.364232 0.931215 0.013200
vn 0.363085 0.930073 0.055978
vn 0.273276 0.960280 0.056421
vn 0.270771 0.952518 0.139255
vn 0.197725 0.970250 0.139710
vn 0.197601 0.960160 0.197601
vn 0.139710 0.970250 0.197725
vn 0.139255 0.952518 0.270771
vn 0.091887 0.957869 0.272110
vn 0.091473 0.927685 0.361985
vn 0.055978 0.930073 0.363085
vn 0.055978 0.895623 0.441278
vn 0.030372 0.896653 0.441691
vn 0.030511 0.849331 0.526978
vn 0.013207 0.849716 0.527075
vn 0.013293 0.786881 0.616961
vn -0.000000 0.786984 0.616973
vn -0.000000 0.707107 0.707107
vn -0.013293 0.786881 0.616961
vn -0.030853 0.706770 0.706770
vn -0.030731 0.786482 0.616848
vn -0.056785 0.785342 0.616452
vn -0.030511 0.849331 0.526978
vn -0.056320 0.848178 0.526708
vn -0.030372 0.896653 0.441691
vn -0.055978 0.895623 0.441278
vn -0.030426 0.930968 0.363831
vn -0.055978 0.930073 0.363085
vn -0.030742 0.961214 0.274086
vn -0.056421 0.960280 0.273276
vn -0.031134 0.979240 0.200299
vn -0.057014 0.978212 0.199626
vn -0.031459 0.989495 0.141101
vn -0.057498 0.988376 0.140735
vn -0.031945 0.997776 0.058507
vn -0.058243 0.996602 0.058243
vn -0.032201 0.999383 0.014021
vn -0.058656 0.998181 0.013944
vn -0.032241 0.999480 -0.000000
vn -0.058722 0.998274 -0.000000
vn -0.032201 0.999383 -0.014021
vn -0.058656 0.998181 -0.013944
vn -0.031945 0.997776 -0.058507
vn -0.058243 0.996602 -0.058243
vn -0.031459 0.989495 -0.141101
vn -0.057498 0.988376 -0.140735
vn -0.031134 0.979240 -0.200299
vn -0.057014 0.978212 -0.199626
vn -0.689031 0.689031 -0.224662
vn -0.578892 0.791335 -0.196653
vn -0.464273 0.863118 -0.198691
vn -0.359335 0.911659 -0.199390
vn -0.270360 0.942084 -0.198451
vn -0.197601 0.960160 -0.197601
vn -0.139710 0.970250 -0.197725
vn -0.092567 0.975680 -0.198698
vn -0.699730 0.699730 -0.144064
vn -0.583698 0.799321 -0.142768
vn -0.467614 0.872688 -0.140545
vn -0.360669 0.922239 -0.139258
vn -0.270771 0.952518 -0.139255
vn -0.197725 0.970250 -0.139710
vn -0.140028 0.980196 -0.140028
vn -0.093105 0.985722 -0.140301
vn -0.705171 0.705171 -0.073942
vn -0.586308 0.808106 -0.056635
vn -0.469060 0.881385 -0.056063
vn -0.363085 0.930073 -0.055978
vn -0.273276 0.960280 -0.056421
vn -0.199626 0.978212 -0.057014
vn -0.140735 0.988376 -0.057498
vn -0.093994 0.993889 -0.057881
vn -0.706770 0.706770 -0.030853
vn -0.586721 0.809681 -0.013264
vn -0.469559 0.882803 -0.013168
vn -0.364232 0.931215 -0.013200
vn -0.274531 0.961485 -0.013359
vn -0.200678 0.979563 -0.013549
vn -0.141322 0.989869 -0.013709
vn -0.094542 0.995425 -0.013834
vn -0.707107 0.707107 -0.000000
vn -0.586729 0.809783 -0.000000
vn -0.469613 0.882872 -0.000000
vn -0.364399 0.931243 -0.000000
vn -0.274721 0.961524 -0.000000
vn -0.200843 0.979623 -0.000000
vn -0.141421 0.989949 -0.000000
vn -0.094630 0.995512 -0.000000
vn -0.586721 0.809681 0.013264
vn -0.706770 0.706770 0.030853
vn -0.586308 0.808106 0.056635
vn -0.705171 0.705171 0.073942
vn -0.583698 0.799321 0.142768
vn -0.699730 0.699730 0.144064
vn -0.578892 0.791335 0.196653
vn -0.689031 0.689031 0.224662
vn -0.569000 0.779021 0.263372
vn -0.665988 0.665988 0.336037
vn -0.555701 0.755634 0.346717
vn -0.546228 0.727266 0.415596
vn -0.449031 0.821260 0.352000
vn -0.444724 0.791341 0.419524
vn -0.354973 0.864863 0.354973
vn -0.352854 0.834053 0.424086
vn -0.270930 0.893741 0.357524
vn -0.269359 0.861302 0.430819
vn -0.199390 0.911659 0.359335
vn -0.199064 0.877227 0.436859
vn -0.139258 0.922239 0.360669
vn -0.140084 0.887125 0.439756
vn -0.091473 0.927685 0.361985
vn -0.091704 0.892995 0.440624
vn -0.623980 0.623980 0.470424
vn -0.537631 0.688627 0.486564
vn -0.441649 0.749489 0.493166
vn -0.349825 0.791439 0.501246
vn -0.266093 0.816714 0.512028
vn -0.197727 0.830422 0.520868
vn -0.141634 0.839240 0.524992
vn -0.092459 0.845367 0.526123
vn -0.527814 0.645167 0.552423
vn -0.577350 0.577350 0.577350
vn -0.470424 0.623980 0.623980
vn -0.437628 0.696920 0.568141
vn -0.336037 0.665988 0.665988
vn -0.344688 0.735433 0.583377
vn -0.261941 0.757617 0.597832
vn -0.224662 0.689031 0.689031
vn -0.196138 0.769311 0.608022
vn -0.144064 0.699730 0.699730
vn -0.143272 0.776864 0.613152
vn -0.093354 0.782642 0.615432
vn -0.073942 0.705171 0.705171
vn 0.030853 0.706770 0.706770
vn 0.030731 0.786482 0.616848
vn 0.056320 0.848178 0.526708
vn 0.091704 0.892995 0.440624
vn 0.139258 0.922239 0.360669
vn 0.198451 0.942084 0.270360
vn 0.270360 0.942084 0.198451
vn 0.360669 0.922239 0.139258
vn 0.526708 0.848178 0.056320
vn 0.706770 0.706770 0.030853
vn 0.056785 0.785342 0.616452
vn 0.073942 0.705171 0.705171
vn 0.093354 0.782642 0.615432
vn 0.144064 0.699730 0.699730
vn 0.143272 0.776864 0.613152
vn 0.196138 0.769311 0.608022
vn 0.197727 0.830422 0.520868
vn 0.266093 0.816714 0.512028
vn 0.269359 0.861302 0.430819
vn 0.352854 0.834053 0.424086
vn 0.354973 0.864863 0.354973
vn 0.501246 0.791439 0.349825
vn 0.512028 0.816714 0.266093
vn 0.665988 0.665988 0.336037
vn 0.689031 0.689031 0.224662
vn 0.224662 0.689031 0.689031
vn 0.261941 0.757617 0.597832
vn 0.349825 0.791439 0.501246
vn 0.494890 0.761949 0.417753
vn 0.336037 0.665988 0.665988
vn 0.344688 0.735433 0.583377
vn 0.490046 0.720908 0.490046
vn 0.623980 0.623980 0.470424
vn 0.484184 0.671827 0.560548
vn 0.470424 0.623980 0.623980
vn 0.577350 0.577350 0.577350
vn 0.520868 0.830422 0.197727
vn 0.699730 0.699730 0.144064
vn 0.524992 0.839240 0.141634
vn 0.705171 0.705171 0.073942
vn 0.493166 0.749489 -0.441649
vn 0.623980 0.623980 -0.470424
vn 0.486564 0.688627 -0.537631
vn 0.577350 0.577350 -0.577350
vn 0.470424 0.623980 -0.623980
vn 0.346717 0.755634 -0.555701
vn 0.336037 0.665988 -0.665988
vn 0.263372 0.779021 -0.569000
vn 0.224662 0.689031 -0.689031
vn 0.196653 0.791335 -0.578892
vn 0.144064 0.699730 -0.699730
vn 0.142768 0.799321 -0.583698
vn 0.093073 0.805317 -0.585493
vn 0.091913 0.878680 -0.468479
vn 0.056063 0.881385 -0.469060
vn 0.073942 0.705171 -0.705171
vn 0.056635 0.808106 -0.586308
vn 0.030401 0.882462 -0.469400
vn 0.030853 0.706770 -0.706770
vn 0.030658 0.809276 -0.586629
vn 0.013168 0.882803 -0.469559
vn 0.013264 0.809681 -0.586721
vn 0.000000 0.707107 -0.707107
vn 0.000000 0.809783 -0.586729
vn -0.013264 0.809681 -0.586721
vn -0.013168 0.882803 -0.469559
vn -0.030401 0.882462 -0.469400
vn -0.030853 0.706770 -0.706770
vn -0.030658 0.809276 -0.586629
vn -0.056063 0.881385 -0.469060
vn -0.056635 0.808106 -0.586308
vn -0.073942 0.705171 -0.705171
vn -0.093073 0.805317 -0.585493
vn -0.144064 0.699730 -0.699730
vn -0.142768 0.799321 -0.583698
vn -0.196653 0.791335 -0.578892
vn -0.198691 0.863118 -0.464273
vn -0.268419 0.847926 -0.457135
vn -0.224662 0.689031 -0.689031
vn -0.263372 0.779021 -0.569000
vn -0.352000 0.821260 -0.449031
vn -0.336037 0.665988 -0.665988
vn -0.346717 0.755634 -0.555701
vn -0.443602 0.778739 -0.443602
vn -0.439365 0.715372 -0.543324
vn -0.457135 0.847926 0.268419
vn -0.357524 0.893741 0.270930
vn -0.270857 0.923728 0.270857
vn -0.198451 0.942084 0.270360
vn -0.139255 0.952518 0.270771
vn -0.091887 0.957869 0.272110
vn -0.464273 0.863118 0.198691
vn -0.359335 0.911659 0.199390
vn -0.270360 0.942084 0.198451
vn -0.197601 0.960160 0.197601
vn -0.139710 0.970250 0.197725
vn -0.092567 0.975680 0.198698
vn -0.467614 0.872688 0.140545
vn -0.360669 0.922239 0.139258
vn -0.270771 0.952518 0.139255
vn -0.197725 0.970250 0.139710
vn -0.140028 0.980196 0.140028
vn -0.093105 0.985722 0.140301
vn -0.469060 0.881385 0.056063
vn -0.363085 0.930073 0.055978
vn -0.273276 0.960280 0.056421
vn -0.199626 0.978212 0.057014
vn -0.140735 0.988376 0.057498
vn -0.093994 0.993889 0.057881
vn -0.469559 0.882803 0.013168
vn -0.364232 0.931215 0.013200
vn -0.274531 0.961485 0.013359
vn -0.200678 0.979563 0.013549
vn -0.141322 0.989869 0.013709
vn -0.094542 0.995425 0.013834
vn -0.140545 0.872688 -0.467614
vn -0.091913 0.878680 -0.468479
vn -0.013207 0.849716 0.527075
vn -0.000000 0.849806 0.527095
vn -0.013160 0.896969 0.441898
vn 0.000000 0.897027 0.441975
vn 0.013160 0.896969 0.441898
vn -0.013200 0.931215 0.364232
vn -0.000000 0.931243 0.364399
vn 0.013200 0.931215 0.364232
vn 0.030426 0.930968 0.363831
vn -0.013359 0.961485 0.274531
vn 0.000000 0.961524 0.274721
vn 0.013359 0.961485 0.274531
vn 0.030742 0.961214 0.274086
vn 0.056421 0.960280 0.273276
vn -0.013549 0.979563 0.200678
vn -0.000000 0.979623 0.200843
vn 0.013549 0.979563 0.200678
vn 0.031134 0.979240 0.200299
vn 0.057014 0.978212 0.199626
vn 0.092567 0.975680 0.198698
vn -0.013709 0.989869 0.141322
vn -0.000000 0.989949 0.141421
vn 0.013709 0.989869 0.141322
vn 0.031459 0.989495 0.141101
vn 0.057498 0.988376 0.140735
vn 0.093105 0.985722 0.140301
vn 0.140028 0.980196 0.140028
vn -0.013944 0.998181 0.058656
vn -0.000000 0.998274 0.058722
vn 0.013944 0.998181 0.058656
vn 0.031945 0.997776 0.058507
vn 0.058243 0.996602 0.058243
vn 0.093994 0.993889 0.057881
vn 0.140735 0.988376 0.057498
vn 0.199626 0.978212 0.057014
vn -0.014064 0.999802 0.014064
vn -0.000000 0.999901 0.014083
vn 0.014064 0.999802 0.014064
vn 0.032201 0.999383 0.014021
vn 0.058656 0.998181 0.013944
vn 0.094542 0.995425 0.013834
vn 0.141322 0.989869 0.013709
vn 0.200678 0.979563 0.013549
vn 0.274531 0.961485 0.013359
vn -0.014083 0.999901 -0.000000
vn 0.000000 1.000000 0.000000
vn 0.014083 0.999901 -0.000000
vn 0.032241 0.999480 -0.000000
vn 0.058722 0.998274 -0.000000
vn 0.094630 0.995512 -0.000000
vn 0.141421 0.989949 -0.000000
vn 0.200843 0.979623 -0.000000
vn 0.274721 0.961524 -0.000000
vn 0.364399 0.931243 -0.000000
vn -0.014064 0.999802 -0.014064
vn -0.000000 0.999901 -0.014083
vn 0.014064 0.999802 -0.014064
vn 0.032201 0.999383 -0.014021
vn 0.058656 0.998181 -0.013944
vn 0.094542 0.995425 -0.013834
vn 0.141322 0.989869 -0.013709
vn 0.200678 0.979563 -0.013549
vn 0.274531 0.961485 -0.013359
vn 0.364232 0.931215 -0.013200
vn -0.013944 0.998181 -0.058656
vn -0.000000 0.998274 -0.058722
vn 0.013944 0.998181 -0.058656
vn 0.031945 0.997776 -0.058507
vn 0.058243 0.996602 -0.058243
vn 0.093994 0.993889 -0.057881
vn 0.140735 0.988376 -0.057498
vn 0.199626 0.978212 -0.057014
vn 0.273276 0.960280 -0.056421
vn 0.363085 0.930073 -0.055978
vn -0.013709 0.989869 -0.141322
vn 0.000000 0.989949 -0.141421
vn 0.013709 0.989869 -0.141322
vn 0.031459 0.989495 -0.141101
vn 0.057498 0.988376 -0.140735
vn 0.093105 0.985722 -0.140301
vn 0.140028 0.980196 -0.140028
vn 0.197725 0.970250 -0.139710
vn 0.270771 0.952518 -0.139255
vn 0.360669 0.922239 -0.139258
vn -0.013549 0.979563 -0.200678
vn -0.000000 0.979623 -0.200843
vn 0.013549 0.979563 -0.200678
vn 0.031134 0.979240 -0.200299
vn 0.057014 0.978212 -0.199626
vn 0.092567 0.975680 -0.198698
vn 0.139710 0.970250 -0.197725
vn 0.197601 0.960160 -0.197601
vn 0.270360 0.942084 -0.198451
vn 0.359335 0.911659 -0.199390
vn 0.000000 0.882872 -0.469613
vn 0.092459 0.845367 0.526123
vn 0.140084 0.887125 0.439756
vn 0.199390 0.911659 0.359335
vn 0.270857 0.923728 0.270857
vn 0.359335 0.911659 0.199390
vn 0.141634 0.839240 0.524992
vn 0.199064 0.877227 0.436859
vn 0.270930 0.893741 0.357524
vn 0.357524 0.893741 0.270930
vn 0.140545 0.872688 -0.467614
vn 0.198691 0.863118 -0.464273
vn 0.268419 0.847926 -0.457135
vn 0.352000 0.821260 -0.449031
vn -0.623980 -0.470424 0.623980
vn -0.577350 -0.577350 0.577350
vn -0.531459 -0.531459 0.659622
vn -0.470424 -0.623980 0.623980
vn -0.439365 -0.543324 0.715372
vn -0.336037 -0.665988 0.665988
vn -0.346717 -0.555701 0.755634
vn -0.263372 -0.569000 0.779021
vn -0.352000 -0.449031 0.821260
vn -0.268419 -0.457135 0.847926
vn -0.354973 -0.354973 0.864863
vn -0.270930 -0.357524 0.893741
vn -0.357524 -0.270930 0.893741
vn -0.270857 -0.270857 0.923728
vn -0.359335 -0.199390 0.911659
vn -0.270360 -0.198451 0.942084
vn -0.360669 -0.139258 0.922239
vn -0.270771 -0.139255 0.952518
vn -0.361985 -0.091473 0.927685
vn -0.272110 -0.091887 0.957869
vn -0.363085 -0.055978 0.930073
vn -0.273276 -0.056421 0.960280
vn -0.363831 -0.030426 0.930968
vn -0.274086 -0.030742 0.961214
vn -0.364232 -0.013200 0.931215
vn -0.274531 -0.013359 0.961485
vn -0.364399 -0.000000 0.931243
vn -0.274721 0.000000 0.961524
vn -0.364232 0.013200 0.931215
vn -0.274531 0.013359 0.961485
vn -0.363831 0.030426 0.930968
vn -0.274086 0.030742 0.961214
vn -0.363085 0.055978 0.930073
vn -0.273276 0.056421 0.960280
vn -0.361985 0.091473 0.927685
vn -0.272110 0.091887 0.957869
vn -0.360669 0.139258 0.922239
vn -0.270771 0.139255 0.952518
vn -0.359335 0.199390 0.911659
vn -0.270360 0.198451 0.942084
vn -0.357524 0.270930 0.893741
vn -0.270857 0.270857 0.923728
vn -0.354973 0.354973 0.864863
vn -0.270930 0.357524 0.893741
vn -0.349825 0.501246 0.791439
vn -0.266093 0.512028 0.816714
vn -0.197727 0.520868 0.830422
vn -0.141634 0.524992 0.839240
vn -0.056320 0.526708 0.848178
vn -0.013207 0.527075 0.849716
vn -0.000000 0.527095 0.849806
vn 0.013207 0.527075 0.849716
vn 0.013200 0.364232 0.931215
vn 0.055978 0.363085 0.930073
vn 0.056421 0.273276 0.960280
vn 0.139255 0.270771 0.952518
vn 0.139710 0.197725 0.970250
vn 0.197601 0.197601 0.960160
vn 0.197725 0.139710 0.970250
vn 0.270771 0.139255 0.952518
vn 0.272110 0.091887 0.957869
vn 0.361985 0.091473 0.927685
vn 0.363085 0.055978 0.930073
vn 0.441278 0.055978 0.895623
vn 0.441691 0.030372 0.896653
vn 0.526978 0.030511 0.849331
vn 0.527075 0.013207 0.849716
vn 0.616961 0.013293 0.786881
vn 0.616973 0.000000 0.786984
vn 0.707107 -0.000000 0.707107
vn 0.616961 -0.013293 0.786881
vn 0.706770 -0.030853 0.706770
vn 0.616848 -0.030731 0.786482
vn 0.616452 -0.056785 0.785342
vn 0.526978 -0.030511 0.849331
vn 0.526708 -0.056320 0.848178
vn 0.441691 -0.030372 0.896653
vn 0.441278 -0.055978 0.895623
vn 0.363831 -0.030426 0.930968
vn 0.363085 -0.055978 0.930073
vn 0.274086 -0.030742 0.961214
vn 0.273276 -0.056421 0.960280
vn 0.200299 -0.031134 0.979240
vn 0.199626 -0.057014 0.978212
vn 0.141101 -0.031459 0.989495
vn 0.140735 -0.057498 0.988376
vn 0.058507 -0.031945 0.997776
vn 0.058243 -0.058243 0.996602
vn 0.014021 -0.032201 0.999383
vn 0.013944 -0.058656 0.998181
vn -0.000000 -0.032241 0.999480
vn -0.000000 -0.058722 0.998274
vn -0.014021 -0.032201 0.999383
vn -0.013944 -0.058656 0.998181
vn -0.058507 -0.031945 0.997776
vn -0.058243 -0.058243 0.996602
vn -0.141101 -0.031459 0.989495
vn -0.140735 -0.057498 0.988376
vn -0.200299 -0.031134 0.979240
vn -0.199626 -0.057014 0.978212
vn -0.224662 -0.689031 0.689031
vn -0.196653 -0.578892 0.791335
vn -0.198691 -0.464273 0.863118
vn -0.199390 -0.359335 0.911659
vn -0.198451 -0.270360 0.942084
vn -0.197601 -0.197601 0.960160
vn -0.197725 -0.139710 0.970250
vn -0.198698 -0.092567 0.975680
vn -0.144064 -0.699730 0.699730
vn -0.142768 -0.583698 0.799321
vn -0.140545 -0.467614 0.872688
vn -0.139258 -0.360669 0.922239
vn -0.139255 -0.270771 0.952518
vn -0.139710 -0.197725 0.970250
vn -0.140028 -0.140028 0.980196
vn -0.140301 -0.093105 0.985722
vn -0.073942 -0.705171 0.705171
vn -0.056635 -0.586308 0.808106
vn -0.056063 -0.469060 0.881385
vn -0.055978 -0.363085 0.930073
vn -0.056421 -0.273276 0.960280
vn -0.057014 -0.199626 0.978212
vn -0.057498 -0.140735 0.988376
vn -0.057881 -0.093994 0.993889
vn -0.030853 -0.706770 0.706770
vn -0.013264 -0.586721 0.809681
vn -0.013168 -0.469559 0.882803
vn -0.013200 -0.364232 0.931215
vn -0.013359 -0.274531 0.961485
vn -0.013549 -0.200678 0.979563
vn -0.013709 -0.141322 0.989869
vn -0.013834 -0.094542 0.995425
vn -0.000000 -0.707107 0.707107
vn -0.000000 -0.586729 0.809783
vn -0.000000 -0.469613 0.882872
vn 0.000000 -0.364399 0.931243
vn -0.000000 -0.274721 0.961524
vn -0.000000 -0.200843 0.979623
vn -0.000000 -0.141421 0.989949
vn -0.000000 -0.094630 0.995512
vn 0.013264 -0.586721 0.809681
vn 0.030853 -0.706770 0.706770
vn 0.056635 -0.586308 0.808106
vn 0.073942 -0.705171 0.705171
vn 0.142768 -0.583698 0.799321
vn 0.144064 -0.699730 0.699730
vn 0.196653 -0.578892 0.791335
vn 0.224662 -0.689031 0.689031
vn 0.263372 -0.569000 0.779021
vn 0.336037 -0.665988 0.665988
vn 0.346717 -0.555701 0.755634
vn 0.415596 -0.546228 0.727266
vn 0.352000 -0.449031 0.821260
vn 0.419524 -0.444724 0.791341
vn 0.354973 -0.354973 0.864863
vn 0.424086 -0.352854 0.834053
vn 0.357524 -0.270930 0.893741
vn 0.430819 -0.269359 0.861302
vn 0.359335 -0.199390 0.911659
vn 0.436859 -0.199064 0.877227
vn 0.360669 -0.139258 0.922239
vn 0.439756 -0.140084 0.887125
vn 0.361985 -0.091473 0.927685
vn 0.440624 -0.091704 0.892995
vn 0.470424 -0.623980 0.623980
vn 0.486564 -0.537631 0.688627
vn 0.493166 -0.441649 0.749489
vn 0.501246 -0.349825 0.791439
vn 0.512028 -0.266093 0.816714
vn 0.520868 -0.197727 0.830422
vn 0.524992 -0.141634 0.839240
vn 0.526123 -0.092459 0.845367
vn 0.552423 -0.527814 0.645167
vn 0.577350 -0.577350 0.577350
vn 0.623980 -0.470424 0.623980
vn 0.568141 -0.437628 0.696920
vn 0.665988 -0.336037 0.665988
vn 0.583377 -0.344688 0.735433
vn 0.597832 -0.261941 0.757617
vn 0.689031 -0.224662 0.689031
vn 0.608022 -0.196138 0.769311
vn 0.699730 -0.144064 0.699730
vn 0.613152 -0.143272 0.776864
vn 0.615432 -0.093354 0.782642
vn 0.705171 -0.073942 0.705171
vn 0.706770 0.030853 0.706770
vn 0.616848 0.030731 0.786482
vn 0.526708 0.056320 0.848178
vn 0.440624 0.091704 0.892995
vn 0.360669 0.139258 0.922239
vn 0.270360 0.198451 0.942084
vn 0.198451 0.270360 0.942084
vn 0.139258 0.360669 0.922239
vn 0.056320 0.526708 0.848178
vn 0.616452 0.056785 0.785342
vn 0.705171 0.073942 0.705171
vn 0.615432 0.093354 0.782642
vn 0.699730 0.144064 0.699730
vn 0.613152 0.143272 0.776864
vn 0.608022 0.196138 0.769311
vn 0.520868 0.197727 0.830422
vn 0.512028 0.266093 0.816714
vn 0.430819 0.269359 0.861302
vn 0.424086 0.352854 0.834053
vn 0.354973 0.354973 0.864863
vn 0.349825 0.501246 0.791439
vn 0.266093 0.512028 0.816714
vn 0.689031 0.224662 0.689031
vn 0.597832 0.261941 0.757617
vn 0.501246 0.349825 0.791439
vn 0.417753 0.494890 0.761949
vn 0.665988 0.336037 0.665988
vn 0.583377 0.344688 0.735433
vn 0.490046 0.490046 0.720908
vn 0.560548 0.484184 0.671827
vn 0.623980 0.470424 0.623980
vn 0.197727 0.520868 0.830422
vn 0.141634 0.524992 0.839240
vn -0.441649 0.493166 0.749489
vn -0.537631 0.486564 0.688627
vn -0.623980 0.470424 0.623980
vn -0.555701 0.346717 0.755634
vn -0.665988 0.336037 0.665988
vn -0.569000 0.263372 0.779021
vn -0.689031 0.224662 0.689031
vn -0.578892 0.196653 0.791335
vn -0.699730 0.144064 0.699730
vn -0.583698 0.142768 0.799321
vn -0.585493 0.093073 0.805317
vn -0.468479 0.091913 0.878680
vn -0.469060 0.056063 0.881385
vn -0.705171 0.073942 0.705171
vn -0.586308 0.056635 0.808106
vn -0.469400 0.030401 0.882462
vn -0.706770 0.030853 0.706770
vn -0.586629 0.030658 0.809276
vn -0.469559 0.013168 0.882803
vn -0.586721 0.013264 0.809681
vn -0.707107 0.000000 0.707107
vn -0.586729 0.000000 0.809783
vn -0.586721 -0.013264 0.809681
vn -0.469559 -0.013168 0.882803
vn -0.469400 -0.030401 0.882462
vn -0.706770 -0.030853 0.706770
vn -0.586629 -0.030658 0.809276
vn -0.469060 -0.056063 0.881385
vn -0.586308 -0.056635 0.808106
vn -0.705171 -0.073942 0.705171
vn -0.585493 -0.093073 0.805317
vn -0.699730 -0.144064 0.699730
vn -0.583698 -0.142768 0.799321
vn -0.578892 -0.196653 0.791335
vn -0.464273 -0.198691 0.863118
vn -0.457135 -0.268419 0.847926
vn -0.689031 -0.224662 0.689031
vn -0.569000 -0.263372 0.779021
vn -0.449031 -0.352000 0.821260
vn -0.665988 -0.336037 0.665988
vn -0.555701 -0.346717 0.755634
vn -0.443602 -0.443602 0.778739
vn -0.543324 -0.439365 0.715372
vn 0.268419 -0.457135 0.847926
vn 0.270930 -0.357524 0.893741
vn 0.270857 -0.270857 0.923728
vn 0.270360 -0.198451 0.942084
vn 0.270771 -0.139255 0.952518
vn 0.272110 -0.091887 0.957869
vn 0.198691 -0.464273 0.863118
vn 0.199390 -0.359335 0.911659
vn 0.198451 -0.270360 0.942084
vn 0.197601 -0.197601 0.960160
vn 0.197725 -0.139710 0.970250
vn 0.198698 -0.092567 0.975680
vn 0.140545 -0.467614 0.872688
vn 0.139258 -0.360669 0.922239
vn 0.139255 -0.270771 0.952518
vn 0.139710 -0.197725 0.970250
vn 0.140028 -0.140028 0.980196
vn 0.140301 -0.093105 0.985722
vn 0.056063 -0.469060 0.881385
vn 0.055978 -0.363085 0.930073
vn 0.056421 -0.273276 0.960280
vn 0.057014 -0.199626 0.978212
vn 0.057498 -0.140735 0.988376
vn 0.057881 -0.093994 0.993889
vn 0.013168 -0.469559 0.882803
vn 0.013200 -0.364232 0.931215
vn 0.013359 -0.274531 0.961485
vn 0.013549 -0.200678 0.979563
vn 0.013709 -0.141322 0.989869
vn 0.013834 -0.094542 0.995425
vn -0.467614 -0.140545 0.872688
vn -0.468479 -0.091913 0.878680
vn 0.527075 -0.013207 0.849716
vn 0.527095 0.000000 0.849806
vn 0.441898 -0.013160 0.896969
vn 0.441975 0.000000 0.897027
vn 0.441898 0.013160 0.896969
vn 0.364232 -0.013200 0.931215
vn 0.364399 -0.000000 0.931243
vn 0.364232 0.013200 0.931215
vn 0.363831 0.030426 0.930968
vn 0.274531 -0.013359 0.961485
vn 0.274721 -0.000000 0.961524
vn 0.274531 0.013359 0.961485
vn 0.274086 0.030742 0.961214
vn 0.273276 0.056421 0.960280
vn 0.200678 -0.013549 0.979563
vn 0.200843 -0.000000 0.979623
vn 0.200678 0.013549 0.979563
vn 0.200299 0.031134 0.979240
vn 0.199626 0.057014 0.978212
vn 0.198698 0.092567 0.975680
vn 0.141322 -0.013709 0.989869
vn 0.141421 -0.000000 0.989949
vn 0.141322 0.013709 0.989869
vn 0.141101 0.031459 0.989495
vn 0.140735 0.057498 0.988376
vn 0.140301 0.093105 0.985722
vn 0.140028 0.140028 0.980196
vn 0.058656 -0.013944 0.998181
vn 0.058722 0.000000 0.998274
vn 0.058656 0.013944 0.998181
vn 0.058507 0.031945 0.997776
vn 0.058243 0.058243 0.996602
vn 0.057881 0.093994 0.993889
vn 0.057498 0.140735 0.988376
vn 0.057014 0.199626 0.978212
vn 0.014064 -0.014064 0.999802
vn 0.014083 0.000000 0.999901
vn 0.014064 0.014064 0.999802
vn 0.014021 0.032201 0.999383
vn 0.013944 0.058656 0.998181
vn 0.013834 0.094542 0.995425
vn 0.013709 0.141322 0.989869
vn 0.013549 0.200678 0.979563
vn 0.013359 0.274531 0.961485
vn -0.000000 -0.014083 0.999901
vn 0.000000 0.000000 1.000000
vn 0.000000 0.014083 0.999901
vn -0.000000 0.032241 0.999480
vn -0.000000 0.058722 0.998274
vn -0.000000 0.094630 0.995512
vn -0.000000 0.141421 0.989949
vn -0.000000 0.200843 0.979623
vn -0.000000 0.274721 0.961524
vn -0.000000 0.364399 0.931243
vn -0.014064 -0.014064 0.999802
vn -0.014083 -0.000000 0.999901
vn -0.014064 0.014064 0.999802
vn -0.014021 0.032201 0.999383
vn -0.013944 0.058656 0.998181
vn -0.013834 0.094542 0.995425
vn -0.013709 0.141322 0.989869
vn -0.013549 0.200678 0.979563
vn -0.013359 0.274531 0.961485
vn -0.013200 0.364232 0.931215
vn -0.058656 -0.013944 0.998181
vn -0.058722 -0.000000 0.998274
vn -0.058656 0.013944 0.998181
vn -0.058507 0.031945 0.997776
vn -0.058243 0.058243 0.996602
vn -0.057881 0.093994 0.993889
vn -0.057498 0.140735 0.988376
vn -0.057014 0.199626 0.978212
vn -0.056421 0.273276 0.960280
vn -0.055978 0.363085 0.930073
vn -0.141322 -0.013709 0.989869
vn -0.141421 -0.000000 0.989949
vn -0.141322 0.013709 0.989869
vn -0.141101 0.031459 0.989495
vn -0.140735 0.057498 0.988376
vn -0.140301 0.093105 0.985722
vn -0.140028 0.140028 0.980196
vn -0.139710 0.197725 0.970250
vn -0.139255 0.270771 0.952518
vn -0.139258 0.360669 0.922239
vn -0.200678 -0.013549 0.979563
vn -0.200843 -0.000000 0.979623
vn -0.200678 0.013549 0.979563
vn -0.200299 0.031134 0.979240
vn -0.199626 0.057014 0.978212
vn -0.198698 0.092567 0.975680
vn -0.197725 0.139710 0.970250
vn -0.197601 0.197601 0.960160
vn -0.198451 0.270360 0.942084
vn -0.199390 0.359335 0.911659
vn -0.469613 -0.000000 0.882872
vn 0.526123 0.092459 0.845367
vn 0.439756 0.140084 0.887125
vn 0.359335 0.199390 0.911659
vn 0.270857 0.270857 0.923728
vn 0.199390 0.359335 0.911659
vn 0.524992 0.141634 0.839240
vn 0.436859 0.199064 0.877227
vn 0.357524 0.270930 0.893741
vn 0.270930 0.357524 0.893741
vn -0.467614 0.140545 0.872688
vn -0.464273 0.198691 0.863118
vn -0.457135 0.268419 0.847926
vn -0.449031 0.352000 0.821260
vn 0.623980 -0.623980 -0.470424
vn 0.577350 -0.577350 -0.577350
vn 0.659622 -0.531459 -0.531459
vn 0.623980 -0.470424 -0.623980
vn 0.715372 -0.439365 -0.543324
vn 0.665988 -0.336037 -0.665988
vn 0.755634 -0.346717 -0.555701
vn 0.779021 -0.263372 -0.569000
vn 0.821260 -0.352000 -0.449031
vn 0.847926 -0.268419 -0.457135
vn 0.864863 -0.354973 -0.354973
vn 0.893741 -0.270930 -0.357524
vn 0.893741 -0.357524 -0.270930
vn 0.923728 -0.270857 -0.270857
vn 0.911659 -0.359335 -0.199390
vn 0.942084 -0.270360 -0.198451
vn 0.922239 -0.360669 -0.139258
vn 0.952518 -0.270771 -0.139255
vn 0.927685 -0.361985 -0.091473
vn 0.957869 -0.272110 -0.091887
vn 0.930073 -0.363085 -0.055978
vn 0.960280 -0.273276 -0.056421
vn 0.930968 -0.363831 -0.030426
vn 0.961214 -0.274086 -0.030742
vn 0.931215 -0.364232 -0.013200
vn 0.961485 -0.274531 -0.013359
vn 0.931243 -0.364399 -0.000000
vn 0.961524 -0.274721 -0.000000
vn 0.931215 -0.364232 0.013200
vn 0.961485 -0.274531 0.013359
vn 0.930968 -0.363831 0.030426
vn 0.961214 -0.274086 0.030742
vn 0.930073 -0.363085 0.055978
vn 0.960280 -0.273276 0.056421
vn 0.927685 -0.361985 0.091473
vn 0.957869 -0.272110 0.091887
vn 0.922239 -0.360669 0.139258
vn 0.952518 -0.270771 0.139255
vn 0.911659 -0.359335 0.199390
vn 0.942084 -0.270360 0.198451
vn 0.893741 -0.357524 0.270930
vn 0.923728 -0.270857 0.270857
vn 0.864863 -0.354973 0.354973
vn 0.893741 -0.270930 0.357524
vn 0.791439 -0.349825 0.501246
vn 0.816714 -0.266093 0.512028
vn 0.830422 -0.197727 0.520868
vn 0.839240 -0.141634 0.524992
vn 0.848178 -0.056320 0.526708
vn 0.849716 -0.013207 0.527075
vn 0.849806 0.000000 0.527095
vn 0.849716 0.013207 0.527075
vn 0.931215 0.013200 0.364232
vn 0.930073 0.055978 0.363085
vn 0.960280 0.056421 0.273276
vn 0.952518 0.139255 0.270771
vn 0.970250 0.139710 0.197725
vn 0.960160 0.197601 0.197601
vn 0.970250 0.197725 0.139710
vn 0.952518 0.270771 0.139255
vn 0.957869 0.272110 0.091887
vn 0.927685 0.361985 0.091473
vn 0.930073 0.363085 0.055978
vn 0.895623 0.441278 0.055978
vn 0.896653 0.441691 0.030372
vn 0.849331 0.526978 0.030511
vn 0.849716 0.527075 0.013207
vn 0.786881 0.616961 0.013293
vn 0.786984 0.616973 -0.000000
vn 0.786881 0.616961 -0.013293
vn 0.786482 0.616848 -0.030731
vn 0.785342 0.616452 -0.056785
vn 0.849331 0.526978 -0.030511
vn 0.848178 0.526708 -0.056320
vn 0.896653 0.441691 -0.030372
vn 0.895623 0.441278 -0.055978
vn 0.930968 0.363831 -0.030426
vn 0.930073 0.363085 -0.055978
vn 0.961214 0.274086 -0.030742
vn 0.960280 0.273276 -0.056421
vn 0.979240 0.200299 -0.031134
vn 0.978212 0.199626 -0.057014
vn 0.989495 0.141101 -0.031459
vn 0.988376 0.140735 -0.057498
vn 0.997776 0.058507 -0.031945
vn 0.996602 0.058243 -0.058243
vn 0.999383 0.014021 -0.032201
vn 0.998181 0.013944 -0.058656
vn 0.999480 -0.000000 -0.032241
vn 0.998274 -0.000000 -0.058722
vn 0.999383 -0.014021 -0.032201
vn 0.998181 -0.013944 -0.058656
vn 0.997776 -0.058507 -0.031945
vn 0.996602 -0.058243 -0.058243
vn 0.989495 -0.141101 -0.031459
vn 0.988376 -0.140735 -0.057498
vn 0.979240 -0.200299 -0.031134
vn 0.978212 -0.199626 -0.057014
vn 0.689031 -0.224662 -0.689031
vn 0.791335 -0.196653 -0.578892
vn 0.863118 -0.198691 -0.464273
vn 0.911659 -0.199390 -0.359335
vn 0.942084 -0.198451 -0.270360
vn 0.960160 -0.197601 -0.197601
vn 0.970250 -0.197725 -0.139710
vn 0.975680 -0.198698 -0.092567
vn 0.699730 -0.144064 -0.699730
vn 0.799321 -0.142768 -0.583698
vn 0.872688 -0.140545 -0.467614
vn 0.922239 -0.139258 -0.360669
vn 0.952518 -0.139255 -0.270771
vn 0.970250 -0.139710 -0.197725
vn 0.980196 -0.140028 -0.140028
vn 0.985722 -0.140301 -0.093105
vn 0.705171 -0.073942 -0.705171
vn 0.808106 -0.056635 -0.586308
vn 0.881385 -0.056063 -0.469060
vn 0.930073 -0.055978 -0.363085
vn 0.960280 -0.056421 -0.273276
vn 0.978212 -0.057014 -0.199626
vn 0.988376 -0.057498 -0.140735
vn 0.993889 -0.057881 -0.093994
vn 0.706770 -0.030853 -0.706770
vn 0.809681 -0.013264 -0.586721
vn 0.882803 -0.013168 -0.469559
vn 0.931215 -0.013200 -0.364232
vn 0.961485 -0.013359 -0.274531
vn 0.979563 -0.013549 -0.200678
vn 0.989869 -0.013709 -0.141322
vn 0.995425 -0.013834 -0.094542
vn 0.707107 0.000000 -0.707107
vn 0.809783 0.000000 -0.586729
vn 0.882872 0.000000 -0.469613
vn 0.931243 0.000000 -0.364399
vn 0.961524 -0.000000 -0.274721
vn 0.979623 -0.000000 -0.200843
vn 0.989949 0.000000 -0.141421
vn 0.995512 -0.000000 -0.094630
vn 0.809681 0.013264 -0.586721
vn 0.706770 0.030853 -0.706770
vn 0.808106 0.056635 -0.586308
vn 0.705171 0.073942 -0.705171
vn 0.799321 0.142768 -0.583698
vn 0.699730 0.144064 -0.699730
vn 0.791335 0.196653 -0.578892
vn 0.689031 0.224662 -0.689031
vn 0.779021 0.263372 -0.569000
vn 0.665988 0.336037 -0.665988
vn 0.755634 0.346717 -0.555701
vn 0.727266 0.415596 -0.546228
vn 0.821260 0.352000 -0.449031
vn 0.791341 0.419524 -0.444724
vn 0.864863 0.354973 -0.354973
vn 0.834053 0.424086 -0.352854
vn 0.893741 0.357524 -0.270930
vn 0.861302 0.430819 -0.269359
vn 0.911659 0.359335 -0.199390
vn 0.877227 0.436859 -0.199064
vn 0.922239 0.360669 -0.139258
vn 0.887125 0.439756 -0.140084
vn 0.927685 0.361985 -0.091473
vn 0.892995 0.440624 -0.091704
vn 0.623980 0.470424 -0.623980
vn 0.688627 0.486564 -0.537631
vn 0.749489 0.493166 -0.441649
vn 0.791439 0.501246 -0.349825
vn 0.816714 0.512028 -0.266093
vn 0.830422 0.520868 -0.197727
vn 0.839240 0.524992 -0.141634
vn 0.845367 0.526123 -0.092459
vn 0.645167 0.552423 -0.527814
vn 0.696920 0.568141 -0.437628
vn 0.735433 0.583377 -0.344688
vn 0.757617 0.597832 -0.261941
vn 0.769311 0.608022 -0.196138
vn 0.776864 0.613152 -0.143272
vn 0.782642 0.615432 -0.093354
vn 0.786482 0.616848 0.030731
vn 0.848178 0.526708 0.056320
vn 0.892995 0.440624 0.091704
vn 0.922239 0.360669 0.139258
vn 0.942084 0.270360 0.198451
vn 0.942084 0.198451 0.270360
vn 0.922239 0.139258 0.360669
vn 0.848178 0.056320 0.526708
vn 0.785342 0.616452 0.056785
vn 0.782642 0.615432 0.093354
vn 0.776864 0.613152 0.143272
vn 0.769311 0.608022 0.196138
vn 0.830422 0.520868 0.197727
vn 0.816714 0.512028 0.266093
vn 0.861302 0.430819 0.269359
vn 0.834053 0.424086 0.352854
vn 0.864863 0.354973 0.354973
vn 0.791439 0.349825 0.501246
vn 0.816714 0.266093 0.512028
vn 0.757617 0.597832 0.261941
vn 0.791439 0.501246 0.349825
vn 0.761949 0.417753 0.494890
vn 0.735433 0.583377 0.344688
vn 0.720908 0.490046 0.490046
vn 0.671827 0.560548 0.484184
vn 0.830422 0.197727 0.520868
vn 0.839240 0.141634 0.524992
vn 0.749489 -0.441649 0.493166
vn 0.688627 -0.537631 0.486564
vn 0.623980 -0.623980 0.470424
vn 0.755634 -0.555701 0.346717
vn 0.665988 -0.665988 0.336037
vn 0.779021 -0.569000 0.263372
vn 0.689031 -0.689031 0.224662
vn 0.791335 -0.578892 0.196653
vn 0.699730 -0.699730 0.144064
vn 0.799321 -0.583698 0.142768
vn 0.805317 -0.585493 0.093073
vn 0.878680 -0.468479 0.091913
vn 0.881385 -0.469060 0.056063
vn 0.705171 -0.705171 0.073942
vn 0.808106 -0.586308 0.056635
vn 0.882462 -0.469400 0.030401
vn 0.706770 -0.706770 0.030853
vn 0.809276 -0.586629 0.030658
vn 0.882803 -0.469559 0.013168
vn 0.809681 -0.586721 0.013264
vn 0.707107 -0.707107 -0.000000
vn 0.809783 -0.586729 -0.000000
vn 0.809681 -0.586721 -0.013264
vn 0.882803 -0.469559 -0.013168
vn 0.882462 -0.469400 -0.030401
vn 0.706770 -0.706770 -0.030853
vn 0.809276 -0.586629 -0.030658
vn 0.881385 -0.469060 -0.056063
vn 0.808106 -0.586308 -0.056635
vn 0.705171 -0.705171 -0.073942
vn 0.805317 -0.585493 -0.093073
vn 0.699730 -0.699730 -0.144064
vn 0.799321 -0.583698 -0.142768
vn 0.791335 -0.578892 -0.196653
vn 0.863118 -0.464273 -0.198691
vn 0.847926 -0.457135 -0.268419
vn 0.689031 -0.689031 -0.224662
vn 0.779021 -0.569000 -0.263372
vn 0.821260 -0.449031 -0.352000
vn 0.665988 -0.665988 -0.336037
vn 0.755634 -0.555701 -0.346717
vn 0.778739 -0.443602 -0.443602
vn 0.715372 -0.543324 -0.439365
vn 0.847926 0.268419 -0.457135
vn 0.893741 0.270930 -0.357524
vn 0.923728 0.270857 -0.270857
vn 0.942084 0.270360 -0.198451
vn 0.952518 0.270771 -0.139255
vn 0.957869 0.272110 -0.091887
vn 0.863118 0.198691 -0.464273
vn 0.911659 0.199390 -0.359335
vn 0.942084 0.198451 -0.270360
vn 0.960160 0.197601 -0.197601
vn 0.970250 0.197725 -0.139710
vn 0.975680 0.198698 -0.092567
vn 0.872688 0.140545 -0.467614
vn 0.922239 0.139258 -0.360669
vn 0.952518 0.139255 -0.270771
vn 0.970250 0.139710 -0.197725
vn 0.980196 0.140028 -0.140028
vn 0.985722 0.140301 -0.093105
vn 0.881385 0.056063 -0.469060
vn 0.930073 0.055978 -0.363085
vn 0.960280 0.056421 -0.273276
vn 0.978212 0.057014 -0.199626
vn 0.988376 0.057498 -0.140735
vn 0.993889 0.057881 -0.093994
vn 0.882803 0.013168 -0.469559
vn 0.931215 0.013200 -0.364232
vn 0.961485 0.013359 -0.274531
vn 0.979563 0.013549 -0.200678
vn 0.989869 0.013709 -0.141322
vn 0.995425 0.013834 -0.094542
vn 0.872688 -0.467614 -0.140545
vn 0.878680 -0.468479 -0.091913
vn 0.849716 0.527075 -0.013207
vn 0.849806 0.527095 -0.000000
vn 0.896969 0.441898 -0.013160
vn 0.897027 0.441975 -0.000000
vn 0.896969 0.441898 0.013160
vn 0.931215 0.364232 -0.013200
vn 0.931243 0.364399 0.000000
vn 0.931215 0.364232 0.013200
vn 0.930968 0.363831 0.030426
vn 0.961485 0.274531 -0.013359
vn 0.961524 0.274721 0.000000
vn 0.961485 0.274531 0.013359
vn 0.961214 0.274086 0.030742
vn 0.960280 0.273276 0.056421
vn 0.979563 0.200678 -0.013549
vn 0.979623 0.200843 -0.000000
vn 0.979563 0.200678 0.013549
vn 0.979240 0.200299 0.031134
vn 0.978212 0.199626 0.057014
vn 0.975680 0.198698 0.092567
vn 0.989869 0.141322 -0.013709
vn 0.989949 0.141421 -0.000000
vn 0.989869 0.141322 0.013709
vn 0.989495 0.141101 0.031459
vn 0.988376 0.140735 0.057498
vn 0.985722 0.140301 0.093105
vn 0.980196 0.140028 0.140028
vn 0.998181 0.058656 -0.013944
vn 0.998274 0.058722 -0.000000
vn 0.998181 0.058656 0.013944
vn 0.997776 0.058507 0.031945
vn 0.996602 0.058243 0.058243
vn 0.993889 0.057881 0.093994
vn 0.988376 0.057498 0.140735
vn 0.978212 0.057014 0.199626
vn 0.999802 0.014064 -0.014064
vn 0.999901 0.014083 -0.000000
vn 0.999802 0.014064 0.014064
vn 0.999383 0.014021 0.032201
vn 0.998181 0.013944 0.058656
vn 0.995425 0.013834 0.094542
vn 0.989869 0.013709 0.141322
vn 0.979563 0.013549 0.200678
vn 0.961485 0.013359 0.274531
vn 0.999901 -0.000000 -0.014083
vn 1.000000 -0.000000 -0.000000
vn 0.999901 -0.000000 0.014083
vn 0.999480 -0.000000 0.032241
vn 0.998274 -0.000000 0.058722
vn 0.995512 -0.000000 0.094630
vn 0.989949 -0.000000 0.141421
vn 0.979623 -0.000000 0.200843
vn 0.961524 0.000000 0.274721
vn 0.931243 0.000000 0.364399
vn 0.999802 -0.014064 -0.014064
vn 0.999901 -0.014083 -0.000000
vn 0.999802 -0.014064 0.014064
vn 0.999383 -0.014021 0.032201
vn 0.998181 -0.013944 0.058656
vn 0.995425 -0.013834 0.094542
vn 0.989869 -0.013709 0.141322
vn 0.979563 -0.013549 0.200678
vn 0.961485 -0.013359 0.274531
vn 0.931215 -0.013200 0.364232
vn 0.998181 -0.058656 -0.013944
vn 0.998274 -0.058722 -0.000000
vn 0.998181 -0.058656 0.013944
vn 0.997776 -0.058507 0.031945
vn 0.996602 -0.058243 0.058243
vn 0.993889 -0.057881 0.093994
vn 0.988376 -0.057498 0.140735
vn 0.978212 -0.057014 0.199626
vn 0.960280 -0.056421 0.273276
vn 0.930073 -0.055978 0.363085
vn 0.989869 -0.141322 -0.013709
vn 0.989949 -0.141421 0.000000
vn 0.989869 -0.141322 0.013709
vn 0.989495 -0.141101 0.031459
vn 0.988376 -0.140735 0.057498
vn 0.985722 -0.140301 0.093105
vn 0.980196 -0.140028 0.140028
vn 0.970250 -0.139710 0.197725
vn 0.952518 -0.139255 0.270771
vn 0.922239 -0.139258 0.360669
vn 0.979563 -0.200678 -0.013549
vn 0.979623 -0.200843 0.000000
vn 0.979563 -0.200678 0.013549
vn 0.979240 -0.200299 0.031134
vn 0.978212 -0.199626 0.057014
vn 0.975680 -0.198698 0.092567
vn 0.970250 -0.197725 0.139710
vn 0.960160 -0.197601 0.197601
vn 0.942084 -0.198451 0.270360
vn 0.911659 -0.199390 0.359335
vn 0.882872 -0.469613 -0.000000
vn 0.845367 0.526123 0.092459
vn 0.887125 0.439756 0.140084
vn 0.911659 0.359335 0.199390
vn 0.923728 0.270857 0.270857
vn 0.911659 0.199390 0.359335
vn 0.839240 0.524992 0.141634
vn 0.877227 0.436859 0.199064
vn 0.893741 0.357524 0.270930
vn 0.893741 0.270930 0.357524
vn 0.872688 -0.467614 0.140545
vn 0.863118 -0.464273 0.198691
vn 0.847926 -0.457135 0.268419
vn 0.821260 -0.449031 0.352000
vn -0.623980 -0.623980 -0.470424
vn -0.577350 -0.577350 -0.577350
vn -0.531459 -0.659622 -0.531459
vn -0.470424 -0.623980 -0.623980
vn -0.439365 -0.715372 -0.543324
vn -0.336037 -0.665988 -0.665988
vn -0.346717 -0.755634 -0.555701
vn -0.263372 -0.779021 -0.569000
vn -0.352000 -0.821260 -0.449031
vn -0.268419 -0.847926 -0.457135
vn -0.354973 -0.864863 -0.354973
vn -0.270930 -0.893741 -0.357524
vn -0.357524 -0.893741 -0.270930
vn -0.270857 -0.923728 -0.270857
vn -0.359335 -0.911659 -0.199390
vn -0.270360 -0.942084 -0.198451
vn -0.360669 -0.922239 -0.139258
vn -0.270771 -0.952518 -0.139255
vn -0.361985 -0.927685 -0.091473
vn -0.272110 -0.957869 -0.091887
vn -0.363085 -0.930073 -0.055978
vn -0.273276 -0.960280 -0.056421
vn -0.363831 -0.930968 -0.030426
vn -0.274086 -0.961214 -0.030742
vn -0.364232 -0.931215 -0.013200
vn -0.274531 -0.961485 -0.013359
vn -0.364399 -0.931243 -0.000000
vn -0.274721 -0.961524 -0.000000
vn -0.364232 -0.931215 0.013200
vn -0.274531 -0.961485 0.013359
vn -0.363831 -0.930968 0.030426
vn -0.274086 -0.961214 0.030742
vn -0.363085 -0.930073 0.055978
vn -0.273276 -0.960280 0.056421
vn -0.361985 -0.927685 0.091473
vn -0.272110 -0.957869 0.091887
vn -0.360669 -0.922239 0.139258
vn -0.270771 -0.952518 0.139255
vn -0.359335 -0.911659 0.199390
vn -0.270360 -0.942084 0.198451
vn -0.357524 -0.893741 0.270930
vn -0.270857 -0.923728 0.270857
vn -0.354973 -0.864863 0.354973
vn -0.270930 -0.893741 0.357524
vn -0.349825 -0.791439 0.501246
vn -0.266093 -0.816714 0.512028
vn -0.197727 -0.830422 0.520868
vn -0.141634 -0.839240 0.524992
vn -0.056320 -0.848178 0.526708
vn -0.013207 -0.849716 0.527075
vn -0.000000 -0.849806 0.527095
vn 0.013207 -0.849716 0.527075
vn 0.013200 -0.931215 0.364232
vn 0.055978 -0.930073 0.363085
vn 0.056421 -0.960280 0.273276
vn 0.139255 -0.952518 0.270771
vn 0.139710 -0.970250 0.197725
vn 0.197601 -0.960160 0.197601
vn 0.197725 -0.970250 0.139710
vn 0.270771 -0.952518 0.139255
vn 0.272110 -0.957869 0.091887
vn 0.361985 -0.927685 0.091473
vn 0.363085 -0.930073 0.055978
vn 0.441278 -0.895623 0.055978
vn 0.441691 -0.896653 0.030372
vn 0.526978 -0.849331 0.030511
vn 0.527075 -0.849716 0.013207
vn 0.616961 -0.786881 0.013293
vn 0.616973 -0.786984 -0.000000
vn 0.616961 -0.786881 -0.013293
vn 0.616848 -0.786482 -0.030731
vn 0.616452 -0.785342 -0.056785
vn 0.526978 -0.849331 -0.030511
vn 0.526708 -0.848178 -0.056320
vn 0.441691 -0.896653 -0.030372
vn 0.441278 -0.895623 -0.055978
vn 0.363831 -0.930968 -0.030426
vn 0.363085 -0.930073 -0.055978
vn 0.274086 -0.961214 -0.030742
vn 0.273276 -0.960280 -0.056421
vn 0.200299 -0.979240 -0.031134
vn 0.199626 -0.978212 -0.057014
vn 0.141101 -0.989495 -0.031459
vn 0.140735 -0.988376 -0.057498
vn 0.058507 -0.997776 -0.031945
vn 0.058243 -0.996602 -0.058243
vn 0.014021 -0.999383 -0.032201
vn 0.013944 -0.998181 -0.058656
vn 0.000000 -0.999480 -0.032241
vn 0.000000 -0.998274 -0.058722
vn -0.014021 -0.999383 -0.032201
vn -0.013944 -0.998181 -0.058656
vn -0.058507 -0.997776 -0.031945
vn -0.058243 -0.996602 -0.058243
vn -0.141101 -0.989495 -0.031459
vn -0.140735 -0.988376 -0.057498
vn -0.200299 -0.979240 -0.031134
vn -0.199626 -0.978212 -0.057014
vn -0.224662 -0.689031 -0.689031
vn -0.196653 -0.791335 -0.578892
vn -0.198691 -0.863118 -0.464273
vn -0.199390 -0.911659 -0.359335
vn -0.198451 -0.942084 -0.270360
vn -0.197601 -0.960160 -0.197601
vn -0.197725 -0.970250 -0.139710
vn -0.198698 -0.975680 -0.092567
vn -0.144064 -0.699730 -0.699730
vn -0.142768 -0.799321 -0.583698
vn -0.140545 -0.872688 -0.467614
vn -0.139258 -0.922239 -0.360669
vn -0.139255 -0.952518 -0.270771
vn -0.139710 -0.970250 -0.197725
vn -0.140028 -0.980196 -0.140028
vn -0.140301 -0.985722 -0.093105
vn -0.073942 -0.705171 -0.705171
vn -0.056635 -0.808106 -0.586308
vn -0.056063 -0.881385 -0.469060
vn -0.055978 -0.930073 -0.363085
vn -0.056421 -0.960280 -0.273276
vn -0.057014 -0.978212 -0.199626
vn -0.057498 -0.988376 -0.140735
vn -0.057881 -0.993889 -0.093994
vn -0.030853 -0.706770 -0.706770
vn -0.013264 -0.809681 -0.586721
vn -0.013168 -0.882803 -0.469559
vn -0.013200 -0.931215 -0.364232
vn -0.013359 -0.961485 -0.274531
vn -0.013549 -0.979563 -0.200678
vn -0.013709 -0.989869 -0.141322
vn -0.013834 -0.995425 -0.094542
vn -0.000000 -0.707107 -0.707107
vn -0.000000 -0.809783 -0.586729
vn -0.000000 -0.882872 -0.469613
vn 0.000000 -0.931243 -0.364399
vn -0.000000 -0.961524 -0.274721
vn -0.000000 -0.979623 -0.200843
vn 0.000000 -0.989949 -0.141421
vn 0.000000 -0.995512 -0.094630
vn 0.013264 -0.809681 -0.586721
vn 0.030853 -0.706770 -0.706770
vn 0.056635 -0.808106 -0.586308
vn 0.073942 -0.705171 -0.705171
vn 0.142768 -0.799321 -0.583698
vn 0.144064 -0.699730 -0.699730
vn 0.196653 -0.791335 -0.578892
vn 0.224662 -0.689031 -0.689031
vn 0.263372 -0.779021 -0.569000
vn 0.336037 -0.665988 -0.665988
vn 0.346717 -0.755634 -0.555701
vn 0.415596 -0.727266 -0.546228
vn 0.352000 -0.821260 -0.449031
vn 0.419524 -0.791341 -0.444724
vn 0.354973 -0.864863 -0.354973
vn 0.424086 -0.834053 -0.352854
vn 0.357524 -0.893741 -0.270930
vn 0.430819 -0.861302 -0.269359
vn 0.359335 -0.911659 -0.199390
vn 0.436859 -0.877227 -0.199064
vn 0.360669 -0.922239 -0.139258
vn 0.439756 -0.887125 -0.140084
vn 0.361985 -0.927685 -0.091473
vn 0.440624 -0.892995 -0.091704
vn 0.470424 -0.623980 -0.623980
vn 0.486564 -0.688627 -0.537631
vn 0.493166 -0.749489 -0.441649
vn 0.501246 -0.791439 -0.349825
vn 0.512028 -0.816714 -0.266093
vn 0.520868 -0.830422 -0.197727
vn 0.524992 -0.839240 -0.141634
vn 0.526123 -0.845367 -0.092459
vn 0.552423 -0.645167 -0.527814
vn 0.568141 -0.696920 -0.437628
vn 0.583377 -0.735433 -0.344688
vn 0.597832 -0.757617 -0.261941
vn 0.608022 -0.769311 -0.196138
vn 0.613152 -0.776864 -0.143272
vn 0.615432 -0.782642 -0.093354
vn 0.616848 -0.786482 0.030731
vn 0.526708 -0.848178 0.056320
vn 0.440624 -0.892995 0.091704
vn 0.360669 -0.922239 0.139258
vn 0.270360 -0.942084 0.198451
vn 0.198451 -0.942084 0.270360
vn 0.139258 -0.922239 0.360669
vn 0.056320 -0.848178 0.526708
vn 0.616452 -0.785342 0.056785
vn 0.615432 -0.782642 0.093354
vn 0.613152 -0.776864 0.143272
vn 0.608022 -0.769311 0.196138
vn 0.520868 -0.830422 0.197727
vn 0.512028 -0.816714 0.266093
vn 0.430819 -0.861302 0.269359
vn 0.424086 -0.834053 0.352854
vn 0.354973 -0.864863 0.354973
vn 0.349825 -0.791439 0.501246
vn 0.266093 -0.816714 0.512028
vn 0.597832 -0.757617 0.261941
vn 0.501246 -0.791439 0.349825
vn 0.417753 -0.761949 0.494890
vn 0.583377 -0.735433 0.344688
vn 0.490046 -0.720908 0.490046
vn 0.560548 -0.671827 0.484184
vn 0.197727 -0.830422 0.520868
vn 0.141634 -0.839240 0.524992
vn -0.441649 -0.749489 0.493166
vn -0.537631 -0.688627 0.486564
vn -0.623980 -0.623980 0.470424
vn -0.555701 -0.755634 0.346717
vn -0.665988 -0.665988 0.336037
vn -0.569000 -0.779021 0.263372
vn -0.689031 -0.689031 0.224662
vn -0.578892 -0.791335 0.196653
vn -0.699730 -0.699730 0.144064
vn -0.583698 -0.799321 0.142768
vn -0.585493 -0.805317 0.093073
vn -0.468479 -0.878680 0.091913
vn -0.469060 -0.881385 0.056063
vn -0.705171 -0.705171 0.073942
vn -0.586308 -0.808106 0.056635
vn -0.469400 -0.882462 0.030401
vn -0.706770 -0.706770 0.030853
vn -0.586629 -0.809276 0.030658
vn -0.469559 -0.882803 0.013168
vn -0.586721 -0.809681 0.013264
vn -0.707107 -0.707107 -0.000000
vn -0.586729 -0.809783 -0.000000
vn -0.586721 -0.809681 -0.013264
vn -0.469559 -0.882803 -0.013168
vn -0.469400 -0.882462 -0.030401
vn -0.706770 -0.706770 -0.030853
vn -0.586629 -0.809276 -0.030658
vn -0.469060 -0.881385 -0.056063
vn -0.586308 -0.808106 -0.056635
vn -0.705171 -0.705171 -0.073942
vn -0.585493 -0.805317 -0.093073
vn -0.699730 -0.699730 -0.144064
vn -0.583698 -0.799321 -0.142768
vn -0.578892 -0.791335 -0.196653
vn -0.464273 -0.863118 -0.198691
vn -0.457135 -0.847926 -0.268419
vn -0.689031 -0.689031 -0.224662
vn -0.569000 -0.779021 -0.263372
vn -0.449031 -0.821260 -0.352000
vn -0.665988 -0.665988 -0.336037
vn -0.555701 -0.755634 -0.346717
vn -0.443602 -0.778739 -0.443602
vn -0.543324 -0.715372 -0.439365
vn 0.268419 -0.847926 -0.457135
vn 0.270930 -0.893741 -0.357524
vn 0.270857 -0.923728 -0.270857
vn 0.270360 -0.942084 -0.198451
vn 0.270771 -0.952518 -0.139255
vn 0.272110 -0.957869 -0.091887
vn 0.198691 -0.863118 -0.464273
vn 0.199390 -0.911659 -0.359335
vn 0.198451 -0.942084 -0.270360
vn 0.197601 -0.960160 -0.197601
vn 0.197725 -0.970250 -0.139710
vn 0.198698 -0.975680 -0.092567
vn 0.140545 -0.872688 -0.467614
vn 0.139258 -0.922239 -0.360669
vn 0.139255 -0.952518 -0.270771
vn 0.139710 -0.970250 -0.197725
vn 0.140028 -0.980196 -0.140028
vn 0.140301 -0.985722 -0.093105
vn 0.056063 -0.881385 -0.469060
vn 0.055978 -0.930073 -0.363085
vn 0.056421 -0.960280 -0.273276
vn 0.057014 -0.978212 -0.199626
vn 0.057498 -0.988376 -0.140735
vn 0.057881 -0.993889 -0.093994
vn 0.013168 -0.882803 -0.469559
vn 0.013200 -0.931215 -0.364232
vn 0.013359 -0.961485 -0.274531
vn 0.013549 -0.979563 -0.200678
vn 0.013709 -0.989869 -0.141322
vn 0.013834 -0.995425 -0.094542
vn -0.467614 -0.872688 -0.140545
vn -0.468479 -0.878680 -0.091913
vn 0.527075 -0.849716 -0.013207
vn 0.527095 -0.849806 -0.000000
vn 0.441898 -0.896969 -0.013160
vn 0.441975 -0.897027 -0.000000
vn 0.441898 -0.896969 0.013160
vn 0.364232 -0.931215 -0.013200
vn 0.364399 -0.931243 -0.000000
vn 0.364232 -0.931215 0.013200
vn 0.363831 -0.930968 0.030426
vn 0.274531 -0.961485 -0.013359
vn 0.274721 -0.961524 0.000000
vn 0.274531 -0.961485 0.013359
vn 0.274086 -0.961214 0.030742
vn 0.273276 -0.960280 0.056421
vn 0.200678 -0.979563 -0.013549
vn 0.200843 -0.979623 0.000000
vn 0.200678 -0.979563 0.013549
vn 0.200299 -0.979240 0.031134
vn 0.199626 -0.978212 0.057014
vn 0.198698 -0.975680 0.092567
vn 0.141322 -0.989869 -0.013709
vn 0.141421 -0.989949 -0.000000
vn 0.141322 -0.989869 0.013709
vn 0.141101 -0.989495 0.031459
vn 0.140735 -0.988376 0.057498
vn 0.140301 -0.985722 0.093105
vn 0.140028 -0.980196 0.140028
vn 0.058656 -0.998181 -0.013944
vn 0.058722 -0.998274 -0.000000
vn 0.058656 -0.998181 0.013944
vn 0.058507 -0.997776 0.031945
vn 0.058243 -0.996602 0.058243
vn 0.057881 -0.993889 0.093994
vn 0.057498 -0.988376 0.140735
vn 0.057014 -0.978212 0.199626
vn 0.014064 -0.999802 -0.014064
vn 0.014083 -0.999901 -0.000000
vn 0.014064 -0.999802 0.014064
vn 0.014021 -0.999383 0.032201
vn 0.013944 -0.998181 0.058656
vn 0.013834 -0.995425 0.094542
vn 0.013709 -0.989869 0.141322
vn 0.013549 -0.979563 0.200678
vn 0.013359 -0.961485 0.274531
vn 0.000000 -0.999901 -0.014083
vn 0.000000 -1.000000 -0.000000
vn -0.000000 -0.999901 0.014083
vn -0.000000 -0.999480 0.032241
vn -0.000000 -0.998274 0.058722
vn -0.000000 -0.995512 0.094630
vn -0.000000 -0.989949 0.141421
vn -0.000000 -0.979623 0.200843
vn 0.000000 -0.961524 0.274721
vn 0.000000 -0.931243 0.364399
vn -0.014064 -0.999802 -0.014064
vn -0.014083 -0.999901 -0.000000
vn -0.014064 -0.999802 0.014064
vn -0.014021 -0.999383 0.032201
vn -0.013944 -0.998181 0.058656
vn -0.013834 -0.995425 0.094542
vn -0.013709 -0.989869 0.141322
vn -0.013549 -0.979563 0.200678
vn -0.013359 -0.961485 0.274531
vn -0.013200 -0.931215 0.364232
vn -0.058656 -0.998181 -0.013944
vn -0.058722 -0.998274 -0.000000
vn -0.058656 -0.998181 0.013944
vn -0.058507 -0.997776 0.031945
vn -0.058243 -0.996602 0.058243
vn -0.057881 -0.993889 0.093994
vn -0.057498 -0.988376 0.140735
vn -0.057014 -0.978212 0.199626
vn -0.056421 -0.960280 0.273276
vn -0.055978 -0.930073 0.363085
vn -0.141322 -0.989869 -0.013709
vn -0.141421 -0.989949 -0.000000
vn -0.141322 -0.989869 0.013709
vn -0.141101 -0.989495 0.031459
vn -0.140735 -0.988376 0.057498
vn -0.140301 -0.985722 0.093105
vn -0.140028 -0.980196 0.140028
vn -0.139710 -0.970250 0.197725
vn -0.139255 -0.952518 0.270771
vn -0.139258 -0.922239 0.360669
vn -0.200678 -0.979563 -0.013549
vn -0.200843 -0.979623 -0.000000
vn -0.200678 -0.979563 0.013549
vn -0.200299 -0.979240 0.031134
vn -0.199626 -0.978212 0.057014
vn -0.198698 -0.975680 0.092567
vn -0.197725 -0.970250 0.139710
vn -0.197601 -0.960160 0.197601
vn -0.198451 -0.942084 0.270360
vn -0.199390 -0.911659 0.359335
vn -0.469613 -0.882872 -0.000000
vn 0.526123 -0.845367 0.092459
vn 0.439756 -0.887125 0.140084
vn 0.359335 -0.911659 0.199390
vn 0.270857 -0.923728 0.270857
vn 0.199390 -0.911659 0.359335
vn 0.524992 -0.839240 0.141634
vn 0.436859 -0.877227 0.199064
vn 0.357524 -0.893741 0.270930
vn 0.270930 -0.893741 0.357524
vn -0.467614 -0.872688 0.140545
vn -0.464273 -0.863118 0.198691
vn -0.457135 -0.847926 0.268419
vn -0.449031 -0.821260 0.352000
vn -0.531459 -0.531459 -0.659622
vn -0.623980 -0.470424 -0.623980
vn -0.543324 -0.439365 -0.715372
vn -0.665988 -0.336037 -0.665988
vn -0.555701 -0.346717 -0.755634
vn -0.569000 -0.263372 -0.779021
vn -0.449031 -0.352000 -0.821260
vn -0.457135 -0.268419 -0.847926
vn -0.354973 -0.354973 -0.864863
vn -0.357524 -0.270930 -0.893741
vn -0.270930 -0.357524 -0.893741
vn -0.270857 -0.270857 -0.923728
vn -0.199390 -0.359335 -0.911659
vn -0.198451 -0.270360 -0.942084
vn -0.139258 -0.360669 -0.922239
vn -0.139255 -0.270771 -0.952518
vn -0.091473 -0.361985 -0.927685
vn -0.091887 -0.272110 -0.957869
vn -0.055978 -0.363085 -0.930073
vn -0.056421 -0.273276 -0.960280
vn -0.030426 -0.363831 -0.930968
vn -0.030742 -0.274086 -0.961214
vn -0.013200 -0.364232 -0.931215
vn -0.013359 -0.274531 -0.961485
vn -0.000000 -0.364399 -0.931243
vn 0.000000 -0.274721 -0.961524
vn 0.013200 -0.364232 -0.931215
vn 0.013359 -0.274531 -0.961485
vn 0.030426 -0.363831 -0.930968
vn 0.030742 -0.274086 -0.961214
vn 0.055978 -0.363085 -0.930073
vn 0.056421 -0.273276 -0.960280
vn 0.091473 -0.361985 -0.927685
vn 0.091887 -0.272110 -0.957869
vn 0.139258 -0.360669 -0.922239
vn 0.139255 -0.270771 -0.952518
vn 0.199390 -0.359335 -0.911659
vn 0.198451 -0.270360 -0.942084
vn 0.270930 -0.357524 -0.893741
vn 0.270857 -0.270857 -0.923728
vn 0.354973 -0.354973 -0.864863
vn 0.357524 -0.270930 -0.893741
vn 0.501246 -0.349825 -0.791439
vn 0.512028 -0.266093 -0.816714
vn 0.520868 -0.197727 -0.830422
vn 0.524992 -0.141634 -0.839240
vn 0.526708 -0.056320 -0.848178
vn 0.527075 -0.013207 -0.849716
vn 0.527095 -0.000000 -0.849806
vn 0.527075 0.013207 -0.849716
vn 0.364232 0.013200 -0.931215
vn 0.363085 0.055978 -0.930073
vn 0.273276 0.056421 -0.960280
vn 0.270771 0.139255 -0.952518
vn 0.197725 0.139710 -0.970250
vn 0.197601 0.197601 -0.960160
vn 0.139710 0.197725 -0.970250
vn 0.139255 0.270771 -0.952518
vn 0.091887 0.272110 -0.957869
vn 0.091473 0.361985 -0.927685
vn 0.055978 0.363085 -0.930073
vn 0.055978 0.441278 -0.895623
vn 0.030372 0.441691 -0.896653
vn 0.030511 0.526978 -0.849331
vn 0.013207 0.527075 -0.849716
vn 0.013293 0.616961 -0.786881
vn -0.000000 0.616973 -0.786984
vn -0.013293 0.616961 -0.786881
vn -0.030731 0.616848 -0.786482
vn -0.056785 0.616452 -0.785342
vn -0.030511 0.526978 -0.849331
vn -0.056320 0.526708 -0.848178
vn -0.030372 0.441691 -0.896653
vn -0.055978 0.441278 -0.895623
vn -0.030426 0.363831 -0.930968
vn -0.055978 0.363085 -0.930073
vn -0.030742 0.274086 -0.961214
vn -0.056421 0.273276 -0.960280
vn -0.031134 0.200299 -0.979240
vn -0.057014 0.199626 -0.978212
vn -0.031459 0.141101 -0.989495
vn -0.057498 0.140735 -0.988376
vn -0.031945 0.058507 -0.997776
vn -0.058243 0.058243 -0.996602
vn -0.032201 0.014021 -0.999383
vn -0.058656 0.013944 -0.998181
vn -0.032241 0.000000 -0.999480
vn -0.058722 0.000000 -0.998274
vn -0.032201 -0.014021 -0.999383
vn -0.058656 -0.013944 -0.998181
vn -0.031945 -0.058507 -0.997776
vn -0.058243 -0.058243 -0.996602
vn -0.031459 -0.141101 -0.989495
vn -0.057498 -0.140735 -0.988376
vn -0.031134 -0.200299 -0.979240
vn -0.057014 -0.199626 -0.978212
vn -0.689031 -0.224662 -0.689031
vn -0.578892 -0.196653 -0.791335
vn -0.464273 -0.198691 -0.863118
vn -0.359335 -0.199390 -0.911659
vn -0.270360 -0.198451 -0.942084
vn -0.197601 -0.197601 -0.960160
vn -0.139710 -0.197725 -0.970250
vn -0.092567 -0.198698 -0.975680
vn -0.699730 -0.144064 -0.699730
vn -0.583698 -0.142768 -0.799321
vn -0.467614 -0.140545 -0.872688
vn -0.360669 -0.139258 -0.922239
vn -0.270771 -0.139255 -0.952518
vn -0.197725 -0.139710 -0.970250
vn -0.140028 -0.140028 -0.980196
vn -0.093105 -0.140301 -0.985722
vn -0.705171 -0.073942 -0.705171
vn -0.586308 -0.056635 -0.808106
vn -0.469060 -0.056063 -0.881385
vn -0.363085 -0.055978 -0.930073
vn -0.273276 -0.056421 -0.960280
vn -0.199626 -0.057014 -0.978212
vn -0.140735 -0.057498 -0.988376
vn -0.093994 -0.057881 -0.993889
vn -0.706770 -0.030853 -0.706770
vn -0.586721 -0.013264 -0.809681
vn -0.469559 -0.013168 -0.882803
vn -0.364232 -0.013200 -0.931215
vn -0.274531 -0.013359 -0.961485
vn -0.200678 -0.013549 -0.979563
vn -0.141322 -0.013709 -0.989869
vn -0.094542 -0.013834 -0.995425
vn -0.707107 -0.000000 -0.707107
vn -0.586729 -0.000000 -0.809783
vn -0.469613 -0.000000 -0.882872
vn -0.364399 0.000000 -0.931243
vn -0.274721 -0.000000 -0.961524
vn -0.200843 -0.000000 -0.979623
vn -0.141421 0.000000 -0.989949
vn -0.094630 0.000000 -0.995512
vn -0.586721 0.013264 -0.809681
vn -0.706770 0.030853 -0.706770
vn -0.586308 0.056635 -0.808106
vn -0.705171 0.073942 -0.705171
vn -0.583698 0.142768 -0.799321
vn -0.699730 0.144064 -0.699730
vn -0.578892 0.196653 -0.791335
vn -0.689031 0.224662 -0.689031
vn -0.569000 0.263372 -0.779021
vn -0.665988 0.336037 -0.665988
vn -0.555701 0.346717 -0.755634
vn -0.546228 0.415596 -0.727266
vn -0.449031 0.352000 -0.821260
vn -0.444724 0.419524 -0.791341
vn -0.354973 0.354973 -0.864863
vn -0.352854 0.424086 -0.834053
vn -0.270930 0.357524 -0.893741
vn -0.269359 0.430819 -0.861302
vn -0.199390 0.359335 -0.911659
vn -0.199064 0.436859 -0.877227
vn -0.139258 0.360669 -0.922239
vn -0.140084 0.439756 -0.887125
vn -0.091473 0.361985 -0.927685
vn -0.091704 0.440624 -0.892995
vn -0.623980 0.470424 -0.623980
vn -0.537631 0.486564 -0.688627
vn -0.441649 0.493166 -0.749489
vn -0.349825 0.501246 -0.791439
vn -0.266093 0.512028 -0.816714
vn -0.197727 0.520868 -0.830422
vn -0.141634 0.524992 -0.839240
vn -0.092459 0.526123 -0.845367
vn -0.527814 0.552423 -0.645167
vn -0.437628 0.568141 -0.696920
vn -0.344688 0.583377 -0.735433
vn -0.261941 0.597832 -0.757617
vn -0.196138 0.608022 -0.769311
vn -0.143272 0.613152 -0.776864
vn -0.093354 0.615432 -0.782642
vn 0.030731 0.616848 -0.786482
vn 0.056320 0.526708 -0.848178
vn 0.091704 0.440624 -0.892995
vn 0.139258 0.360669 -0.922239
vn 0.198451 0.270360 -0.942084
vn 0.270360 0.198451 -0.942084
vn 0.360669 0.139258 -0.922239
vn 0.526708 0.056320 -0.848178
vn 0.056785 0.616452 -0.785342
vn 0.093354 0.615432 -0.782642
vn 0.143272 0.613152 -0.776864
vn 0.196138 0.608022 -0.769311
vn 0.197727 0.520868 -0.830422
vn 0.266093 0.512028 -0.816714
vn 0.269359 0.430819 -0.861302
vn 0.352854 0.424086 -0.834053
vn 0.354973 0.354973 -0.864863
vn 0.501246 0.349825 -0.791439
vn 0.512028 0.266093 -0.816714
vn 0.261941 0.597832 -0.757617
vn 0.349825 0.501246 -0.791439
vn 0.494890 0.417753 -0.761949
vn 0.344688 0.583377 -0.735433
vn 0.490046 0.490046 -0.720908
vn 0.484184 0.560548 -0.671827
vn 0.520868 0.197727 -0.830422
vn 0.524992 0.141634 -0.839240
vn 0.493166 -0.441649 -0.749489
vn 0.486564 -0.537631 -0.688627
vn 0.346717 -0.555701 -0.755634
vn 0.263372 -0.569000 -0.779021
vn 0.196653 -0.578892 -0.791335
vn 0.142768 -0.583698 -0.799321
vn 0.093073 -0.585493 -0.805317
vn 0.091913 -0.468479 -0.878680
vn 0.056063 -0.469060 -0.881385
vn 0.056635 -0.586308 -0.808106
vn 0.030401 -0.469400 -0.882462
vn 0.030658 -0.586629 -0.809276
vn 0.013168 -0.469559 -0.882803
vn 0.013264 -0.586721 -0.809681
vn -0.000000 -0.586729 -0.809783
vn -0.013264 -0.586721 -0.809681
vn -0.013168 -0.469559 -0.882803
vn -0.030401 -0.469400 -0.882462
vn -0.030658 -0.586629 -0.809276
vn -0.056063 -0.469060 -0.881385
vn -0.056635 -0.586308 -0.808106
vn -0.093073 -0.585493 -0.805317
vn -0.142768 -0.583698 -0.799321
vn -0.196653 -0.578892 -0.791335
vn -0.198691 -0.464273 -0.863118
vn -0.268419 -0.457135 -0.847926
vn -0.263372 -0.569000 -0.779021
vn -0.352000 -0.449031 -0.821260
vn -0.346717 -0.555701 -0.755634
vn -0.443602 -0.443602 -0.778739
vn -0.439365 -0.543324 -0.715372
vn -0.457135 0.268419 -0.847926
vn -0.357524 0.270930 -0.893741
vn -0.270857 0.270857 -0.923728
vn -0.198451 0.270360 -0.942084
vn -0.139255 0.270771 -0.952518
vn -0.091887 0.272110 -0.957869
vn -0.464273 0.198691 -0.863118
vn -0.359335 0.199390 -0.911659
vn -0.270360 0.198451 -0.942084
vn -0.197601 0.197601 -0.960160
vn -0.139710 0.197725 -0.970250
vn -0.092567 0.198698 -0.975680
vn -0.467614 0.140545 -0.872688
vn -0.360669 0.139258 -0.922239
vn -0.270771 0.139255 -0.952518
vn -0.197725 0.139710 -0.970250
vn -0.140028 0.140028 -0.980196
vn -0.093105 0.140301 -0.985722
vn -0.469060 0.056063 -0.881385
vn -0.363085 0.055978 -0.930073
vn -0.273276 0.056421 -0.960280
vn -0.199626 0.057014 -0.978212
vn -0.140735 0.057498 -0.988376
vn -0.093994 0.057881 -0.993889
vn -0.469559 0.013168 -0.882803
vn -0.364232 0.013200 -0.931215
vn -0.274531 0.013359 -0.961485
vn -0.200678 0.013549 -0.979563
vn -0.141322 0.013709 -0.989869
vn -0.094542 0.013834 -0.995425
vn -0.140545 -0.467614 -0.872688
vn -0.091913 -0.468479 -0.878680
vn -0.013207 0.527075 -0.849716
vn -0.000000 0.527095 -0.849806
vn -0.013160 0.441898 -0.896969
vn -0.000000 0.441975 -0.897027
vn 0.013160 0.441898 -0.896969
vn -0.013200 0.364232 -0.931215
vn 0.000000 0.364399 -0.931243
vn 0.013200 0.364232 -0.931215
vn 0.030426 0.363831 -0.930968
vn -0.013359 0.274531 -0.961485
vn 0.000000 0.274721 -0.961524
vn 0.013359 0.274531 -0.961485
vn 0.030742 0.274086 -0.961214
vn 0.056421 0.273276 -0.960280
vn -0.013549 0.200678 -0.979563
vn 0.000000 0.200843 -0.979623
vn 0.013549 0.200678 -0.979563
vn 0.031134 0.200299 -0.979240
vn 0.057014 0.199626 -0.978212
vn 0.092567 0.198698 -0.975680
vn -0.013709 0.141322 -0.989869
vn 0.000000 0.141421 -0.989949
vn 0.013709 0.141322 -0.989869
vn 0.031459 0.141101 -0.989495
vn 0.057498 0.140735 -0.988376
vn 0.093105 0.140301 -0.985722
vn 0.140028 0.140028 -0.980196
vn -0.013944 0.058656 -0.998181
vn -0.000000 0.058722 -0.998274
vn 0.013944 0.058656 -0.998181
vn 0.031945 0.058507 -0.997776
vn 0.058243 0.058243 -0.996602
vn 0.093994 0.057881 -0.993889
vn 0.140735 0.057498 -0.988376
vn 0.199626 0.057014 -0.978212
vn -0.014064 0.014064 -0.999802
vn -0.000000 0.014083 -0.999901
vn 0.014064 0.014064 -0.999802
vn 0.032201 0.014021 -0.999383
vn 0.058656 0.013944 -0.998181
vn 0.094542 0.013834 -0.995425
vn 0.141322 0.013709 -0.989869
vn 0.200678 0.013549 -0.979563
vn 0.274531 0.013359 -0.961485
vn -0.014083 0.000000 -0.999901
vn 0.000000 -0.000000 -1.000000
vn 0.014083 -0.000000 -0.999901
vn 0.032241 -0.000000 -0.999480
vn 0.058722 -0.000000 -0.998274
vn 0.094630 -0.000000 -0.995512
vn 0.141421 -0.000000 -0.989949
vn 0.200843 -0.000000 -0.979623
vn 0.274721 0.000000 -0.961524
vn 0.364399 0.000000 -0.931243
vn -0.014064 -0.014064 -0.999802
vn 0.000000 -0.014083 -0.999901
vn 0.014064 -0.014064 -0.999802
vn 0.032201 -0.014021 -0.999383
vn 0.058656 -0.013944 -0.998181
vn 0.094542 -0.013834 -0.995425
vn 0.141322 -0.013709 -0.989869
vn 0.200678 -0.013549 -0.979563
vn 0.274531 -0.013359 -0.961485
vn 0.364232 -0.013200 -0.931215
vn -0.013944 -0.058656 -0.998181
vn 0.000000 -0.058722 -0.998274
vn 0.013944 -0.058656 -0.998181
vn 0.031945 -0.058507 -0.997776
vn 0.058243 -0.058243 -0.996602
vn 0.093994 -0.057881 -0.993889
vn 0.140735 -0.057498 -0.988376
vn 0.199626 -0.057014 -0.978212
vn 0.273276 -0.056421 -0.960280
vn 0.363085 -0.055978 -0.930073
vn -0.013709 -0.141322 -0.989869
vn 0.000000 -0.141421 -0.989949
vn 0.013709 -0.141322 -0.989869
vn 0.031459 -0.141101 -0.989495
vn 0.057498 -0.140735 -0.988376
vn 0.093105 -0.140301 -0.985722
vn 0.140028 -0.140028 -0.980196
vn 0.197725 -0.139710 -0.970250
vn 0.270771 -0.139255 -0.952518
vn 0.360669 -0.139258 -0.922239
vn -0.013549 -0.200678 -0.979563
vn 0.000000 -0.200843 -0.979623
vn 0.013549 -0.200678 -0.979563
vn 0.031134 -0.200299 -0.979240
vn 0.057014 -0.199626 -0.978212
vn 0.092567 -0.198698 -0.975680
vn 0.139710 -0.197725 -0.970250
vn 0.197601 -0.197601 -0.960160
vn 0.270360 -0.198451 -0.942084
vn 0.359335 -0.199390 -0.911659
vn -0.000000 -0.469613 -0.882872
vn 0.092459 0.526123 -0.845367
vn 0.140084 0.439756 -0.887125
vn 0.199390 0.359335 -0.911659
vn 0.270857 0.270857 -0.923728
vn 0.359335 0.199390 -0.911659
vn 0.141634 0.524992 -0.839240
vn 0.199064 0.436859 -0.877227
vn 0.270930 0.357524 -0.893741
vn 0.357524 0.270930 -0.893741
vn 0.140545 -0.467614 -0.872688
vn 0.198691 -0.464273 -0.863118
vn 0.268419 -0.457135 -0.847926
vn 0.352000 -0.449031 -0.821260
vn -0.659622 -0.531459 -0.531459
vn -0.715372 -0.543324 -0.439365
vn -0.755634 -0.555701 -0.346717
vn -0.779021 -0.569000 -0.263372
vn -0.821260 -0.449031 -0.352000
vn -0.847926 -0.457135 -0.268419
vn -0.864863 -0.354973 -0.354973
vn -0.893741 -0.357524 -0.270930
vn -0.893741 -0.270930 -0.357524
vn -0.923728 -0.270857 -0.270857
vn -0.911659 -0.199390 -0.359335
vn -0.942084 -0.198451 -0.270360
vn -0.922239 -0.139258 -0.360669
vn -0.952518 -0.139255 -0.270771
vn -0.927685 -0.091473 -0.361985
vn -0.957869 -0.091887 -0.272110
vn -0.930073 -0.055978 -0.363085
vn -0.960280 -0.056421 -0.273276
vn -0.930968 -0.030426 -0.363831
vn -0.961214 -0.030742 -0.274086
vn -0.931215 -0.013200 -0.364232
vn -0.961485 -0.013359 -0.274531
vn -0.931243 -0.000000 -0.364399
vn -0.961524 -0.000000 -0.274721
vn -0.931215 0.013200 -0.364232
vn -0.961485 0.013359 -0.274531
vn -0.930968 0.030426 -0.363831
vn -0.961214 0.030742 -0.274086
vn -0.930073 0.055978 -0.363085
vn -0.960280 0.056421 -0.273276
vn -0.927685 0.091473 -0.361985
vn -0.957869 0.091887 -0.272110
vn -0.922239 0.139258 -0.360669
vn -0.952518 0.139255 -0.270771
vn -0.911659 0.199390 -0.359335
vn -0.942084 0.198451 -0.270360
vn -0.893741 0.270930 -0.357524
vn -0.923728 0.270857 -0.270857
vn -0.864863 0.354973 -0.354973
vn -0.893741 0.357524 -0.270930
vn -0.791439 0.501246 -0.349825
vn -0.816714 0.512028 -0.266093
vn -0.830422 0.520868 -0.197727
vn -0.839240 0.524992 -0.141634
vn -0.848178 0.526708 -0.056320
vn -0.849716 0.527075 -0.013207
vn -0.849806 0.527095 -0.000000
vn -0.849716 0.527075 0.013207
vn -0.931215 0.364232 0.013200
vn -0.930073 0.363085 0.055978
vn -0.960280 0.273276 0.056421
vn -0.952518 0.270771 0.139255
vn -0.970250 0.197725 0.139710
vn -0.960160 0.197601 0.197601
vn -0.970250 0.139710 0.197725
vn -0.952518 0.139255 0.270771
vn -0.957869 0.091887 0.272110
vn -0.927685 0.091473 0.361985
vn -0.930073 0.055978 0.363085
vn -0.895623 0.055978 0.441278
vn -0.896653 0.030372 0.441691
vn -0.849331 0.030511 0.526978
vn -0.849716 0.013207 0.527075
vn -0.786881 0.013293 0.616961
vn -0.786984 0.000000 0.616973
vn -0.786881 -0.013293 0.616961
vn -0.786482 -0.030731 0.616848
vn -0.785342 -0.056785 0.616452
vn -0.849331 -0.030511 0.526978
vn -0.848178 -0.056320 0.526708
vn -0.896653 -0.030372 0.441691
vn -0.895623 -0.055978 0.441278
vn -0.930968 -0.030426 0.363831
vn -0.930073 -0.055978 0.363085
vn -0.961214 -0.030742 0.274086
vn -0.960280 -0.056421 0.273276
vn -0.979240 -0.031134 0.200299
vn -0.978212 -0.057014 0.199626
vn -0.989495 -0.031459 0.141101
vn -0.988376 -0.057498 0.140735
vn -0.997776 -0.031945 0.058507
vn -0.996602 -0.058243 0.058243
vn -0.999383 -0.032201 0.014021
vn -0.998181 -0.058656 0.013944
vn -0.999480 -0.032241 -0.000000
vn -0.998274 -0.058722 -0.000000
vn -0.999383 -0.032201 -0.014021
vn -0.998181 -0.058656 -0.013944
vn -0.997776 -0.031945 -0.058507
vn -0.996602 -0.058243 -0.058243
vn -0.989495 -0.031459 -0.141101
vn -0.988376 -0.057498 -0.140735
vn -0.979240 -0.031134 -0.200299
vn -0.978212 -0.057014 -0.199626
vn -0.791335 -0.578892 -0.196653
vn -0.863118 -0.464273 -0.198691
vn -0.911659 -0.359335 -0.199390
vn -0.942084 -0.270360 -0.198451
vn -0.960160 -0.197601 -0.197601
vn -0.970250 -0.139710 -0.197725
vn -0.975680 -0.092567 -0.198698
vn -0.799321 -0.583698 -0.142768
vn -0.872688 -0.467614 -0.140545
vn -0.922239 -0.360669 -0.139258
vn -0.952518 -0.270771 -0.139255
vn -0.970250 -0.197725 -0.139710
vn -0.980196 -0.140028 -0.140028
vn -0.985722 -0.093105 -0.140301
vn -0.808106 -0.586308 -0.056635
vn -0.881385 -0.469060 -0.056063
vn -0.930073 -0.363085 -0.055978
vn -0.960280 -0.273276 -0.056421
vn -0.978212 -0.199626 -0.057014
vn -0.988376 -0.140735 -0.057498
vn -0.993889 -0.093994 -0.057881
vn -0.809681 -0.586721 -0.013264
vn -0.882803 -0.469559 -0.013168
vn -0.931215 -0.364232 -0.013200
vn -0.961485 -0.274531 -0.013359
vn -0.979563 -0.200678 -0.013549
vn -0.989869 -0.141322 -0.013709
vn -0.995425 -0.094542 -0.013834
vn -0.809783 -0.586729 -0.000000
vn -0.882872 -0.469613 -0.000000
vn -0.931243 -0.364399 0.000000
vn -0.961524 -0.274721 -0.000000
vn -0.979623 -0.200843 -0.000000
vn -0.989949 -0.141421 -0.000000
vn -0.995512 -0.094630 -0.000000
vn -0.809681 -0.586721 0.013264
vn -0.808106 -0.586308 0.056635
vn -0.799321 -0.583698 0.142768
vn -0.791335 -0.578892 0.196653
vn -0.779021 -0.569000 0.263372
vn -0.755634 -0.555701 0.346717
vn -0.727266 -0.546228 0.415596
vn -0.821260 -0.449031 0.352000
vn -0.791341 -0.444724 0.419524
vn -0.864863 -0.354973 0.354973
vn -0.834053 -0.352854 0.424086
vn -0.893741 -0.270930 0.357524
vn -0.861302 -0.269359 0.430819
vn -0.911659 -0.199390 0.359335
vn -0.877227 -0.199064 0.436859
vn -0.922239 -0.139258 0.360669
vn -0.887125 -0.140084 0.439756
vn -0.927685 -0.091473 0.361985
vn -0.892995 -0.091704 0.440624
vn -0.688627 -0.537631 0.486564
vn -0.749489 -0.441649 0.493166
vn -0.791439 -0.349825 0.501246
vn -0.816714 -0.266093 0.512028
vn -0.830422 -0.197727 0.520868
vn -0.839240 -0.141634 0.524992
vn -0.845367 -0.092459 0.526123
vn -0.645167 -0.527814 0.552423
vn -0.696920 -0.437628 0.568141
vn -0.735433 -0.344688 0.583377
vn -0.757617 -0.261941 0.597832
vn -0.769311 -0.196138 0.608022
vn -0.776864 -0.143272 0.613152
vn -0.782642 -0.093354 0.615432
vn -0.786482 0.030731 0.616848
vn -0.848178 0.056320 0.526708
vn -0.892995 0.091704 0.440624
vn -0.922239 0.139258 0.360669
vn -0.942084 0.198451 0.270360
vn -0.942084 0.270360 0.198451
vn -0.922239 0.360669 0.139258
vn -0.848178 0.526708 0.056320
vn -0.785342 0.056785 0.616452
vn -0.782642 0.093354 0.615432
vn -0.776864 0.143272 0.613152
vn -0.769311 0.196138 0.608022
vn -0.830422 0.197727 0.520868
vn -0.816714 0.266093 0.512028
vn -0.861302 0.269359 0.430819
vn -0.834053 0.352854 0.424086
vn -0.864863 0.354973 0.354973
vn -0.791439 0.501246 0.349825
vn -0.816714 0.512028 0.266093
vn -0.757617 0.261941 0.597832
vn -0.791439 0.349825 0.501246
vn -0.761949 0.494890 0.417753
vn -0.735433 0.344688 0.583377
vn -0.720908 0.490046 0.490046
vn -0.671827 0.484184 0.560548
vn -0.830422 0.520868 0.197727
vn -0.839240 0.524992 0.141634
vn -0.749489 0.493166 -0.441649
vn -0.688627 0.486564 -0.537631
vn -0.755634 0.346717 -0.555701
vn -0.779021 0.263372 -0.569000
vn -0.791335 0.196653 -0.578892
vn -0.799321 0.142768 -0.583698
vn -0.805317 0.093073 -0.585493
vn -0.878680 0.091913 -0.468479
vn -0.881385 0.056063 -0.469060
vn -0.808106 0.056635 -0.586308
vn -0.882462 0.030401 -0.469400
vn -0.809276 0.030658 -0.586629
vn -0.882803 0.013168 -0.469559
vn -0.809681 0.013264 -0.586721
vn -0.809783 0.000000 -0.586729
vn -0.809681 -0.013264 -0.586721
vn -0.882803 -0.013168 -0.469559
vn -0.882462 -0.030401 -0.469400
vn -0.809276 -0.030658 -0.586629
vn -0.881385 -0.056063 -0.469060
vn -0.808106 -0.056635 -0.586308
vn -0.805317 -0.093073 -0.585493
vn -0.799321 -0.142768 -0.583698
vn -0.791335 -0.196653 -0.578892
vn -0.863118 -0.198691 -0.464273
vn -0.847926 -0.268419 -0.457135
vn -0.779021 -0.263372 -0.569000
vn -0.821260 -0.352000 -0.449031
vn -0.755634 -0.346717 -0.555701
vn -0.778739 -0.443602 -0.443602
vn -0.715372 -0.439365 -0.543324
vn -0.847926 -0.457135 0.268419
vn -0.893741 -0.357524 0.270930
vn -0.923728 -0.270857 0.270857
vn -0.942084 -0.198451 0.270360
vn -0.952518 -0.139255 0.270771
vn -0.957869 -0.091887 0.272110
vn -0.863118 -0.464273 0.198691
vn -0.911659 -0.359335 0.199390
vn -0.942084 -0.270360 0.198451
vn -0.960160 -0.197601 0.197601
vn -0.970250 -0.139710 0.197725
vn -0.975680 -0.092567 0.198698
vn -0.872688 -0.467614 0.140545
vn -0.922239 -0.360669 0.139258
vn -0.952518 -0.270771 0.139255
vn -0.970250 -0.197725 0.139710
vn -0.980196 -0.140028 0.140028
vn -0.985722 -0.093105 0.140301
vn -0.881385 -0.469060 0.056063
vn -0.930073 -0.363085 0.055978
vn -0.960280 -0.273276 0.056421
vn -0.978212 -0.199626 0.057014
vn -0.988376 -0.140735 0.057498
vn -0.993889 -0.093994 0.057881
vn -0.882803 -0.469559 0.013168
vn -0.931215 -0.364232 0.013200
vn -0.961485 -0.274531 0.013359
vn -0.979563 -0.200678 0.013549
vn -0.989869 -0.141322 0.013709
vn -0.995425 -0.094542 0.013834
vn -0.872688 -0.140545 -0.467614
vn -0.878680 -0.091913 -0.468479
vn -0.849716 -0.013207 0.527075
vn -0.849806 0.000000 0.527095
vn -0.896969 -0.013160 0.441898
vn -0.897027 0.000000 0.441975
vn -0.896969 0.013160 0.441898
vn -0.931215 -0.013200 0.364232
vn -0.931243 -0.000000 0.364399
vn -0.931215 0.013200 0.364232
vn -0.930968 0.030426 0.363831
vn -0.961485 -0.013359 0.274531
vn -0.961524 -0.000000 0.274721
vn -0.961485 0.013359 0.274531
vn -0.961214 0.030742 0.274086
vn -0.960280 0.056421 0.273276
vn -0.979563 -0.013549 0.200678
vn -0.979623 -0.000000 0.200843
vn -0.979563 0.013549 0.200678
vn -0.979240 0.031134 0.200299
vn -0.978212 0.057014 0.199626
vn -0.975680 0.092567 0.198698
vn -0.989869 -0.013709 0.141322
vn -0.989949 0.000000 0.141421
vn -0.989869 0.013709 0.141322
vn -0.989495 0.031459 0.141101
vn -0.988376 0.057498 0.140735
vn -0.985722 0.093105 0.140301
vn -0.980196 0.140028 0.140028
vn -0.998181 -0.013944 0.058656
vn -0.998274 0.000000 0.058722
vn -0.998181 0.013944 0.058656
vn -0.997776 0.031945 0.058507
vn -0.996602 0.058243 0.058243
vn -0.993889 0.093994 0.057881
vn -0.988376 0.140735 0.057498
vn -0.978212 0.199626 0.057014
vn -0.999802 -0.014064 0.014064
vn -0.999901 0.000000 0.014083
vn -0.999802 0.014064 0.014064
vn -0.999383 0.032201 0.014021
vn -0.998181 0.058656 0.013944
vn -0.995425 0.094542 0.013834
vn -0.989869 0.141322 0.013709
vn -0.979563 0.200678 0.013549
vn -0.961485 0.274531 0.013359
vn -0.999901 -0.014083 -0.000000
vn -1.000000 0.000000 0.000000
vn -0.999901 0.014083 -0.000000
vn -0.999480 0.032241 0.000000
vn -0.998274 0.058722 0.000000
vn -0.995512 0.094630 0.000000
vn -0.989949 0.141421 0.000000
vn -0.979623 0.200843 0.000000
vn -0.961524 0.274721 0.000000
vn -0.931243 0.364399 0.000000
vn -0.999802 -0.014064 -0.014064
vn -0.999901 0.000000 -0.014083
vn -0.999802 0.014064 -0.014064
vn -0.999383 0.032201 -0.014021
vn -0.998181 0.058656 -0.013944
vn -0.995425 0.094542 -0.013834
vn -0.989869 0.141322 -0.013709
vn -0.979563 0.200678 -0.013549
vn -0.961485 0.274531 -0.013359
vn -0.931215 0.364232 -0.013200
vn -0.998181 -0.013944 -0.058656
vn -0.998274 0.000000 -0.058722
vn -0.998181 0.013944 -0.058656
vn -0.997776 0.031945 -0.058507
vn -0.996602 0.058243 -0.058243
vn -0.993889 0.093994 -0.057881
vn -0.988376 0.140735 -0.057498
vn -0.978212 0.199626 -0.057014
vn -0.960280 0.273276 -0.056421
vn -0.930073 0.363085 -0.055978
vn -0.989869 -0.013709 -0.141322
vn -0.989949 -0.000000 -0.141421
vn -0.989869 0.013709 -0.141322
vn -0.989495 0.031459 -0.141101
vn -0.988376 0.057498 -0.140735
vn -0.985722 0.093105 -0.140301
vn -0.980196 0.140028 -0.140028
vn -0.970250 0.197725 -0.139710
vn -0.952518 0.270771 -0.139255
vn -0.922239 0.360669 -0.139258
vn -0.979563 -0.013549 -0.200678
vn -0.979623 -0.000000 -0.200843
vn -0.979563 0.013549 -0.200678
vn -0.979240 0.031134 -0.200299
vn -0.978212 0.057014 -0.199626
vn -0.975680 0.092567 -0.198698
vn -0.970250 0.139710 -0.197725
vn -0.960160 0.197601 -0.197601
vn -0.942084 0.270360 -0.198451
vn -0.911659 0.359335 -0.199390
vn -0.882872 0.000000 -0.469613
vn -0.845367 0.092459 0.526123
vn -0.887125 0.140084 0.439756
vn -0.911659 0.199390 0.359335
vn -0.923728 0.270857 0.270857
vn -0.911659 0.359335 0.199390
vn -0.839240 0.141634 0.524992
vn -0.877227 0.199064 0.436859
vn -0.893741 0.270930 0.357524
vn -0.893741 0.357524 0.270930
vn -0.872688 0.140545 -0.467614
vn -0.863118 0.198691 -0.464273
vn -0.847926 0.268419 -0.457135
vn -0.821260 0.352000 -0.449031
f 1591/1984/1687 1536/1985/1688 1609/1986/1689
f 1609/1986/1689 1536/1985/1688 1537/1987/1690
f 1609/1986/1689 1537/1987/1690 1608/1988/1691
f 1608/1988/1691 1537/1987/1690 1538/1989/1692
f 1608/1988/1691 1538/1989/1692 1607/1990/1693
f 1607/1990/1693 1538/1989/1692 1606/1991/1694
f 1607/1990/1693 1606/1991/1694 1625/1992/1695
f 1625/1992/1695 1606/1991/1694 1624/1993/1696
f 1625/1992/1695 1624/1993/1696 1648/1994/1697
f 1648/1994/1697 1624/1993/1696 1649/1995/1698
f 1648/1994/1697 1649/1995/1698 1643/1996/1699
f 1643/1996/1699 1649/1995/1698 1642/1997/1700
f 1643/1996/1699 1642/1997/1700 1679/1998/1701
f 1679/1998/1701 1642/1997/1700 1678/1999/1702
f 1679/1998/1701 1678/1999/1702 1702/2000/1703
f 1702/2000/1703 1678/1999/1702 1703/2001/1704
f 1702/2000/1703 1703/2001/1704 1697/2002/1705
f 1697/2002/1705 1703/2001/1704 1696/2003/1706
f 1697/2002/1705 1696/2003/1706 1733/2004/1707
f 1733/2004/1707 1696/2003/1706 1732/2005/1708
f 1733/2004/1707 1732/2005/1708 1756/2006/1709
f 1756/2006/1709 1732/2005/1708 1757/2007/1710
f 1756/2006/1709 1757/2007/1710 1751/2008/1711
f 1751/2008/1711 1757/2007/1710 1750/2009/1712
f 1751/2008/1711 1750/2009/1712 1792/2010/1713
f 1792/2010/1713 1750/2009/1712 1793/2011/1714
f 1792/2010/1713 1793/2011/1714 1787/2012/1715
f 1787/2012/1715 1793/2011/1714 1786/2013/1716
f 1787/2012/1715 1786/2013/1716 1828/2014/1717
f 1828/2014/1717 1786/2013/1716 1829/2015/1718
f 1828/2014/1717 1829/2015/1718 1823/2016/1719
f 1823/2016/1719 1829/2015/1718 1822/2017/1720
f 1823/2016/1719 1822/2017/1720 1859/2018/1721
f 1859/2018/1721 1822/2017/1720 1858/2019/1722
f 1859/2018/1721 1858/2019/1722 1882/2020/1723
f 1882/2020/1723 1858/2019/1722 1883/2021/1724
f 1882/2020/1723 1883/2021/1724 1877/2022/1725
f 1877/2022/1725 1883/2021/1724 1876/2023/1726
f 1877/2022/1725 1876/2023/1726 1913/2024/1727
f 1913/2024/1727 1876/2023/1726 1912/2025/1728
f 1913/2024/1727 1912/2025/1728 1936/2026/1729
f 1936/2026/1729 1912/2025/1728 1937/2027/1730
f 1936/2026/1729 1937/2027/1730 1931/2028/1731
f 1931/2028/1731 1937/2027/1730 1930/2029/1732
f 1931/2028/1731 1930/2029/1732 1576/2030/1733
f 1576/2030/1733 1930/2029/1732 1575/2031/1734
f 1575/2031/1734 1930/2029/1732 1929/2032/1735
f 1575/2031/1734 1929/2032/1735 1574/2033/1736
f 1574/2033/1736 1929/2032/1735 1928/2034/1737
f 1574/2033/1736 1928/2034/1737 1573/2035/1738
f 1573/2035/1738 1928/2034/1737 1927/2036/1739
f 1573/2035/1738 1927/2036/1739 1572/2037/1740
f 1572/2037/1740 1927/2036/1739 1926/2038/1741
f 1572/2037/1740 1926/2038/1741 1571/2039/1742
f 1571/2039/1742 1926/2038/1741 1925/2040/1743
f 1571/2039/1742 1925/2040/1743 1924/2041/1744
f 1924/2041/1744 1925/2040/1743 1943/2042/1745
f 1924/2041/1744 1943/2042/1745 1944/2043/1746
f 1944/2043/1746 1943/2042/1745 1905/2044/1747
f 1944/2043/1746 1905/2044/1747 1904/2045/1748
f 1904/2045/1748 1905/2044/1747 1868/2046/1749
f 1904/2045/1748 1868/2046/1749 1867/2047/1750
f 1867/2047/1750 1868/2046/1749 1892/2048/1751
f 1867/2047/1750 1892/2048/1751 1893/2049/1752
f 1893/2049/1752 1892/2048/1751 1848/2050/1753
f 1893/2049/1752 1848/2050/1753 1847/2051/1754
f 1847/2051/1754 1848/2050/1753 1811/2052/1755
f 1847/2051/1754 1811/2052/1755 1810/2053/1756
f 1810/2053/1756 1811/2052/1755 1841/2054/1757
f 1810/2053/1756 1841/2054/1757 1842/2055/1758
f 1842/2055/1758 1841/2054/1757 1773/2056/1759
f 1842/2055/1758 1773/2056/1759 1772/2057/1760
f 1772/2057/1760 1773/2056/1759 1807/2058/1761
f 1772/2057/1760 1807/2058/1761 1557/2059/1762
f 1557/2059/1762 1807/2058/1761 1736/2060/1763
f 1557/2059/1762 1736/2060/1763 1556/2061/1764
f 1556/2061/1764 1736/2060/1763 1771/2062/1765
f 1556/2061/1764 1771/2062/1765 1718/2063/1766
f 1718/2063/1766 1771/2062/1765 1770/2064/1767
f 1718/2063/1766 1770/2064/1767 1719/2065/1768
f 1719/2065/1768 1770/2064/1767 1769/2066/1769
f 1719/2065/1768 1769/2066/1769 1720/2067/1770
f 1720/2067/1770 1769/2066/1769 1768/2068/1771
f 1720/2067/1770 1768/2068/1771 1721/2069/1772
f 1721/2069/1772 1768/2068/1771 1767/2070/1773
f 1721/2069/1772 1767/2070/1773 1722/2071/1774
f 1722/2071/1774 1767/2070/1773 1766/2072/1775
f 1722/2071/1774 1766/2072/1775 1723/2073/1776
f 1723/2073/1776 1766/2072/1775 1765/2074/1777
f 1723/2073/1776 1765/2074/1777 1724/2075/1778
f 1724/2075/1778 1765/2074/1777 1764/2076/1779
f 1724/2075/1778 1764/2076/1779 1725/2077/1780
f 1725/2077/1780 1764/2076/1779 1763/2078/1781
f 1725/2077/1780 1763/2078/1781 1726/2079/1782
f 1726/2079/1782 1763/2078/1781 1762/2080/1783
f 1726/2079/1782 1762/2080/1783 1727/2081/1784
f 1727/2081/1784 1762/2080/1783 1761/2082/1785
f 1727/2081/1784 1761/2082/1785 1728/2083/1786
f 1728/2083/1786 1761/2082/1785 1760/2084/1787
f 1728/2083/1786 1760/2084/1787 1729/2085/1788
f 1729/2085/1788 1760/2084/1787 1759/2086/1789
f 1729/2085/1788 1759/2086/1789 1730/2087/1790
f 1730/2087/1790 1759/2086/1789 1758/2088/1791
f 1730/2087/1790 1758/2088/1791 1731/2089/1792
f 1731/2089/1792 1758/2088/1791 1757/2007/1710
f 1731/2089/1792 1757/2007/1710 1732/2005/1708
f 1538/1989/1692 1539/2090/1793 1606/1991/1694
f 1606/1991/1694 1539/2090/1793 1605/2091/1794
f 1606/1991/1694 1605/2091/1794 1624/1993/1696
f 1624/1993/1696 1605/2091/1794 1623/2092/1795
f 1624/1993/1696 1623/2092/1795 1649/1995/1698
f 1649/1995/1698 1623/2092/1795 1650/2093/1796
f 1649/1995/1698 1650/2093/1796 1642/1997/1700
f 1642/1997/1700 1650/2093/1796 1641/2094/1797
f 1642/1997/1700 1641/2094/1797 1678/1999/1702
f 1678/1999/1702 1641/2094/1797 1677/2095/1798
f 1678/1999/1702 1677/2095/1798 1703/2001/1704
f 1703/2001/1704 1677/2095/1798 1704/2096/1799
f 1703/2001/1704 1704/2096/1799 1696/2003/1706
f 1696/2003/1706 1704/2096/1799 1695/2097/1800
f 1696/2003/1706 1695/2097/1800 1732/2005/1708
f 1732/2005/1708 1695/2097/1800 1731/2089/1792
f 1539/2090/1793 1540/2098/1801 1605/2091/1794
f 1605/2091/1794 1540/2098/1801 1604/2099/1802
f 1605/2091/1794 1604/2099/1802 1623/2092/1795
f 1623/2092/1795 1604/2099/1802 1622/2100/1803
f 1623/2092/1795 1622/2100/1803 1650/2093/1796
f 1650/2093/1796 1622/2100/1803 1651/2101/1804
f 1650/2093/1796 1651/2101/1804 1641/2094/1797
f 1641/2094/1797 1651/2101/1804 1640/2102/1805
f 1641/2094/1797 1640/2102/1805 1677/2095/1798
f 1677/2095/1798 1640/2102/1805 1676/2103/1806
f 1677/2095/1798 1676/2103/1806 1704/2096/1799
f 1704/2096/1799 1676/2103/1806 1705/2104/1807
f 1704/2096/1799 1705/2104/1807 1695/2097/1800
f 1695/2097/1800 1705/2104/1807 1694/2105/1808
f 1695/2097/1800 1694/2105/1808 1731/2089/1792
f 1731/2089/1792 1694/2105/1808 1730/2087/1790
f 1540/2098/1801 1541/2106/1809 1604/2099/1802
f 1604/2099/1802 1541/2106/1809 1603/2107/1810
f 1604/2099/1802 1603/2107/1810 1622/2100/1803
f 1622/2100/1803 1603/2107/1810 1621/2108/1811
f 1622/2100/1803 1621/2108/1811 1651/2101/1804
f 1651/2101/1804 1621/2108/1811 1652/2109/1812
f 1651/2101/1804 1652/2109/1812 1640/2102/1805
f 1640/2102/1805 1652/2109/1812 1639/2110/1813
f 1640/2102/1805 1639/2110/1813 1676/2103/1806
f 1676/2103/1806 1639/2110/1813 1675/2111/1814
f 1676/2103/1806 1675/2111/1814 1705/2104/1807
f 1705/2104/1807 1675/2111/1814 1706/2112/1815
f 1705/2104/1807 1706/2112/1815 1694/2105/1808
f 1694/2105/1808 1706/2112/1815 1693/2113/1816
f 1694/2105/1808 1693/2113/1816 1730/2087/1790
f 1730/2087/1790 1693/2113/1816 1729/2085/1788
f 1541/2106/1809 1542/2114/1817 1603/2107/1810
f 1603/2107/1810 1542/2114/1817 1602/2115/1818
f 1603/2107/1810 1602/2115/1818 1621/2108/1811
f 1621/2108/1811 1602/2115/1818 1620/2116/1819
f 1621/2108/1811 1620/2116/1819 1652/2109/1812
f 1652/2109/1812 1620/2116/1819 1653/2117/1820
f 1652/2109/1812 1653/2117/1820 1639/2110/1813
f 1639/2110/1813 1653/2117/1820 1638/2118/1821
f 1639/2110/1813 1638/2118/1821 1675/2111/1814
f 1675/2111/1814 1638/2118/1821 1674/2119/1822
f 1675/2111/1814 1674/2119/1822 1706/2112/1815
f 1706/2112/1815 1674/2119/1822 1707/2120/1823
f 1706/2112/1815 1707/2120/1823 1693/2113/1816
f 1693/2113/1816 1707/2120/1823 1692/2121/1824
f 1693/2113/1816 1692/2121/1824 1729/2085/1788
f 1729/2085/1788 1692/2121/1824 1728/2083/1786
f 1542/2114/1817 1543/2122/1825 1602/2115/1818
f 1602/2115/1818 1543/2122/1825 1601/2123/1826
f 1602/2115/1818 1601/2123/1826 1620/2116/1819
f 1620/2116/1819 1601/2123/1826 1619/2124/1827
f 1620/2116/1819 1619/2124/1827 1653/2117/1820
f 1653/2117/1820 1619/2124/1827 1654/2125/1828
f 1653/2117/1820 1654/2125/1828 1638/2118/1821
f 1638/2118/1821 1654/2125/1828 1637/2126/1829
f 1638/2118/1821 1637/2126/1829 1674/2119/1822
f 1674/2119/1822 1637/2126/1829 1673/2127/1830
f 1674/2119/1822 1673/2127/1830 1707/2120/1823
f 1707/2120/1823 1673/2127/1830 1708/2128/1831
f 1707/2120/1823 1708/2128/1831 1692/2121/1824
f 1692/2121/1824 1708/2128/1831 1691/2129/1832
f 1692/2121/1824 1691/2129/1832 1728/2083/1786
f 1728/2083/1786 1691/2129/1832 1727/2081/1784
f 1601/2123/1826 1543/2122/1825 1600/2130/1833
f 1600/2130/1833 1543/2122/1825 1544/2131/1834
f 1600/2130/1833 1544/2131/1834 1599/2132/1835
f 1599/2132/1835 1544/2131/1834 1545/2133/1836
f 1599/2132/1835 1545/2133/1836 1598/2134/1837
f 1598/2134/1837 1545/2133/1836 1546/2135/1838
f 1598/2134/1837 1546/2135/1838 1597/2136/1839
f 1597/2136/1839 1546/2135/1838 1547/2137/1840
f 1597/2136/1839 1547/2137/1840 1596/2138/1841
f 1596/2138/1841 1547/2137/1840 1548/2139/1842
f 1596/2138/1841 1548/2139/1842 1595/2140/1843
f 1595/2140/1843 1548/2139/1842 1594/2141/1844
f 1595/2140/1843 1594/2141/1844 1613/2142/1845
f 1613/2142/1845 1594/2141/1844 1612/2143/1846
f 1613/2142/1845 1612/2143/1846 1660/2144/1847
f 1660/2144/1847 1612/2143/1846 1661/2145/1848
f 1660/2144/1847 1661/2145/1848 1631/2146/1849
f 1631/2146/1849 1661/2145/1848 1630/2147/1850
f 1631/2146/1849 1630/2147/1850 1667/2148/1851
f 1667/2148/1851 1630/2147/1850 1666/2149/1852
f 1667/2148/1851 1666/2149/1852 1714/2150/1853
f 1714/2150/1853 1666/2149/1852 1715/2151/1854
f 1714/2150/1853 1715/2151/1854 1685/2152/1855
f 1685/2152/1855 1715/2151/1854 1684/2153/1856
f 1685/2152/1855 1684/2153/1856 1721/2069/1772
f 1721/2069/1772 1684/2153/1856 1720/2067/1770
f 1548/2139/1842 1549/2154/1857 1594/2141/1844
f 1594/2141/1844 1549/2154/1857 1593/2155/1858
f 1594/2141/1844 1593/2155/1858 1612/2143/1846
f 1612/2143/1846 1593/2155/1858 1611/2156/1859
f 1612/2143/1846 1611/2156/1859 1661/2145/1848
f 1661/2145/1848 1611/2156/1859 1662/2157/1860
f 1661/2145/1848 1662/2157/1860 1630/2147/1850
f 1630/2147/1850 1662/2157/1860 1629/2158/1861
f 1630/2147/1850 1629/2158/1861 1666/2149/1852
f 1666/2149/1852 1629/2158/1861 1665/2159/1862
f 1666/2149/1852 1665/2159/1862 1715/2151/1854
f 1715/2151/1854 1665/2159/1862 1716/2160/1863
f 1715/2151/1854 1716/2160/1863 1684/2153/1856
f 1684/2153/1856 1716/2160/1863 1683/2161/1864
f 1684/2153/1856 1683/2161/1864 1720/2067/1770
f 1720/2067/1770 1683/2161/1864 1719/2065/1768
f 1593/2155/1858 1549/2154/1857 1592/2162/1865
f 1592/2162/1865 1549/2154/1857 1550/2163/1866
f 1592/2162/1865 1550/2163/1866 1551/2164/1867
f 1592/2162/1865 1551/2164/1867 1610/2165/1868
f 1610/2165/1868 1551/2164/1867 1552/2166/1869
f 1610/2165/1868 1552/2166/1869 1663/2167/1870
f 1663/2167/1870 1552/2166/1869 1628/2168/1871
f 1663/2167/1870 1628/2168/1871 1629/2158/1861
f 1629/2158/1861 1628/2168/1871 1665/2159/1862
f 1552/2166/1869 1553/2169/1872 1628/2168/1871
f 1628/2168/1871 1553/2169/1872 1664/2170/1873
f 1628/2168/1871 1664/2170/1873 1665/2159/1862
f 1665/2159/1862 1664/2170/1873 1716/2160/1863
f 1553/2169/1872 1554/2171/1874 1664/2170/1873
f 1664/2170/1873 1554/2171/1874 1717/2172/1875
f 1664/2170/1873 1717/2172/1875 1716/2160/1863
f 1716/2160/1863 1717/2172/1875 1683/2161/1864
f 1717/2172/1875 1554/2171/1874 1682/2173/1876
f 1682/2173/1876 1554/2171/1874 1555/2174/1877
f 1682/2173/1876 1555/2174/1877 1718/2063/1766
f 1718/2063/1766 1555/2174/1877 1556/2061/1764
f 1557/2059/1762 1558/2175/1878 1772/2057/1760
f 1772/2057/1760 1558/2175/1878 1843/2176/1879
f 1772/2057/1760 1843/2176/1879 1842/2055/1758
f 1842/2055/1758 1843/2176/1879 1809/2177/1880
f 1842/2055/1758 1809/2177/1880 1810/2053/1756
f 1810/2053/1756 1809/2177/1880 1846/2178/1881
f 1810/2053/1756 1846/2178/1881 1847/2051/1754
f 1847/2051/1754 1846/2178/1881 1894/2179/1882
f 1847/2051/1754 1894/2179/1882 1893/2049/1752
f 1893/2049/1752 1894/2179/1882 1866/2180/1883
f 1893/2049/1752 1866/2180/1883 1867/2047/1750
f 1867/2047/1750 1866/2180/1883 1903/2181/1884
f 1867/2047/1750 1903/2181/1884 1904/2045/1748
f 1904/2045/1748 1903/2181/1884 1945/2182/1885
f 1904/2045/1748 1945/2182/1885 1944/2043/1746
f 1944/2043/1746 1945/2182/1885 1923/2183/1886
f 1944/2043/1746 1923/2183/1886 1924/2041/1744
f 1924/2041/1744 1923/2183/1886 1570/2184/1887
f 1924/2041/1744 1570/2184/1887 1571/2039/1742
f 1843/2176/1879 1558/2175/1878 1808/2185/1888
f 1808/2185/1888 1558/2175/1878 1559/2186/1889
f 1808/2185/1888 1559/2186/1889 1844/2187/1890
f 1844/2187/1890 1559/2186/1889 1560/2188/1891
f 1844/2187/1890 1560/2188/1891 1897/2189/1892
f 1897/2189/1892 1560/2188/1891 1862/2190/1893
f 1897/2189/1892 1862/2190/1893 1863/2191/1894
f 1863/2191/1894 1862/2190/1893 1899/2192/1895
f 1863/2191/1894 1899/2192/1895 1900/2193/1896
f 1900/2193/1896 1899/2192/1895 1949/2194/1897
f 1900/2193/1896 1949/2194/1897 1948/2195/1898
f 1948/2195/1898 1949/2194/1897 1919/2196/1899
f 1948/2195/1898 1919/2196/1899 1920/2197/1900
f 1920/2197/1900 1919/2196/1899 1566/2198/1901
f 1920/2197/1900 1566/2198/1901 1567/2199/1902
f 1560/2188/1891 1561/2200/1903 1862/2190/1893
f 1862/2190/1893 1561/2200/1903 1898/2201/1904
f 1862/2190/1893 1898/2201/1904 1899/2192/1895
f 1899/2192/1895 1898/2201/1904 1950/2202/1905
f 1899/2192/1895 1950/2202/1905 1949/2194/1897
f 1949/2194/1897 1950/2202/1905 1918/2203/1906
f 1949/2194/1897 1918/2203/1906 1919/2196/1899
f 1919/2196/1899 1918/2203/1906 1566/2198/1901
f 1561/2200/1903 1562/2204/1907 1898/2201/1904
f 1898/2201/1904 1562/2204/1907 1951/2205/1908
f 1898/2201/1904 1951/2205/1908 1950/2202/1905
f 1950/2202/1905 1951/2205/1908 1917/2206/1909
f 1950/2202/1905 1917/2206/1909 1918/2203/1906
f 1918/2203/1906 1917/2206/1909 1565/2207/1910
f 1918/2203/1906 1565/2207/1910 1566/2198/1901
f 1951/2205/1908 1562/2204/1907 1916/2208/1911
f 1916/2208/1911 1562/2204/1907 1563/2209/1912
f 1916/2208/1911 1563/2209/1912 1564/2210/1913
f 1564/2210/1913 1565/2207/1910 1916/2208/1911
f 1916/2208/1911 1565/2207/1910 1917/2206/1909
f 1916/2208/1911 1917/2206/1909 1951/2205/1908
f 1920/2197/1900 1567/2199/1902 1921/2211/1914
f 1921/2211/1914 1567/2199/1902 1568/2212/1915
f 1921/2211/1914 1568/2212/1915 1922/2213/1916
f 1922/2213/1916 1568/2212/1915 1569/2214/1917
f 1922/2213/1916 1569/2214/1917 1923/2183/1886
f 1923/2183/1886 1569/2214/1917 1570/2184/1887
f 1931/2028/1731 1576/2030/1733 1932/2215/1918
f 1932/2215/1918 1576/2030/1733 1577/2216/1919
f 1932/2215/1918 1577/2216/1919 1933/2217/1920
f 1933/2217/1920 1577/2216/1919 1578/2218/1921
f 1933/2217/1920 1578/2218/1921 1579/2219/1922
f 1933/2217/1920 1579/2219/1922 1934/2220/1923
f 1934/2220/1923 1579/2219/1922 1580/2221/1924
f 1934/2220/1923 1580/2221/1924 1915/2222/1925
f 1915/2222/1925 1580/2221/1924 1581/2223/1926
f 1915/2222/1925 1581/2223/1926 1879/2224/1927
f 1879/2224/1927 1581/2223/1926 1582/2225/1928
f 1879/2224/1927 1582/2225/1928 1880/2226/1929
f 1880/2226/1929 1582/2225/1928 1861/2227/1930
f 1880/2226/1929 1861/2227/1930 1860/2228/1931
f 1860/2228/1931 1861/2227/1930 1824/2229/1932
f 1860/2228/1931 1824/2229/1932 1823/2016/1719
f 1823/2016/1719 1824/2229/1932 1828/2014/1717
f 1582/2225/1928 1583/2230/1933 1861/2227/1930
f 1861/2227/1930 1583/2230/1933 1825/2231/1934
f 1861/2227/1930 1825/2231/1934 1824/2229/1932
f 1824/2229/1932 1825/2231/1934 1827/2232/1935
f 1824/2229/1932 1827/2232/1935 1828/2014/1717
f 1828/2014/1717 1827/2232/1935 1787/2012/1715
f 1583/2230/1933 1584/2233/1936 1825/2231/1934
f 1825/2231/1934 1584/2233/1936 1826/2234/1937
f 1825/2231/1934 1826/2234/1937 1827/2232/1935
f 1827/2232/1935 1826/2234/1937 1788/2235/1938
f 1827/2232/1935 1788/2235/1938 1787/2012/1715
f 1787/2012/1715 1788/2235/1938 1792/2010/1713
f 1826/2234/1937 1584/2233/1936 1789/2236/1939
f 1789/2236/1939 1584/2233/1936 1585/2237/1940
f 1789/2236/1939 1585/2237/1940 1790/2238/1941
f 1790/2238/1941 1585/2237/1940 1753/2239/1942
f 1790/2238/1941 1753/2239/1942 1752/2240/1943
f 1752/2240/1943 1753/2239/1942 1755/2241/1944
f 1752/2240/1943 1755/2241/1944 1756/2006/1709
f 1756/2006/1709 1755/2241/1944 1733/2004/1707
f 1585/2237/1940 1586/2242/1945 1753/2239/1942
f 1753/2239/1942 1586/2242/1945 1754/2243/1946
f 1753/2239/1942 1754/2243/1946 1755/2241/1944
f 1755/2241/1944 1754/2243/1946 1734/2244/1947
f 1755/2241/1944 1734/2244/1947 1733/2004/1707
f 1733/2004/1707 1734/2244/1947 1697/2002/1705
f 1754/2243/1946 1586/2242/1945 1735/2245/1948
f 1735/2245/1948 1586/2242/1945 1587/2246/1949
f 1735/2245/1948 1587/2246/1949 1699/2247/1950
f 1699/2247/1950 1587/2246/1949 1588/2248/1951
f 1699/2247/1950 1588/2248/1951 1700/2249/1952
f 1700/2249/1952 1588/2248/1951 1681/2250/1953
f 1700/2249/1952 1681/2250/1953 1680/2251/1954
f 1680/2251/1954 1681/2250/1953 1644/2252/1955
f 1680/2251/1954 1644/2252/1955 1643/1996/1699
f 1643/1996/1699 1644/2252/1955 1648/1994/1697
f 1588/2248/1951 1589/2253/1956 1681/2250/1953
f 1681/2250/1953 1589/2253/1956 1645/2254/1957
f 1681/2250/1953 1645/2254/1957 1644/2252/1955
f 1644/2252/1955 1645/2254/1957 1647/2255/1958
f 1644/2252/1955 1647/2255/1958 1648/1994/1697
f 1648/1994/1697 1647/2255/1958 1625/1992/1695
f 1589/2253/1956 1590/2256/1959 1645/2254/1957
f 1645/2254/1957 1590/2256/1959 1646/2257/1960
f 1645/2254/1957 1646/2257/1960 1647/2255/1958
f 1647/2255/1958 1646/2257/1960 1626/2258/1961
f 1647/2255/1958 1626/2258/1961 1625/1992/1695
f 1625/1992/1695 1626/2258/1961 1607/1990/1693
f 1646/2257/1960 1590/2256/1959 1627/2259/1962
f 1627/2259/1962 1590/2256/1959 1591/1984/1687
f 1627/2259/1962 1591/1984/1687 1609/1986/1689
f 1611/2156/1859 1593/2155/1858 1592/2162/1865
f 1596/2138/1841 1595/2140/1843 1614/2260/1963
f 1614/2260/1963 1595/2140/1843 1613/2142/1845
f 1614/2260/1963 1613/2142/1845 1659/2261/1964
f 1659/2261/1964 1613/2142/1845 1660/2144/1847
f 1659/2261/1964 1660/2144/1847 1632/2262/1965
f 1632/2262/1965 1660/2144/1847 1631/2146/1849
f 1632/2262/1965 1631/2146/1849 1668/2263/1966
f 1668/2263/1966 1631/2146/1849 1667/2148/1851
f 1668/2263/1966 1667/2148/1851 1713/2264/1967
f 1713/2264/1967 1667/2148/1851 1714/2150/1853
f 1713/2264/1967 1714/2150/1853 1686/2265/1968
f 1686/2265/1968 1714/2150/1853 1685/2152/1855
f 1686/2265/1968 1685/2152/1855 1722/2071/1774
f 1722/2071/1774 1685/2152/1855 1721/2069/1772
f 1597/2136/1839 1596/2138/1841 1615/2266/1969
f 1615/2266/1969 1596/2138/1841 1614/2260/1963
f 1615/2266/1969 1614/2260/1963 1658/2267/1970
f 1658/2267/1970 1614/2260/1963 1659/2261/1964
f 1658/2267/1970 1659/2261/1964 1633/2268/1971
f 1633/2268/1971 1659/2261/1964 1632/2262/1965
f 1633/2268/1971 1632/2262/1965 1669/2269/1972
f 1669/2269/1972 1632/2262/1965 1668/2263/1966
f 1669/2269/1972 1668/2263/1966 1712/2270/1973
f 1712/2270/1973 1668/2263/1966 1713/2264/1967
f 1712/2270/1973 1713/2264/1967 1687/2271/1974
f 1687/2271/1974 1713/2264/1967 1686/2265/1968
f 1687/2271/1974 1686/2265/1968 1723/2073/1776
f 1723/2073/1776 1686/2265/1968 1722/2071/1774
f 1598/2134/1837 1597/2136/1839 1616/2272/1975
f 1616/2272/1975 1597/2136/1839 1615/2266/1969
f 1616/2272/1975 1615/2266/1969 1657/2273/1976
f 1657/2273/1976 1615/2266/1969 1658/2267/1970
f 1657/2273/1976 1658/2267/1970 1634/2274/1977
f 1634/2274/1977 1658/2267/1970 1633/2268/1971
f 1634/2274/1977 1633/2268/1971 1670/2275/1978
f 1670/2275/1978 1633/2268/1971 1669/2269/1972
f 1670/2275/1978 1669/2269/1972 1711/2276/1979
f 1711/2276/1979 1669/2269/1972 1712/2270/1973
f 1711/2276/1979 1712/2270/1973 1688/2277/1980
f 1688/2277/1980 1712/2270/1973 1687/2271/1974
f 1688/2277/1980 1687/2271/1974 1724/2075/1778
f 1724/2075/1778 1687/2271/1974 1723/2073/1776
f 1599/2132/1835 1598/2134/1837 1617/2278/1981
f 1617/2278/1981 1598/2134/1837 1616/2272/1975
f 1617/2278/1981 1616/2272/1975 1656/2279/1982
f 1656/2279/1982 1616/2272/1975 1657/2273/1976
f 1656/2279/1982 1657/2273/1976 1635/2280/1983
f 1635/2280/1983 1657/2273/1976 1634/2274/1977
f 1635/2280/1983 1634/2274/1977 1671/2281/1984
f 1671/2281/1984 1634/2274/1977 1670/2275/1978
f 1671/2281/1984 1670/2275/1978 1710/2282/1985
f 1710/2282/1985 1670/2275/1978 1711/2276/1979
f 1710/2282/1985 1711/2276/1979 1689/2283/1986
f 1689/2283/1986 1711/2276/1979 1688/2277/1980
f 1689/2283/1986 1688/2277/1980 1725/2077/1780
f 1725/2077/1780 1688/2277/1980 1724/2075/1778
f 1619/2124/1827 1601/2123/1826 1600/2130/1833
f 1600/2130/1833 1599/2132/1835 1618/2284/1987
f 1618/2284/1987 1599/2132/1835 1617/2278/1981
f 1618/2284/1987 1617/2278/1981 1655/2285/1988
f 1655/2285/1988 1617/2278/1981 1656/2279/1982
f 1655/2285/1988 1656/2279/1982 1636/2286/1989
f 1636/2286/1989 1656/2279/1982 1635/2280/1983
f 1636/2286/1989 1635/2280/1983 1672/2287/1990
f 1672/2287/1990 1635/2280/1983 1671/2281/1984
f 1672/2287/1990 1671/2281/1984 1709/2288/1991
f 1709/2288/1991 1671/2281/1984 1710/2282/1985
f 1709/2288/1991 1710/2282/1985 1690/2289/1992
f 1690/2289/1992 1710/2282/1985 1689/2283/1986
f 1690/2289/1992 1689/2283/1986 1726/2079/1782
f 1726/2079/1782 1689/2283/1986 1725/2077/1780
f 1627/2259/1962 1609/1986/1689 1608/1988/1691
f 1627/2259/1962 1608/1988/1691 1626/2258/1961
f 1626/2258/1961 1608/1988/1691 1607/1990/1693
f 1662/2157/1860 1611/2156/1859 1610/2165/1868
f 1610/2165/1868 1611/2156/1859 1592/2162/1865
f 1654/2125/1828 1619/2124/1827 1618/2284/1987
f 1618/2284/1987 1619/2124/1827 1600/2130/1833
f 1654/2125/1828 1618/2284/1987 1655/2285/1988
f 1646/2257/1960 1627/2259/1962 1626/2258/1961
f 1663/2167/1870 1629/2158/1861 1662/2157/1860
f 1654/2125/1828 1655/2285/1988 1637/2126/1829
f 1637/2126/1829 1655/2285/1988 1636/2286/1989
f 1637/2126/1829 1636/2286/1989 1673/2127/1830
f 1673/2127/1830 1636/2286/1989 1672/2287/1990
f 1673/2127/1830 1672/2287/1990 1708/2128/1831
f 1708/2128/1831 1672/2287/1990 1709/2288/1991
f 1708/2128/1831 1709/2288/1991 1691/2129/1832
f 1691/2129/1832 1709/2288/1991 1690/2289/1992
f 1691/2129/1832 1690/2289/1992 1727/2081/1784
f 1727/2081/1784 1690/2289/1992 1726/2079/1782
f 1680/2251/1954 1643/1996/1699 1679/1998/1701
f 1610/2165/1868 1663/2167/1870 1662/2157/1860
f 1680/2251/1954 1679/1998/1701 1701/2290/1993
f 1701/2290/1993 1679/1998/1701 1702/2000/1703
f 1701/2290/1993 1702/2000/1703 1698/2291/1994
f 1698/2291/1994 1702/2000/1703 1697/2002/1705
f 1698/2291/1994 1697/2002/1705 1734/2244/1947
f 1719/2065/1768 1683/2161/1864 1682/2173/1876
f 1682/2173/1876 1683/2161/1864 1717/2172/1875
f 1718/2063/1766 1719/2065/1768 1682/2173/1876
f 1698/2291/1994 1699/2247/1950 1701/2290/1993
f 1701/2290/1993 1699/2247/1950 1700/2249/1952
f 1701/2290/1993 1700/2249/1952 1680/2251/1954
f 1699/2247/1950 1698/2291/1994 1735/2245/1948
f 1735/2245/1948 1698/2291/1994 1734/2244/1947
f 1735/2245/1948 1734/2244/1947 1754/2243/1946
f 1770/2064/1767 1771/2062/1765 1737/2292/1995
f 1737/2292/1995 1771/2062/1765 1736/2060/1763
f 1737/2292/1995 1736/2060/1763 1806/2293/1996
f 1806/2293/1996 1736/2060/1763 1807/2058/1761
f 1806/2293/1996 1807/2058/1761 1773/2056/1759
f 1769/2066/1769 1770/2064/1767 1738/2294/1997
f 1738/2294/1997 1770/2064/1767 1737/2292/1995
f 1738/2294/1997 1737/2292/1995 1805/2295/1998
f 1805/2295/1998 1737/2292/1995 1806/2293/1996
f 1805/2295/1998 1806/2293/1996 1774/2296/1999
f 1774/2296/1999 1806/2293/1996 1773/2056/1759
f 1774/2296/1999 1773/2056/1759 1841/2054/1757
f 1768/2068/1771 1769/2066/1769 1739/2297/2000
f 1739/2297/2000 1769/2066/1769 1738/2294/1997
f 1739/2297/2000 1738/2294/1997 1804/2298/2001
f 1804/2298/2001 1738/2294/1997 1805/2295/1998
f 1804/2298/2001 1805/2295/1998 1775/2299/2002
f 1775/2299/2002 1805/2295/1998 1774/2296/1999
f 1775/2299/2002 1774/2296/1999 1840/2300/2003
f 1840/2300/2003 1774/2296/1999 1841/2054/1757
f 1840/2300/2003 1841/2054/1757 1811/2052/1755
f 1767/2070/1773 1768/2068/1771 1740/2301/2004
f 1740/2301/2004 1768/2068/1771 1739/2297/2000
f 1740/2301/2004 1739/2297/2000 1803/2302/2005
f 1803/2302/2005 1739/2297/2000 1804/2298/2001
f 1803/2302/2005 1804/2298/2001 1776/2303/2006
f 1776/2303/2006 1804/2298/2001 1775/2299/2002
f 1776/2303/2006 1775/2299/2002 1839/2304/2007
f 1839/2304/2007 1775/2299/2002 1840/2300/2003
f 1839/2304/2007 1840/2300/2003 1812/2305/2008
f 1812/2305/2008 1840/2300/2003 1811/2052/1755
f 1812/2305/2008 1811/2052/1755 1848/2050/1753
f 1766/2072/1775 1767/2070/1773 1741/2306/2009
f 1741/2306/2009 1767/2070/1773 1740/2301/2004
f 1741/2306/2009 1740/2301/2004 1802/2307/2010
f 1802/2307/2010 1740/2301/2004 1803/2302/2005
f 1802/2307/2010 1803/2302/2005 1777/2308/2011
f 1777/2308/2011 1803/2302/2005 1776/2303/2006
f 1777/2308/2011 1776/2303/2006 1838/2309/2012
f 1838/2309/2012 1776/2303/2006 1839/2304/2007
f 1838/2309/2012 1839/2304/2007 1813/2310/2013
f 1813/2310/2013 1839/2304/2007 1812/2305/2008
f 1813/2310/2013 1812/2305/2008 1849/2311/2014
f 1849/2311/2014 1812/2305/2008 1848/2050/1753
f 1849/2311/2014 1848/2050/1753 1892/2048/1751
f 1765/2074/1777 1766/2072/1775 1742/2312/2015
f 1742/2312/2015 1766/2072/1775 1741/2306/2009
f 1742/2312/2015 1741/2306/2009 1801/2313/2016
f 1801/2313/2016 1741/2306/2009 1802/2307/2010
f 1801/2313/2016 1802/2307/2010 1778/2314/2017
f 1778/2314/2017 1802/2307/2010 1777/2308/2011
f 1778/2314/2017 1777/2308/2011 1837/2315/2018
f 1837/2315/2018 1777/2308/2011 1838/2309/2012
f 1837/2315/2018 1838/2309/2012 1814/2316/2019
f 1814/2316/2019 1838/2309/2012 1813/2310/2013
f 1814/2316/2019 1813/2310/2013 1850/2317/2020
f 1850/2317/2020 1813/2310/2013 1849/2311/2014
f 1850/2317/2020 1849/2311/2014 1891/2318/2021
f 1891/2318/2021 1849/2311/2014 1892/2048/1751
f 1891/2318/2021 1892/2048/1751 1868/2046/1749
f 1764/2076/1779 1765/2074/1777 1743/2319/2022
f 1743/2319/2022 1765/2074/1777 1742/2312/2015
f 1743/2319/2022 1742/2312/2015 1800/2320/2023
f 1800/2320/2023 1742/2312/2015 1801/2313/2016
f 1800/2320/2023 1801/2313/2016 1779/2321/2024
f 1779/2321/2024 1801/2313/2016 1778/2314/2017
f 1779/2321/2024 1778/2314/2017 1836/2322/2025
f 1836/2322/2025 1778/2314/2017 1837/2315/2018
f 1836/2322/2025 1837/2315/2018 1815/2323/2026
f 1815/2323/2026 1837/2315/2018 1814/2316/2019
f 1815/2323/2026 1814/2316/2019 1851/2324/2027
f 1851/2324/2027 1814/2316/2019 1850/2317/2020
f 1851/2324/2027 1850/2317/2020 1890/2325/2028
f 1890/2325/2028 1850/2317/2020 1891/2318/2021
f 1890/2325/2028 1891/2318/2021 1869/2326/2029
f 1869/2326/2029 1891/2318/2021 1868/2046/1749
f 1869/2326/2029 1868/2046/1749 1905/2044/1747
f 1763/2078/1781 1764/2076/1779 1744/2327/2030
f 1744/2327/2030 1764/2076/1779 1743/2319/2022
f 1744/2327/2030 1743/2319/2022 1799/2328/2031
f 1799/2328/2031 1743/2319/2022 1800/2320/2023
f 1799/2328/2031 1800/2320/2023 1780/2329/2032
f 1780/2329/2032 1800/2320/2023 1779/2321/2024
f 1780/2329/2032 1779/2321/2024 1835/2330/2033
f 1835/2330/2033 1779/2321/2024 1836/2322/2025
f 1835/2330/2033 1836/2322/2025 1816/2331/2034
f 1816/2331/2034 1836/2322/2025 1815/2323/2026
f 1816/2331/2034 1815/2323/2026 1852/2332/2035
f 1852/2332/2035 1815/2323/2026 1851/2324/2027
f 1852/2332/2035 1851/2324/2027 1889/2333/2036
f 1889/2333/2036 1851/2324/2027 1890/2325/2028
f 1889/2333/2036 1890/2325/2028 1870/2334/2037
f 1870/2334/2037 1890/2325/2028 1869/2326/2029
f 1870/2334/2037 1869/2326/2029 1906/2335/2038
f 1906/2335/2038 1869/2326/2029 1905/2044/1747
f 1906/2335/2038 1905/2044/1747 1943/2042/1745
f 1762/2080/1783 1763/2078/1781 1745/2336/2039
f 1745/2336/2039 1763/2078/1781 1744/2327/2030
f 1745/2336/2039 1744/2327/2030 1798/2337/2040
f 1798/2337/2040 1744/2327/2030 1799/2328/2031
f 1798/2337/2040 1799/2328/2031 1781/2338/2041
f 1781/2338/2041 1799/2328/2031 1780/2329/2032
f 1781/2338/2041 1780/2329/2032 1834/2339/2042
f 1834/2339/2042 1780/2329/2032 1835/2330/2033
f 1834/2339/2042 1835/2330/2033 1817/2340/2043
f 1817/2340/2043 1835/2330/2033 1816/2331/2034
f 1817/2340/2043 1816/2331/2034 1853/2341/2044
f 1853/2341/2044 1816/2331/2034 1852/2332/2035
f 1853/2341/2044 1852/2332/2035 1888/2342/2045
f 1888/2342/2045 1852/2332/2035 1889/2333/2036
f 1888/2342/2045 1889/2333/2036 1871/2343/2046
f 1871/2343/2046 1889/2333/2036 1870/2334/2037
f 1871/2343/2046 1870/2334/2037 1907/2344/2047
f 1907/2344/2047 1870/2334/2037 1906/2335/2038
f 1907/2344/2047 1906/2335/2038 1942/2345/2048
f 1942/2345/2048 1906/2335/2038 1943/2042/1745
f 1942/2345/2048 1943/2042/1745 1925/2040/1743
f 1761/2082/1785 1762/2080/1783 1746/2346/2049
f 1746/2346/2049 1762/2080/1783 1745/2336/2039
f 1746/2346/2049 1745/2336/2039 1797/2347/2050
f 1797/2347/2050 1745/2336/2039 1798/2337/2040
f 1797/2347/2050 1798/2337/2040 1782/2348/2051
f 1782/2348/2051 1798/2337/2040 1781/2338/2041
f 1782/2348/2051 1781/2338/2041 1833/2349/2052
f 1833/2349/2052 1781/2338/2041 1834/2339/2042
f 1833/2349/2052 1834/2339/2042 1818/2350/2053
f 1818/2350/2053 1834/2339/2042 1817/2340/2043
f 1818/2350/2053 1817/2340/2043 1854/2351/2054
f 1854/2351/2054 1817/2340/2043 1853/2341/2044
f 1854/2351/2054 1853/2341/2044 1887/2352/2055
f 1887/2352/2055 1853/2341/2044 1888/2342/2045
f 1887/2352/2055 1888/2342/2045 1872/2353/2056
f 1872/2353/2056 1888/2342/2045 1871/2343/2046
f 1872/2353/2056 1871/2343/2046 1908/2354/2057
f 1908/2354/2057 1871/2343/2046 1907/2344/2047
f 1908/2354/2057 1907/2344/2047 1941/2355/2058
f 1941/2355/2058 1907/2344/2047 1942/2345/2048
f 1941/2355/2058 1942/2345/2048 1926/2038/1741
f 1926/2038/1741 1942/2345/2048 1925/2040/1743
f 1760/2084/1787 1761/2082/1785 1747/2356/2059
f 1747/2356/2059 1761/2082/1785 1746/2346/2049
f 1747/2356/2059 1746/2346/2049 1796/2357/2060
f 1796/2357/2060 1746/2346/2049 1797/2347/2050
f 1796/2357/2060 1797/2347/2050 1783/2358/2061
f 1783/2358/2061 1797/2347/2050 1782/2348/2051
f 1783/2358/2061 1782/2348/2051 1832/2359/2062
f 1832/2359/2062 1782/2348/2051 1833/2349/2052
f 1832/2359/2062 1833/2349/2052 1819/2360/2063
f 1819/2360/2063 1833/2349/2052 1818/2350/2053
f 1819/2360/2063 1818/2350/2053 1855/2361/2064
f 1855/2361/2064 1818/2350/2053 1854/2351/2054
f 1855/2361/2064 1854/2351/2054 1886/2362/2065
f 1886/2362/2065 1854/2351/2054 1887/2352/2055
f 1886/2362/2065 1887/2352/2055 1873/2363/2066
f 1873/2363/2066 1887/2352/2055 1872/2353/2056
f 1873/2363/2066 1872/2353/2056 1909/2364/2067
f 1909/2364/2067 1872/2353/2056 1908/2354/2057
f 1909/2364/2067 1908/2354/2057 1940/2365/2068
f 1940/2365/2068 1908/2354/2057 1941/2355/2058
f 1940/2365/2068 1941/2355/2058 1927/2036/1739
f 1927/2036/1739 1941/2355/2058 1926/2038/1741
f 1759/2086/1789 1760/2084/1787 1748/2366/2069
f 1748/2366/2069 1760/2084/1787 1747/2356/2059
f 1748/2366/2069 1747/2356/2059 1795/2367/2070
f 1795/2367/2070 1747/2356/2059 1796/2357/2060
f 1795/2367/2070 1796/2357/2060 1784/2368/2071
f 1784/2368/2071 1796/2357/2060 1783/2358/2061
f 1784/2368/2071 1783/2358/2061 1831/2369/2072
f 1831/2369/2072 1783/2358/2061 1832/2359/2062
f 1831/2369/2072 1832/2359/2062 1820/2370/2073
f 1820/2370/2073 1832/2359/2062 1819/2360/2063
f 1820/2370/2073 1819/2360/2063 1856/2371/2074
f 1856/2371/2074 1819/2360/2063 1855/2361/2064
f 1856/2371/2074 1855/2361/2064 1885/2372/2075
f 1885/2372/2075 1855/2361/2064 1886/2362/2065
f 1885/2372/2075 1886/2362/2065 1874/2373/2076
f 1874/2373/2076 1886/2362/2065 1873/2363/2066
f 1874/2373/2076 1873/2363/2066 1910/2374/2077
f 1910/2374/2077 1873/2363/2066 1909/2364/2067
f 1910/2374/2077 1909/2364/2067 1939/2375/2078
f 1939/2375/2078 1909/2364/2067 1940/2365/2068
f 1939/2375/2078 1940/2365/2068 1928/2034/1737
f 1928/2034/1737 1940/2365/2068 1927/2036/1739
f 1758/2088/1791 1759/2086/1789 1749/2376/2079
f 1749/2376/2079 1759/2086/1789 1748/2366/2069
f 1749/2376/2079 1748/2366/2069 1794/2377/2080
f 1794/2377/2080 1748/2366/2069 1795/2367/2070
f 1794/2377/2080 1795/2367/2070 1785/2378/2081
f 1785/2378/2081 1795/2367/2070 1784/2368/2071
f 1785/2378/2081 1784/2368/2071 1830/2379/2082
f 1830/2379/2082 1784/2368/2071 1831/2369/2072
f 1830/2379/2082 1831/2369/2072 1821/2380/2083
f 1821/2380/2083 1831/2369/2072 1820/2370/2073
f 1821/2380/2083 1820/2370/2073 1857/2381/2084
f 1857/2381/2084 1820/2370/2073 1856/2371/2074
f 1857/2381/2084 1856/2371/2074 1884/2382/2085
f 1884/2382/2085 1856/2371/2074 1885/2372/2075
f 1884/2382/2085 1885/2372/2075 1875/2383/2086
f 1875/2383/2086 1885/2372/2075 1874/2373/2076
f 1875/2383/2086 1874/2373/2076 1911/2384/2087
f 1911/2384/2087 1874/2373/2076 1910/2374/2077
f 1911/2384/2087 1910/2374/2077 1938/2385/2088
f 1938/2385/2088 1910/2374/2077 1939/2375/2078
f 1938/2385/2088 1939/2375/2078 1929/2032/1735
f 1929/2032/1735 1939/2375/2078 1928/2034/1737
f 1757/2007/1710 1758/2088/1791 1750/2009/1712
f 1750/2009/1712 1758/2088/1791 1749/2376/2079
f 1750/2009/1712 1749/2376/2079 1793/2011/1714
f 1793/2011/1714 1749/2376/2079 1794/2377/2080
f 1793/2011/1714 1794/2377/2080 1786/2013/1716
f 1786/2013/1716 1794/2377/2080 1785/2378/2081
f 1786/2013/1716 1785/2378/2081 1829/2015/1718
f 1829/2015/1718 1785/2378/2081 1830/2379/2082
f 1829/2015/1718 1830/2379/2082 1822/2017/1720
f 1822/2017/1720 1830/2379/2082 1821/2380/2083
f 1822/2017/1720 1821/2380/2083 1858/2019/1722
f 1858/2019/1722 1821/2380/2083 1857/2381/2084
f 1858/2019/1722 1857/2381/2084 1883/2021/1724
f 1883/2021/1724 1857/2381/2084 1884/2382/2085
f 1883/2021/1724 1884/2382/2085 1876/2023/1726
f 1876/2023/1726 1884/2382/2085 1875/2383/2086
f 1876/2023/1726 1875/2383/2086 1912/2025/1728
f 1912/2025/1728 1875/2383/2086 1911/2384/2087
f 1912/2025/1728 1911/2384/2087 1937/2027/1730
f 1937/2027/1730 1911/2384/2087 1938/2385/2088
f 1937/2027/1730 1938/2385/2088 1930/2029/1732
f 1930/2029/1732 1938/2385/2088 1929/2032/1735
f 1756/2006/1709 1751/2008/1711 1752/2240/1943
f 1752/2240/1943 1751/2008/1711 1791/2386/2089
f 1752/2240/1943 1791/2386/2089 1790/2238/1941
f 1790/2238/1941 1791/2386/2089 1789/2236/1939
f 1791/2386/2089 1751/2008/1711 1792/2010/1713
f 1791/2386/2089 1792/2010/1713 1788/2235/1938
f 1826/2234/1937 1789/2236/1939 1788/2235/1938
f 1788/2235/1938 1789/2236/1939 1791/2386/2089
f 1843/2176/1879 1808/2185/1888 1809/2177/1880
f 1809/2177/1880 1808/2185/1888 1845/2387/2090
f 1809/2177/1880 1845/2387/2090 1846/2178/1881
f 1846/2178/1881 1845/2387/2090 1895/2388/2091
f 1846/2178/1881 1895/2388/2091 1894/2179/1882
f 1894/2179/1882 1895/2388/2091 1865/2389/2092
f 1894/2179/1882 1865/2389/2092 1866/2180/1883
f 1866/2180/1883 1865/2389/2092 1902/2390/2093
f 1866/2180/1883 1902/2390/2093 1903/2181/1884
f 1903/2181/1884 1902/2390/2093 1946/2391/2094
f 1903/2181/1884 1946/2391/2094 1945/2182/1885
f 1945/2182/1885 1946/2391/2094 1922/2213/1916
f 1945/2182/1885 1922/2213/1916 1923/2183/1886
f 1860/2228/1931 1823/2016/1719 1859/2018/1721
f 1808/2185/1888 1844/2187/1890 1845/2387/2090
f 1845/2387/2090 1844/2187/1890 1896/2392/2095
f 1845/2387/2090 1896/2392/2095 1895/2388/2091
f 1895/2388/2091 1896/2392/2095 1864/2393/2096
f 1895/2388/2091 1864/2393/2096 1865/2389/2092
f 1865/2389/2092 1864/2393/2096 1901/2394/2097
f 1865/2389/2092 1901/2394/2097 1902/2390/2093
f 1902/2390/2093 1901/2394/2097 1947/2395/2098
f 1902/2390/2093 1947/2395/2098 1946/2391/2094
f 1946/2391/2094 1947/2395/2098 1921/2211/1914
f 1946/2391/2094 1921/2211/1914 1922/2213/1916
f 1860/2228/1931 1859/2018/1721 1881/2396/2099
f 1881/2396/2099 1859/2018/1721 1882/2020/1723
f 1881/2396/2099 1882/2020/1723 1878/2397/2100
f 1878/2397/2100 1882/2020/1723 1877/2022/1725
f 1878/2397/2100 1877/2022/1725 1914/2398/2101
f 1914/2398/2101 1877/2022/1725 1913/2024/1727
f 1914/2398/2101 1913/2024/1727 1935/2399/2102
f 1935/2399/2102 1913/2024/1727 1936/2026/1729
f 1935/2399/2102 1936/2026/1729 1932/2215/1918
f 1932/2215/1918 1936/2026/1729 1931/2028/1731
f 1897/2189/1892 1863/2191/1894 1896/2392/2095
f 1896/2392/2095 1863/2191/1894 1864/2393/2096
f 1901/2394/2097 1864/2393/2096 1900/2193/1896
f 1900/2193/1896 1864/2393/2096 1863/2191/1894
f 1878/2397/2100 1879/2224/1927 1881/2396/2099
f 1881/2396/2099 1879/2224/1927 1880/2226/1929
f 1881/2396/2099 1880/2226/1929 1860/2228/1931
f 1879/2224/1927 1878/2397/2100 1915/2222/1925
f 1915/2222/1925 1878/2397/2100 1914/2398/2101
f 1915/2222/1925 1914/2398/2101 1934/2220/1923
f 1934/2220/1923 1914/2398/2101 1935/2399/2102
f 1934/2220/1923 1935/2399/2102 1933/2217/1920
f 1933/2217/1920 1935/2399/2102 1932/2215/1918
f 1844/2187/1890 1897/2189/1892 1896/2392/2095
f 1947/2395/2098 1901/2394/2097 1948/2195/1898
f 1948/2195/1898 1901/2394/2097 1900/2193/1896
f 1947/2395/2098 1948/2195/1898 1920/2197/1900
f 1920/2197/1900 1921/2211/1914 1947/2395/2098
f 1992/2400/2103 1952/2401/2104 2010/2402/2105
f 2010/2402/2105 1952/2401/2104 1953/2403/2106
f 2010/2402/2105 1953/2403/2106 2009/2404/2107
f 2009/2404/2107 1953/2403/2106 1954/2405/2108
f 2009/2404/2107 1954/2405/2108 2008/2406/2109
f 2008/2406/2109 1954/2405/2108 2007/2407/2110
f 2008/2406/2109 2007/2407/2110 2026/2408/2111
f 2026/2408/2111 2007/2407/2110 2025/2409/2112
f 2026/2408/2111 2025/2409/2112 2049/2410/2113
f 2049/2410/2113 2025/2409/2112 2050/2411/2114
f 2049/2410/2113 2050/2411/2114 2044/2412/2115
f 2044/2412/2115 2050/2411/2114 2043/2413/2116
f 2044/2412/2115 2043/2413/2116 2080/2414/2117
f 2080/2414/2117 2043/2413/2116 2079/2415/2118
f 2080/2414/2117 2079/2415/2118 2103/2416/2119
f 2103/2416/2119 2079/2415/2118 2104/2417/2120
f 2103/2416/2119 2104/2417/2120 2098/2418/2121
f 2098/2418/2121 2104/2417/2120 2097/2419/2122
f 2098/2418/2121 2097/2419/2122 2134/2420/2123
f 2134/2420/2123 2097/2419/2122 2133/2421/2124
f 2134/2420/2123 2133/2421/2124 2157/2422/2125
f 2157/2422/2125 2133/2421/2124 2158/2423/2126
f 2157/2422/2125 2158/2423/2126 2152/2424/2127
f 2152/2424/2127 2158/2423/2126 2151/2425/2128
f 2152/2424/2127 2151/2425/2128 2193/2426/2129
f 2193/2426/2129 2151/2425/2128 2194/2427/2130
f 2193/2426/2129 2194/2427/2130 2188/2428/2131
f 2188/2428/2131 2194/2427/2130 2187/2429/2132
f 2188/2428/2131 2187/2429/2132 2229/2430/2133
f 2229/2430/2133 2187/2429/2132 2230/2431/2134
f 2229/2430/2133 2230/2431/2134 2224/2432/2135
f 2224/2432/2135 2230/2431/2134 2223/2433/2136
f 2224/2432/2135 2223/2433/2136 2260/2434/2137
f 2260/2434/2137 2223/2433/2136 2259/2435/2138
f 2260/2434/2137 2259/2435/2138 2283/2436/2139
f 2283/2436/2139 2259/2435/2138 2284/2437/2140
f 2283/2436/2139 2284/2437/2140 2278/2438/2141
f 2278/2438/2141 2284/2437/2140 2277/2439/2142
f 2278/2438/2141 2277/2439/2142 2314/2440/2143
f 2314/2440/2143 2277/2439/2142 2313/2441/2144
f 2314/2440/2143 2313/2441/2144 2337/2442/2145
f 2337/2442/2145 2313/2441/2144 2338/2443/2146
f 2337/2442/2145 2338/2443/2146 2332/2444/2147
f 2332/2444/2147 2338/2443/2146 2331/2445/2148
f 2332/2444/2147 2331/2445/2148 1552/2446/1869
f 1552/2446/1869 2331/2445/2148 1553/2447/1872
f 1553/2447/1872 2331/2445/2148 2330/2448/2149
f 1553/2447/1872 2330/2448/2149 1554/2449/1874
f 1554/2449/1874 2330/2448/2149 2329/2450/2150
f 1554/2449/1874 2329/2450/2150 1555/2451/1877
f 1555/2451/1877 2329/2450/2150 2328/2452/2151
f 1555/2451/1877 2328/2452/2151 1556/2453/1764
f 1556/2453/1764 2328/2452/2151 2327/2454/2152
f 1556/2453/1764 2327/2454/2152 1557/2455/1762
f 1557/2455/1762 2327/2454/2152 2326/2456/2153
f 1557/2455/1762 2326/2456/2153 2325/2457/2154
f 2325/2457/2154 2326/2456/2153 2344/2458/2155
f 2325/2457/2154 2344/2458/2155 2345/2459/2156
f 2345/2459/2156 2344/2458/2155 2306/2460/2157
f 2345/2459/2156 2306/2460/2157 2305/2461/2158
f 2305/2461/2158 2306/2460/2157 2269/2462/2159
f 2305/2461/2158 2269/2462/2159 2268/2463/2160
f 2268/2463/2160 2269/2462/2159 2293/2464/2161
f 2268/2463/2160 2293/2464/2161 2294/2465/2162
f 2294/2465/2162 2293/2464/2161 2249/2466/2163
f 2294/2465/2162 2249/2466/2163 2248/2467/2164
f 2248/2467/2164 2249/2466/2163 2212/2468/2165
f 2248/2467/2164 2212/2468/2165 2211/2469/2166
f 2211/2469/2166 2212/2468/2165 2242/2470/2167
f 2211/2469/2166 2242/2470/2167 2243/2471/2168
f 2243/2471/2168 2242/2470/2167 2174/2472/2169
f 2243/2471/2168 2174/2472/2169 2173/2473/2170
f 2173/2473/2170 2174/2472/2169 2208/2474/2171
f 2173/2473/2170 2208/2474/2171 1973/2475/2172
f 1973/2475/2172 2208/2474/2171 2137/2476/2173
f 1973/2475/2172 2137/2476/2173 1972/2477/2174
f 1972/2477/2174 2137/2476/2173 2172/2478/2175
f 1972/2477/2174 2172/2478/2175 2119/2479/2176
f 2119/2479/2176 2172/2478/2175 2171/2480/2177
f 2119/2479/2176 2171/2480/2177 2120/2481/2178
f 2120/2481/2178 2171/2480/2177 2170/2482/2179
f 2120/2481/2178 2170/2482/2179 2121/2483/2180
f 2121/2483/2180 2170/2482/2179 2169/2484/2181
f 2121/2483/2180 2169/2484/2181 2122/2485/2182
f 2122/2485/2182 2169/2484/2181 2168/2486/2183
f 2122/2485/2182 2168/2486/2183 2123/2487/2184
f 2123/2487/2184 2168/2486/2183 2167/2488/2185
f 2123/2487/2184 2167/2488/2185 2124/2489/2186
f 2124/2489/2186 2167/2488/2185 2166/2490/2187
f 2124/2489/2186 2166/2490/2187 2125/2491/2188
f 2125/2491/2188 2166/2490/2187 2165/2492/2189
f 2125/2491/2188 2165/2492/2189 2126/2493/2190
f 2126/2493/2190 2165/2492/2189 2164/2494/2191
f 2126/2493/2190 2164/2494/2191 2127/2495/2192
f 2127/2495/2192 2164/2494/2191 2163/2496/2193
f 2127/2495/2192 2163/2496/2193 2128/2497/2194
f 2128/2497/2194 2163/2496/2193 2162/2498/2195
f 2128/2497/2194 2162/2498/2195 2129/2499/2196
f 2129/2499/2196 2162/2498/2195 2161/2500/2197
f 2129/2499/2196 2161/2500/2197 2130/2501/2198
f 2130/2501/2198 2161/2500/2197 2160/2502/2199
f 2130/2501/2198 2160/2502/2199 2131/2503/2200
f 2131/2503/2200 2160/2502/2199 2159/2504/2201
f 2131/2503/2200 2159/2504/2201 2132/2505/2202
f 2132/2505/2202 2159/2504/2201 2158/2423/2126
f 2132/2505/2202 2158/2423/2126 2133/2421/2124
f 1954/2405/2108 1955/2506/2203 2007/2407/2110
f 2007/2407/2110 1955/2506/2203 2006/2507/2204
f 2007/2407/2110 2006/2507/2204 2025/2409/2112
f 2025/2409/2112 2006/2507/2204 2024/2508/2205
f 2025/2409/2112 2024/2508/2205 2050/2411/2114
f 2050/2411/2114 2024/2508/2205 2051/2509/2206
f 2050/2411/2114 2051/2509/2206 2043/2413/2116
f 2043/2413/2116 2051/2509/2206 2042/2510/2207
f 2043/2413/2116 2042/2510/2207 2079/2415/2118
f 2079/2415/2118 2042/2510/2207 2078/2511/2208
f 2079/2415/2118 2078/2511/2208 2104/2417/2120
f 2104/2417/2120 2078/2511/2208 2105/2512/2209
f 2104/2417/2120 2105/2512/2209 2097/2419/2122
f 2097/2419/2122 2105/2512/2209 2096/2513/2210
f 2097/2419/2122 2096/2513/2210 2133/2421/2124
f 2133/2421/2124 2096/2513/2210 2132/2505/2202
f 1955/2506/2203 1956/2514/2211 2006/2507/2204
f 2006/2507/2204 1956/2514/2211 2005/2515/2212
f 2006/2507/2204 2005/2515/2212 2024/2508/2205
f 2024/2508/2205 2005/2515/2212 2023/2516/2213
f 2024/2508/2205 2023/2516/2213 2051/2509/2206
f 2051/2509/2206 2023/2516/2213 2052/2517/2214
f 2051/2509/2206 2052/2517/2214 2042/2510/2207
f 2042/2510/2207 2052/2517/2214 2041/2518/2215
f 2042/2510/2207 2041/2518/2215 2078/2511/2208
f 2078/2511/2208 2041/2518/2215 2077/2519/2216
f 2078/2511/2208 2077/2519/2216 2105/2512/2209
f 2105/2512/2209 2077/2519/2216 2106/2520/2217
f 2105/2512/2209 2106/2520/2217 2096/2513/2210
f 2096/2513/2210 2106/2520/2217 2095/2521/2218
f 2096/2513/2210 2095/2521/2218 2132/2505/2202
f 2132/2505/2202 2095/2521/2218 2131/2503/2200
f 1956/2514/2211 1957/2522/2219 2005/2515/2212
f 2005/2515/2212 1957/2522/2219 2004/2523/2220
f 2005/2515/2212 2004/2523/2220 2023/2516/2213
f 2023/2516/2213 2004/2523/2220 2022/2524/2221
f 2023/2516/2213 2022/2524/2221 2052/2517/2214
f 2052/2517/2214 2022/2524/2221 2053/2525/2222
f 2052/2517/2214 2053/2525/2222 2041/2518/2215
f 2041/2518/2215 2053/2525/2222 2040/2526/2223
f 2041/2518/2215 2040/2526/2223 2077/2519/2216
f 2077/2519/2216 2040/2526/2223 2076/2527/2224
f 2077/2519/2216 2076/2527/2224 2106/2520/2217
f 2106/2520/2217 2076/2527/2224 2107/2528/2225
f 2106/2520/2217 2107/2528/2225 2095/2521/2218
f 2095/2521/2218 2107/2528/2225 2094/2529/2226
f 2095/2521/2218 2094/2529/2226 2131/2503/2200
f 2131/2503/2200 2094/2529/2226 2130/2501/2198
f 1957/2522/2219 1958/2530/2227 2004/2523/2220
f 2004/2523/2220 1958/2530/2227 2003/2531/2228
f 2004/2523/2220 2003/2531/2228 2022/2524/2221
f 2022/2524/2221 2003/2531/2228 2021/2532/2229
f 2022/2524/2221 2021/2532/2229 2053/2525/2222
f 2053/2525/2222 2021/2532/2229 2054/2533/2230
f 2053/2525/2222 2054/2533/2230 2040/2526/2223
f 2040/2526/2223 2054/2533/2230 2039/2534/2231
f 2040/2526/2223 2039/2534/2231 2076/2527/2224
f 2076/2527/2224 2039/2534/2231 2075/2535/2232
f 2076/2527/2224 2075/2535/2232 2107/2528/2225
f 2107/2528/2225 2075/2535/2232 2108/2536/2233
f 2107/2528/2225 2108/2536/2233 2094/2529/2226
f 2094/2529/2226 2108/2536/2233 2093/2537/2234
f 2094/2529/2226 2093/2537/2234 2130/2501/2198
f 2130/2501/2198 2093/2537/2234 2129/2499/2196
f 1958/2530/2227 1959/2538/2235 2003/2531/2228
f 2003/2531/2228 1959/2538/2235 2002/2539/2236
f 2003/2531/2228 2002/2539/2236 2021/2532/2229
f 2021/2532/2229 2002/2539/2236 2020/2540/2237
f 2021/2532/2229 2020/2540/2237 2054/2533/2230
f 2054/2533/2230 2020/2540/2237 2055/2541/2238
f 2054/2533/2230 2055/2541/2238 2039/2534/2231
f 2039/2534/2231 2055/2541/2238 2038/2542/2239
f 2039/2534/2231 2038/2542/2239 2075/2535/2232
f 2075/2535/2232 2038/2542/2239 2074/2543/2240
f 2075/2535/2232 2074/2543/2240 2108/2536/2233
f 2108/2536/2233 2074/2543/2240 2109/2544/2241
f 2108/2536/2233 2109/2544/2241 2093/2537/2234
f 2093/2537/2234 2109/2544/2241 2092/2545/2242
f 2093/2537/2234 2092/2545/2242 2129/2499/2196
f 2129/2499/2196 2092/2545/2242 2128/2497/2194
f 2002/2539/2236 1959/2538/2235 2001/2546/2243
f 2001/2546/2243 1959/2538/2235 1960/2547/2244
f 2001/2546/2243 1960/2547/2244 2000/2548/2245
f 2000/2548/2245 1960/2547/2244 1961/2549/2246
f 2000/2548/2245 1961/2549/2246 1999/2550/2247
f 1999/2550/2247 1961/2549/2246 1962/2551/2248
f 1999/2550/2247 1962/2551/2248 1998/2552/2249
f 1998/2552/2249 1962/2551/2248 1963/2553/2250
f 1998/2552/2249 1963/2553/2250 1997/2554/2251
f 1997/2554/2251 1963/2553/2250 1964/2555/2252
f 1997/2554/2251 1964/2555/2252 1996/2556/2253
f 1996/2556/2253 1964/2555/2252 1995/2557/2254
f 1996/2556/2253 1995/2557/2254 2014/2558/2255
f 2014/2558/2255 1995/2557/2254 2013/2559/2256
f 2014/2558/2255 2013/2559/2256 2061/2560/2257
f 2061/2560/2257 2013/2559/2256 2062/2561/2258
f 2061/2560/2257 2062/2561/2258 2032/2562/2259
f 2032/2562/2259 2062/2561/2258 2031/2563/2260
f 2032/2562/2259 2031/2563/2260 2068/2564/2261
f 2068/2564/2261 2031/2563/2260 2067/2565/2262
f 2068/2564/2261 2067/2565/2262 2115/2566/2263
f 2115/2566/2263 2067/2565/2262 2116/2567/2264
f 2115/2566/2263 2116/2567/2264 2086/2568/2265
f 2086/2568/2265 2116/2567/2264 2085/2569/2266
f 2086/2568/2265 2085/2569/2266 2122/2485/2182
f 2122/2485/2182 2085/2569/2266 2121/2483/2180
f 1964/2555/2252 1965/2570/2267 1995/2557/2254
f 1995/2557/2254 1965/2570/2267 1994/2571/2268
f 1995/2557/2254 1994/2571/2268 2013/2559/2256
f 2013/2559/2256 1994/2571/2268 2012/2572/2269
f 2013/2559/2256 2012/2572/2269 2062/2561/2258
f 2062/2561/2258 2012/2572/2269 2063/2573/2270
f 2062/2561/2258 2063/2573/2270 2031/2563/2260
f 2031/2563/2260 2063/2573/2270 2030/2574/2271
f 2031/2563/2260 2030/2574/2271 2067/2565/2262
f 2067/2565/2262 2030/2574/2271 2066/2575/2272
f 2067/2565/2262 2066/2575/2272 2116/2567/2264
f 2116/2567/2264 2066/2575/2272 2117/2576/2273
f 2116/2567/2264 2117/2576/2273 2085/2569/2266
f 2085/2569/2266 2117/2576/2273 2084/2577/2274
f 2085/2569/2266 2084/2577/2274 2121/2483/2180
f 2121/2483/2180 2084/2577/2274 2120/2481/2178
f 1994/2571/2268 1965/2570/2267 1993/2578/2275
f 1993/2578/2275 1965/2570/2267 1966/2579/2276
f 1993/2578/2275 1966/2579/2276 1967/2580/2277
f 1993/2578/2275 1967/2580/2277 2011/2581/2278
f 2011/2581/2278 1967/2580/2277 1968/2582/2279
f 2011/2581/2278 1968/2582/2279 2064/2583/2280
f 2064/2583/2280 1968/2582/2279 2029/2584/2281
f 2064/2583/2280 2029/2584/2281 2030/2574/2271
f 2030/2574/2271 2029/2584/2281 2066/2575/2272
f 1968/2582/2279 1969/2585/2282 2029/2584/2281
f 2029/2584/2281 1969/2585/2282 2065/2586/2283
f 2029/2584/2281 2065/2586/2283 2066/2575/2272
f 2066/2575/2272 2065/2586/2283 2117/2576/2273
f 1969/2585/2282 1970/2587/2284 2065/2586/2283
f 2065/2586/2283 1970/2587/2284 2118/2588/2285
f 2065/2586/2283 2118/2588/2285 2117/2576/2273
f 2117/2576/2273 2118/2588/2285 2084/2577/2274
f 2118/2588/2285 1970/2587/2284 2083/2589/2286
f 2083/2589/2286 1970/2587/2284 1971/2590/2287
f 2083/2589/2286 1971/2590/2287 2119/2479/2176
f 2119/2479/2176 1971/2590/2287 1972/2477/2174
f 1973/2475/2172 1974/2591/2288 2173/2473/2170
f 2173/2473/2170 1974/2591/2288 2244/2592/2289
f 2173/2473/2170 2244/2592/2289 2243/2471/2168
f 2243/2471/2168 2244/2592/2289 2210/2593/2290
f 2243/2471/2168 2210/2593/2290 2211/2469/2166
f 2211/2469/2166 2210/2593/2290 2247/2594/2291
f 2211/2469/2166 2247/2594/2291 2248/2467/2164
f 2248/2467/2164 2247/2594/2291 2295/2595/2292
f 2248/2467/2164 2295/2595/2292 2294/2465/2162
f 2294/2465/2162 2295/2595/2292 2267/2596/2293
f 2294/2465/2162 2267/2596/2293 2268/2463/2160
f 2268/2463/2160 2267/2596/2293 2304/2597/2294
f 2268/2463/2160 2304/2597/2294 2305/2461/2158
f 2305/2461/2158 2304/2597/2294 2346/2598/2295
f 2305/2461/2158 2346/2598/2295 2345/2459/2156
f 2345/2459/2156 2346/2598/2295 2324/2599/2296
f 2345/2459/2156 2324/2599/2296 2325/2457/2154
f 2325/2457/2154 2324/2599/2296 1558/2600/1878
f 2325/2457/2154 1558/2600/1878 1557/2455/1762
f 2244/2592/2289 1974/2591/2288 2209/2601/2297
f 2209/2601/2297 1974/2591/2288 1975/2602/2298
f 2209/2601/2297 1975/2602/2298 2245/2603/2299
f 2245/2603/2299 1975/2602/2298 1976/2604/2300
f 2245/2603/2299 1976/2604/2300 2298/2605/2301
f 2298/2605/2301 1976/2604/2300 2263/2606/2302
f 2298/2605/2301 2263/2606/2302 2264/2607/2303
f 2264/2607/2303 2263/2606/2302 2300/2608/2304
f 2264/2607/2303 2300/2608/2304 2301/2609/2305
f 2301/2609/2305 2300/2608/2304 2350/2610/2306
f 2301/2609/2305 2350/2610/2306 2349/2611/2307
f 2349/2611/2307 2350/2610/2306 2320/2612/2308
f 2349/2611/2307 2320/2612/2308 2321/2613/2309
f 2321/2613/2309 2320/2612/2308 1562/2614/1907
f 2321/2613/2309 1562/2614/1907 1561/2615/1903
f 1976/2604/2300 1977/2616/2310 2263/2606/2302
f 2263/2606/2302 1977/2616/2310 2299/2617/2311
f 2263/2606/2302 2299/2617/2311 2300/2608/2304
f 2300/2608/2304 2299/2617/2311 2351/2618/2312
f 2300/2608/2304 2351/2618/2312 2350/2610/2306
f 2350/2610/2306 2351/2618/2312 2319/2619/2313
f 2350/2610/2306 2319/2619/2313 2320/2612/2308
f 2320/2612/2308 2319/2619/2313 1562/2614/1907
f 1977/2616/2310 1978/2620/2314 2299/2617/2311
f 2299/2617/2311 1978/2620/2314 2352/2621/2315
f 2299/2617/2311 2352/2621/2315 2351/2618/2312
f 2351/2618/2312 2352/2621/2315 2318/2622/2316
f 2351/2618/2312 2318/2622/2316 2319/2619/2313
f 2319/2619/2313 2318/2622/2316 1563/2623/1912
f 2319/2619/2313 1563/2623/1912 1562/2614/1907
f 2352/2621/2315 1978/2620/2314 2317/2624/2317
f 2317/2624/2317 1978/2620/2314 1979/2625/2318
f 2317/2624/2317 1979/2625/2318 1564/2626/1913
f 1564/2626/1913 1563/2623/1912 2317/2624/2317
f 2317/2624/2317 1563/2623/1912 2318/2622/2316
f 2317/2624/2317 2318/2622/2316 2352/2621/2315
f 2321/2613/2309 1561/2615/1903 2322/2627/2319
f 2322/2627/2319 1561/2615/1903 1560/2628/1891
f 2322/2627/2319 1560/2628/1891 2323/2629/2320
f 2323/2629/2320 1560/2628/1891 1559/2630/1889
f 2323/2629/2320 1559/2630/1889 2324/2599/2296
f 2324/2599/2296 1559/2630/1889 1558/2600/1878
f 2332/2444/2147 1552/2446/1869 2333/2631/2321
f 2333/2631/2321 1552/2446/1869 1551/2632/1867
f 2333/2631/2321 1551/2632/1867 2334/2633/2322
f 2334/2633/2322 1551/2632/1867 1550/2634/1866
f 2334/2633/2322 1550/2634/1866 1980/2635/2323
f 2334/2633/2322 1980/2635/2323 2335/2636/2324
f 2335/2636/2324 1980/2635/2323 1981/2637/2325
f 2335/2636/2324 1981/2637/2325 2316/2638/2326
f 2316/2638/2326 1981/2637/2325 1982/2639/2327
f 2316/2638/2326 1982/2639/2327 2280/2640/2328
f 2280/2640/2328 1982/2639/2327 1983/2641/2329
f 2280/2640/2328 1983/2641/2329 2281/2642/2330
f 2281/2642/2330 1983/2641/2329 2262/2643/2331
f 2281/2642/2330 2262/2643/2331 2261/2644/2332
f 2261/2644/2332 2262/2643/2331 2225/2645/2333
f 2261/2644/2332 2225/2645/2333 2224/2432/2135
f 2224/2432/2135 2225/2645/2333 2229/2430/2133
f 1983/2641/2329 1984/2646/2334 2262/2643/2331
f 2262/2643/2331 1984/2646/2334 2226/2647/2335
f 2262/2643/2331 2226/2647/2335 2225/2645/2333
f 2225/2645/2333 2226/2647/2335 2228/2648/2336
f 2225/2645/2333 2228/2648/2336 2229/2430/2133
f 2229/2430/2133 2228/2648/2336 2188/2428/2131
f 1984/2646/2334 1985/2649/2337 2226/2647/2335
f 2226/2647/2335 1985/2649/2337 2227/2650/2338
f 2226/2647/2335 2227/2650/2338 2228/2648/2336
f 2228/2648/2336 2227/2650/2338 2189/2651/2339
f 2228/2648/2336 2189/2651/2339 2188/2428/2131
f 2188/2428/2131 2189/2651/2339 2193/2426/2129
f 2227/2650/2338 1985/2649/2337 2190/2652/2340
f 2190/2652/2340 1985/2649/2337 1986/2653/2341
f 2190/2652/2340 1986/2653/2341 2191/2654/2342
f 2191/2654/2342 1986/2653/2341 2154/2655/2343
f 2191/2654/2342 2154/2655/2343 2153/2656/2344
f 2153/2656/2344 2154/2655/2343 2156/2657/2345
f 2153/2656/2344 2156/2657/2345 2157/2422/2125
f 2157/2422/2125 2156/2657/2345 2134/2420/2123
f 1986/2653/2341 1987/2658/2346 2154/2655/2343
f 2154/2655/2343 1987/2658/2346 2155/2659/2347
f 2154/2655/2343 2155/2659/2347 2156/2657/2345
f 2156/2657/2345 2155/2659/2347 2135/2660/2348
f 2156/2657/2345 2135/2660/2348 2134/2420/2123
f 2134/2420/2123 2135/2660/2348 2098/2418/2121
f 2155/2659/2347 1987/2658/2346 2136/2661/2349
f 2136/2661/2349 1987/2658/2346 1988/2662/2350
f 2136/2661/2349 1988/2662/2350 2100/2663/2351
f 2100/2663/2351 1988/2662/2350 1989/2664/2352
f 2100/2663/2351 1989/2664/2352 2101/2665/2353
f 2101/2665/2353 1989/2664/2352 2082/2666/2354
f 2101/2665/2353 2082/2666/2354 2081/2667/2355
f 2081/2667/2355 2082/2666/2354 2045/2668/2356
f 2081/2667/2355 2045/2668/2356 2044/2412/2115
f 2044/2412/2115 2045/2668/2356 2049/2410/2113
f 1989/2664/2352 1990/2669/2357 2082/2666/2354
f 2082/2666/2354 1990/2669/2357 2046/2670/2358
f 2082/2666/2354 2046/2670/2358 2045/2668/2356
f 2045/2668/2356 2046/2670/2358 2048/2671/2359
f 2045/2668/2356 2048/2671/2359 2049/2410/2113
f 2049/2410/2113 2048/2671/2359 2026/2408/2111
f 1990/2669/2357 1991/2672/2360 2046/2670/2358
f 2046/2670/2358 1991/2672/2360 2047/2673/2361
f 2046/2670/2358 2047/2673/2361 2048/2671/2359
f 2048/2671/2359 2047/2673/2361 2027/2674/2362
f 2048/2671/2359 2027/2674/2362 2026/2408/2111
f 2026/2408/2111 2027/2674/2362 2008/2406/2109
f 2047/2673/2361 1991/2672/2360 2028/2675/2363
f 2028/2675/2363 1991/2672/2360 1992/2400/2103
f 2028/2675/2363 1992/2400/2103 2010/2402/2105
f 2012/2572/2269 1994/2571/2268 1993/2578/2275
f 1997/2554/2251 1996/2556/2253 2015/2676/2364
f 2015/2676/2364 1996/2556/2253 2014/2558/2255
f 2015/2676/2364 2014/2558/2255 2060/2677/2365
f 2060/2677/2365 2014/2558/2255 2061/2560/2257
f 2060/2677/2365 2061/2560/2257 2033/2678/2366
f 2033/2678/2366 2061/2560/2257 2032/2562/2259
f 2033/2678/2366 2032/2562/2259 2069/2679/2367
f 2069/2679/2367 2032/2562/2259 2068/2564/2261
f 2069/2679/2367 2068/2564/2261 2114/2680/2368
f 2114/2680/2368 2068/2564/2261 2115/2566/2263
f 2114/2680/2368 2115/2566/2263 2087/2681/2369
f 2087/2681/2369 2115/2566/2263 2086/2568/2265
f 2087/2681/2369 2086/2568/2265 2123/2487/2184
f 2123/2487/2184 2086/2568/2265 2122/2485/2182
f 1998/2552/2249 1997/2554/2251 2016/2682/2370
f 2016/2682/2370 1997/2554/2251 2015/2676/2364
f 2016/2682/2370 2015/2676/2364 2059/2683/2371
f 2059/2683/2371 2015/2676/2364 2060/2677/2365
f 2059/2683/2371 2060/2677/2365 2034/2684/2372
f 2034/2684/2372 2060/2677/2365 2033/2678/2366
f 2034/2684/2372 2033/2678/2366 2070/2685/2373
f 2070/2685/2373 2033/2678/2366 2069/2679/2367
f 2070/2685/2373 2069/2679/2367 2113/2686/2374
f 2113/2686/2374 2069/2679/2367 2114/2680/2368
f 2113/2686/2374 2114/2680/2368 2088/2687/2375
f 2088/2687/2375 2114/2680/2368 2087/2681/2369
f 2088/2687/2375 2087/2681/2369 2124/2489/2186
f 2124/2489/2186 2087/2681/2369 2123/2487/2184
f 1999/2550/2247 1998/2552/2249 2017/2688/2376
f 2017/2688/2376 1998/2552/2249 2016/2682/2370
f 2017/2688/2376 2016/2682/2370 2058/2689/2377
f 2058/2689/2377 2016/2682/2370 2059/2683/2371
f 2058/2689/2377 2059/2683/2371 2035/2690/2378
f 2035/2690/2378 2059/2683/2371 2034/2684/2372
f 2035/2690/2378 2034/2684/2372 2071/2691/2379
f 2071/2691/2379 2034/2684/2372 2070/2685/2373
f 2071/2691/2379 2070/2685/2373 2112/2692/2380
f 2112/2692/2380 2070/2685/2373 2113/2686/2374
f 2112/2692/2380 2113/2686/2374 2089/2693/2381
f 2089/2693/2381 2113/2686/2374 2088/2687/2375
f 2089/2693/2381 2088/2687/2375 2125/2491/2188
f 2125/2491/2188 2088/2687/2375 2124/2489/2186
f 2000/2548/2245 1999/2550/2247 2018/2694/2382
f 2018/2694/2382 1999/2550/2247 2017/2688/2376
f 2018/2694/2382 2017/2688/2376 2057/2695/2383
f 2057/2695/2383 2017/2688/2376 2058/2689/2377
f 2057/2695/2383 2058/2689/2377 2036/2696/2384
f 2036/2696/2384 2058/2689/2377 2035/2690/2378
f 2036/2696/2384 2035/2690/2378 2072/2697/2385
f 2072/2697/2385 2035/2690/2378 2071/2691/2379
f 2072/2697/2385 2071/2691/2379 2111/2698/2386
f 2111/2698/2386 2071/2691/2379 2112/2692/2380
f 2111/2698/2386 2112/2692/2380 2090/2699/2387
f 2090/2699/2387 2112/2692/2380 2089/2693/2381
f 2090/2699/2387 2089/2693/2381 2126/2493/2190
f 2126/2493/2190 2089/2693/2381 2125/2491/2188
f 2020/2540/2237 2002/2539/2236 2001/2546/2243
f 2001/2546/2243 2000/2548/2245 2019/2700/2388
f 2019/2700/2388 2000/2548/2245 2018/2694/2382
f 2019/2700/2388 2018/2694/2382 2056/2701/2389
f 2056/2701/2389 2018/2694/2382 2057/2695/2383
f 2056/2701/2389 2057/2695/2383 2037/2702/2390
f 2037/2702/2390 2057/2695/2383 2036/2696/2384
f 2037/2702/2390 2036/2696/2384 2073/2703/2391
f 2073/2703/2391 2036/2696/2384 2072/2697/2385
f 2073/2703/2391 2072/2697/2385 2110/2704/2392
f 2110/2704/2392 2072/2697/2385 2111/2698/2386
f 2110/2704/2392 2111/2698/2386 2091/2705/2393
f 2091/2705/2393 2111/2698/2386 2090/2699/2387
f 2091/2705/2393 2090/2699/2387 2127/2495/2192
f 2127/2495/2192 2090/2699/2387 2126/2493/2190
f 2028/2675/2363 2010/2402/2105 2009/2404/2107
f 2028/2675/2363 2009/2404/2107 2027/2674/2362
f 2027/2674/2362 2009/2404/2107 2008/2406/2109
f 2063/2573/2270 2012/2572/2269 2011/2581/2278
f 2011/2581/2278 2012/2572/2269 1993/2578/2275
f 2055/2541/2238 2020/2540/2237 2019/2700/2388
f 2019/2700/2388 2020/2540/2237 2001/2546/2243
f 2055/2541/2238 2019/2700/2388 2056/2701/2389
f 2047/2673/2361 2028/2675/2363 2027/2674/2362
f 2064/2583/2280 2030/2574/2271 2063/2573/2270
f 2055/2541/2238 2056/2701/2389 2038/2542/2239
f 2038/2542/2239 2056/2701/2389 2037/2702/2390
f 2038/2542/2239 2037/2702/2390 2074/2543/2240
f 2074/2543/2240 2037/2702/2390 2073/2703/2391
f 2074/2543/2240 2073/2703/2391 2109/2544/2241
f 2109/2544/2241 2073/2703/2391 2110/2704/2392
f 2109/2544/2241 2110/2704/2392 2092/2545/2242
f 2092/2545/2242 2110/2704/2392 2091/2705/2393
f 2092/2545/2242 2091/2705/2393 2128/2497/2194
f 2128/2497/2194 2091/2705/2393 2127/2495/2192
f 2081/2667/2355 2044/2412/2115 2080/2414/2117
f 2011/2581/2278 2064/2583/2280 2063/2573/2270
f 2081/2667/2355 2080/2414/2117 2102/2706/2394
f 2102/2706/2394 2080/2414/2117 2103/2416/2119
f 2102/2706/2394 2103/2416/2119 2099/2707/2395
f 2099/2707/2395 2103/2416/2119 2098/2418/2121
f 2099/2707/2395 2098/2418/2121 2135/2660/2348
f 2120/2481/2178 2084/2577/2274 2083/2589/2286
f 2083/2589/2286 2084/2577/2274 2118/2588/2285
f 2119/2479/2176 2120/2481/2178 2083/2589/2286
f 2099/2707/2395 2100/2663/2351 2102/2706/2394
f 2102/2706/2394 2100/2663/2351 2101/2665/2353
f 2102/2706/2394 2101/2665/2353 2081/2667/2355
f 2100/2663/2351 2099/2707/2395 2136/2661/2349
f 2136/2661/2349 2099/2707/2395 2135/2660/2348
f 2136/2661/2349 2135/2660/2348 2155/2659/2347
f 2171/2480/2177 2172/2478/2175 2138/2708/2396
f 2138/2708/2396 2172/2478/2175 2137/2476/2173
f 2138/2708/2396 2137/2476/2173 2207/2709/2397
f 2207/2709/2397 2137/2476/2173 2208/2474/2171
f 2207/2709/2397 2208/2474/2171 2174/2472/2169
f 2170/2482/2179 2171/2480/2177 2139/2710/2398
f 2139/2710/2398 2171/2480/2177 2138/2708/2396
f 2139/2710/2398 2138/2708/2396 2206/2711/2399
f 2206/2711/2399 2138/2708/2396 2207/2709/2397
f 2206/2711/2399 2207/2709/2397 2175/2712/2400
f 2175/2712/2400 2207/2709/2397 2174/2472/2169
f 2175/2712/2400 2174/2472/2169 2242/2470/2167
f 2169/2484/2181 2170/2482/2179 2140/2713/2401
f 2140/2713/2401 2170/2482/2179 2139/2710/2398
f 2140/2713/2401 2139/2710/2398 2205/2714/2402
f 2205/2714/2402 2139/2710/2398 2206/2711/2399
f 2205/2714/2402 2206/2711/2399 2176/2715/2403
f 2176/2715/2403 2206/2711/2399 2175/2712/2400
f 2176/2715/2403 2175/2712/2400 2241/2716/2404
f 2241/2716/2404 2175/2712/2400 2242/2470/2167
f 2241/2716/2404 2242/2470/2167 2212/2468/2165
f 2168/2486/2183 2169/2484/2181 2141/2717/2405
f 2141/2717/2405 2169/2484/2181 2140/2713/2401
f 2141/2717/2405 2140/2713/2401 2204/2718/2406
f 2204/2718/2406 2140/2713/2401 2205/2714/2402
f 2204/2718/2406 2205/2714/2402 2177/2719/2407
f 2177/2719/2407 2205/2714/2402 2176/2715/2403
f 2177/2719/2407 2176/2715/2403 2240/2720/2408
f 2240/2720/2408 2176/2715/2403 2241/2716/2404
f 2240/2720/2408 2241/2716/2404 2213/2721/2409
f 2213/2721/2409 2241/2716/2404 2212/2468/2165
f 2213/2721/2409 2212/2468/2165 2249/2466/2163
f 2167/2488/2185 2168/2486/2183 2142/2722/2410
f 2142/2722/2410 2168/2486/2183 2141/2717/2405
f 2142/2722/2410 2141/2717/2405 2203/2723/2411
f 2203/2723/2411 2141/2717/2405 2204/2718/2406
f 2203/2723/2411 2204/2718/2406 2178/2724/2412
f 2178/2724/2412 2204/2718/2406 2177/2719/2407
f 2178/2724/2412 2177/2719/2407 2239/2725/2413
f 2239/2725/2413 2177/2719/2407 2240/2720/2408
f 2239/2725/2413 2240/2720/2408 2214/2726/2414
f 2214/2726/2414 2240/2720/2408 2213/2721/2409
f 2214/2726/2414 2213/2721/2409 2250/2727/2415
f 2250/2727/2415 2213/2721/2409 2249/2466/2163
f 2250/2727/2415 2249/2466/2163 2293/2464/2161
f 2166/2490/2187 2167/2488/2185 2143/2728/2416
f 2143/2728/2416 2167/2488/2185 2142/2722/2410
f 2143/2728/2416 2142/2722/2410 2202/2729/2417
f 2202/2729/2417 2142/2722/2410 2203/2723/2411
f 2202/2729/2417 2203/2723/2411 2179/2730/2418
f 2179/2730/2418 2203/2723/2411 2178/2724/2412
f 2179/2730/2418 2178/2724/2412 2238/2731/2419
f 2238/2731/2419 2178/2724/2412 2239/2725/2413
f 2238/2731/2419 2239/2725/2413 2215/2732/2420
f 2215/2732/2420 2239/2725/2413 2214/2726/2414
f 2215/2732/2420 2214/2726/2414 2251/2733/2421
f 2251/2733/2421 2214/2726/2414 2250/2727/2415
f 2251/2733/2421 2250/2727/2415 2292/2734/2422
f 2292/2734/2422 2250/2727/2415 2293/2464/2161
f 2292/2734/2422 2293/2464/2161 2269/2462/2159
f 2165/2492/2189 2166/2490/2187 2144/2735/2423
f 2144/2735/2423 2166/2490/2187 2143/2728/2416
f 2144/2735/2423 2143/2728/2416 2201/2736/2424
f 2201/2736/2424 2143/2728/2416 2202/2729/2417
f 2201/2736/2424 2202/2729/2417 2180/2737/2425
f 2180/2737/2425 2202/2729/2417 2179/2730/2418
f 2180/2737/2425 2179/2730/2418 2237/2738/2426
f 2237/2738/2426 2179/2730/2418 2238/2731/2419
f 2237/2738/2426 2238/2731/2419 2216/2739/2427
f 2216/2739/2427 2238/2731/2419 2215/2732/2420
f 2216/2739/2427 2215/2732/2420 2252/2740/2428
f 2252/2740/2428 2215/2732/2420 2251/2733/2421
f 2252/2740/2428 2251/2733/2421 2291/2741/2429
f 2291/2741/2429 2251/2733/2421 2292/2734/2422
f 2291/2741/2429 2292/2734/2422 2270/2742/2430
f 2270/2742/2430 2292/2734/2422 2269/2462/2159
f 2270/2742/2430 2269/2462/2159 2306/2460/2157
f 2164/2494/2191 2165/2492/2189 2145/2743/2431
f 2145/2743/2431 2165/2492/2189 2144/2735/2423
f 2145/2743/2431 2144/2735/2423 2200/2744/2432
f 2200/2744/2432 2144/2735/2423 2201/2736/2424
f 2200/2744/2432 2201/2736/2424 2181/2745/2433
f 2181/2745/2433 2201/2736/2424 2180/2737/2425
f 2181/2745/2433 2180/2737/2425 2236/2746/2434
f 2236/2746/2434 2180/2737/2425 2237/2738/2426
f 2236/2746/2434 2237/2738/2426 2217/2747/2435
f 2217/2747/2435 2237/2738/2426 2216/2739/2427
f 2217/2747/2435 2216/2739/2427 2253/2748/2436
f 2253/2748/2436 2216/2739/2427 2252/2740/2428
f 2253/2748/2436 2252/2740/2428 2290/2749/2437
f 2290/2749/2437 2252/2740/2428 2291/2741/2429
f 2290/2749/2437 2291/2741/2429 2271/2750/2438
f 2271/2750/2438 2291/2741/2429 2270/2742/2430
f 2271/2750/2438 2270/2742/2430 2307/2751/2439
f 2307/2751/2439 2270/2742/2430 2306/2460/2157
f 2307/2751/2439 2306/2460/2157 2344/2458/2155
f 2163/2496/2193 2164/2494/2191 2146/2752/2440
f 2146/2752/2440 2164/2494/2191 2145/2743/2431
f 2146/2752/2440 2145/2743/2431 2199/2753/2441
f 2199/2753/2441 2145/2743/2431 2200/2744/2432
f 2199/2753/2441 2200/2744/2432 2182/2754/2442
f 2182/2754/2442 2200/2744/2432 2181/2745/2433
f 2182/2754/2442 2181/2745/2433 2235/2755/2443
f 2235/2755/2443 2181/2745/2433 2236/2746/2434
f 2235/2755/2443 2236/2746/2434 2218/2756/2444
f 2218/2756/2444 2236/2746/2434 2217/2747/2435
f 2218/2756/2444 2217/2747/2435 2254/2757/2445
f 2254/2757/2445 2217/2747/2435 2253/2748/2436
f 2254/2757/2445 2253/2748/2436 2289/2758/2446
f 2289/2758/2446 2253/2748/2436 2290/2749/2437
f 2289/2758/2446 2290/2749/2437 2272/2759/2447
f 2272/2759/2447 2290/2749/2437 2271/2750/2438
f 2272/2759/2447 2271/2750/2438 2308/2760/2448
f 2308/2760/2448 2271/2750/2438 2307/2751/2439
f 2308/2760/2448 2307/2751/2439 2343/2761/2449
f 2343/2761/2449 2307/2751/2439 2344/2458/2155
f 2343/2761/2449 2344/2458/2155 2326/2456/2153
f 2162/2498/2195 2163/2496/2193 2147/2762/2450
f 2147/2762/2450 2163/2496/2193 2146/2752/2440
f 2147/2762/2450 2146/2752/2440 2198/2763/2451
f 2198/2763/2451 2146/2752/2440 2199/2753/2441
f 2198/2763/2451 2199/2753/2441 2183/2764/2452
f 2183/2764/2452 2199/2753/2441 2182/2754/2442
f 2183/2764/2452 2182/2754/2442 2234/2765/2453
f 2234/2765/2453 2182/2754/2442 2235/2755/2443
f 2234/2765/2453 2235/2755/2443 2219/2766/2454
f 2219/2766/2454 2235/2755/2443 2218/2756/2444
f 2219/2766/2454 2218/2756/2444 2255/2767/2455
f 2255/2767/2455 2218/2756/2444 2254/2757/2445
f 2255/2767/2455 2254/2757/2445 2288/2768/2456
f 2288/2768/2456 2254/2757/2445 2289/2758/2446
f 2288/2768/2456 2289/2758/2446 2273/2769/2457
f 2273/2769/2457 2289/2758/2446 2272/2759/2447
f 2273/2769/2457 2272/2759/2447 2309/2770/2458
f 2309/2770/2458 2272/2759/2447 2308/2760/2448
f 2309/2770/2458 2308/2760/2448 2342/2771/2459
f 2342/2771/2459 2308/2760/2448 2343/2761/2449
f 2342/2771/2459 2343/2761/2449 2327/2454/2152
f 2327/2454/2152 2343/2761/2449 2326/2456/2153
f 2161/2500/2197 2162/2498/2195 2148/2772/2460
f 2148/2772/2460 2162/2498/2195 2147/2762/2450
f 2148/2772/2460 2147/2762/2450 2197/2773/2461
f 2197/2773/2461 2147/2762/2450 2198/2763/2451
f 2197/2773/2461 2198/2763/2451 2184/2774/2462
f 2184/2774/2462 2198/2763/2451 2183/2764/2452
f 2184/2774/2462 2183/2764/2452 2233/2775/2463
f 2233/2775/2463 2183/2764/2452 2234/2765/2453
f 2233/2775/2463 2234/2765/2453 2220/2776/2464
f 2220/2776/2464 2234/2765/2453 2219/2766/2454
f 2220/2776/2464 2219/2766/2454 2256/2777/2465
f 2256/2777/2465 2219/2766/2454 2255/2767/2455
f 2256/2777/2465 2255/2767/2455 2287/2778/2466
f 2287/2778/2466 2255/2767/2455 2288/2768/2456
f 2287/2778/2466 2288/2768/2456 2274/2779/2467
f 2274/2779/2467 2288/2768/2456 2273/2769/2457
f 2274/2779/2467 2273/2769/2457 2310/2780/2468
f 2310/2780/2468 2273/2769/2457 2309/2770/2458
f 2310/2780/2468 2309/2770/2458 2341/2781/2469
f 2341/2781/2469 2309/2770/2458 2342/2771/2459
f 2341/2781/2469 2342/2771/2459 2328/2452/2151
f 2328/2452/2151 2342/2771/2459 2327/2454/2152
f 2160/2502/2199 2161/2500/2197 2149/2782/2470
f 2149/2782/2470 2161/2500/2197 2148/2772/2460
f 2149/2782/2470 2148/2772/2460 2196/2783/2471
f 2196/2783/2471 2148/2772/2460 2197/2773/2461
f 2196/2783/2471 2197/2773/2461 2185/2784/2472
f 2185/2784/2472 2197/2773/2461 2184/2774/2462
f 2185/2784/2472 2184/2774/2462 2232/2785/2473
f 2232/2785/2473 2184/2774/2462 2233/2775/2463
f 2232/2785/2473 2233/2775/2463 2221/2786/2474
f 2221/2786/2474 2233/2775/2463 2220/2776/2464
f 2221/2786/2474 2220/2776/2464 2257/2787/2475
f 2257/2787/2475 2220/2776/2464 2256/2777/2465
f 2257/2787/2475 2256/2777/2465 2286/2788/2476
f 2286/2788/2476 2256/2777/2465 2287/2778/2466
f 2286/2788/2476 2287/2778/2466 2275/2789/2477
f 2275/2789/2477 2287/2778/2466 2274/2779/2467
f 2275/2789/2477 2274/2779/2467 2311/2790/2478
f 2311/2790/2478 2274/2779/2467 2310/2780/2468
f 2311/2790/2478 2310/2780/2468 2340/2791/2479
f 2340/2791/2479 2310/2780/2468 2341/2781/2469
f 2340/2791/2479 2341/2781/2469 2329/2450/2150
f 2329/2450/2150 2341/2781/2469 2328/2452/2151
f 2159/2504/2201 2160/2502/2199 2150/2792/2480
f 2150/2792/2480 2160/2502/2199 2149/2782/2470
f 2150/2792/2480 2149/2782/2470 2195/2793/2481
f 2195/2793/2481 2149/2782/2470 2196/2783/2471
f 2195/2793/2481 2196/2783/2471 2186/2794/2482
f 2186/2794/2482 2196/2783/2471 2185/2784/2472
f 2186/2794/2482 2185/2784/2472 2231/2795/2483
f 2231/2795/2483 2185/2784/2472 2232/2785/2473
f 2231/2795/2483 2232/2785/2473 2222/2796/2484
f 2222/2796/2484 2232/2785/2473 2221/2786/2474
f 2222/2796/2484 2221/2786/2474 2258/2797/2485
f 2258/2797/2485 2221/2786/2474 2257/2787/2475
f 2258/2797/2485 2257/2787/2475 2285/2798/2486
f 2285/2798/2486 2257/2787/2475 2286/2788/2476
f 2285/2798/2486 2286/2788/2476 2276/2799/2487
f 2276/2799/2487 2286/2788/2476 2275/2789/2477
f 2276/2799/2487 2275/2789/2477 2312/2800/2488
f 2312/2800/2488 2275/2789/2477 2311/2790/2478
f 2312/2800/2488 2311/2790/2478 2339/2801/2489
f 2339/2801/2489 2311/2790/2478 2340/2791/2479
f 2339/2801/2489 2340/2791/2479 2330/2448/2149
f 2330/2448/2149 2340/2791/2479 2329/2450/2150
f 2158/2423/2126 2159/2504/2201 2151/2425/2128
f 2151/2425/2128 2159/2504/2201 2150/2792/2480
f 2151/2425/2128 2150/2792/2480 2194/2427/2130
f 2194/2427/2130 2150/2792/2480 2195/2793/2481
f 2194/2427/2130 2195/2793/2481 2187/2429/2132
f 2187/2429/2132 2195/2793/2481 2186/2794/2482
f 2187/2429/2132 2186/2794/2482 2230/2431/2134
f 2230/2431/2134 2186/2794/2482 2231/2795/2483
f 2230/2431/2134 2231/2795/2483 2223/2433/2136
f 2223/2433/2136 2231/2795/2483 2222/2796/2484
f 2223/2433/2136 2222/2796/2484 2259/2435/2138
f 2259/2435/2138 2222/2796/2484 2258/2797/2485
f 2259/2435/2138 2258/2797/2485 2284/2437/2140
f 2284/2437/2140 2258/2797/2485 2285/2798/2486
f 2284/2437/2140 2285/2798/2486 2277/2439/2142
f 2277/2439/2142 2285/2798/2486 2276/2799/2487
f 2277/2439/2142 2276/2799/2487 2313/2441/2144
f 2313/2441/2144 2276/2799/2487 2312/2800/2488
f 2313/2441/2144 2312/2800/2488 2338/2443/2146
f 2338/2443/2146 2312/2800/2488 2339/2801/2489
f 2338/2443/2146 2339/2801/2489 2331/2445/2148
f 2331/2445/2148 2339/2801/2489 2330/2448/2149
f 2157/2422/2125 2152/2424/2127 2153/2656/2344
f 2153/2656/2344 2152/2424/2127 2192/2802/2490
f 2153/2656/2344 2192/2802/2490 2191/2654/2342
f 2191/2654/2342 2192/2802/2490 2190/2652/2340
f 2192/2802/2490 2152/2424/2127 2193/2426/2129
f 2192/2802/2490 2193/2426/2129 2189/2651/2339
f 2227/2650/2338 2190/2652/2340 2189/2651/2339
f 2189/2651/2339 2190/2652/2340 2192/2802/2490
f 2244/2592/2289 2209/2601/2297 2210/2593/2290
f 2210/2593/2290 2209/2601/2297 2246/2803/2491
f 2210/2593/2290 2246/2803/2491 2247/2594/2291
f 2247/2594/2291 2246/2803/2491 2296/2804/2492
f 2247/2594/2291 2296/2804/2492 2295/2595/2292
f 2295/2595/2292 2296/2804/2492 2266/2805/2493
f 2295/2595/2292 2266/2805/2493 2267/2596/2293
f 2267/2596/2293 2266/2805/2493 2303/2806/2494
f 2267/2596/2293 2303/2806/2494 2304/2597/2294
f 2304/2597/2294 2303/2806/2494 2347/2807/2495
f 2304/2597/2294 2347/2807/2495 2346/2598/2295
f 2346/2598/2295 2347/2807/2495 2323/2629/2320
f 2346/2598/2295 2323/2629/2320 2324/2599/2296
f 2261/2644/2332 2224/2432/2135 2260/2434/2137
f 2209/2601/2297 2245/2603/2299 2246/2803/2491
f 2246/2803/2491 2245/2603/2299 2297/2808/2496
f 2246/2803/2491 2297/2808/2496 2296/2804/2492
f 2296/2804/2492 2297/2808/2496 2265/2809/2497
f 2296/2804/2492 2265/2809/2497 2266/2805/2493
f 2266/2805/2493 2265/2809/2497 2302/2810/2498
f 2266/2805/2493 2302/2810/2498 2303/2806/2494
f 2303/2806/2494 2302/2810/2498 2348/2811/2499
f 2303/2806/2494 2348/2811/2499 2347/2807/2495
f 2347/2807/2495 2348/2811/2499 2322/2627/2319
f 2347/2807/2495 2322/2627/2319 2323/2629/2320
f 2261/2644/2332 2260/2434/2137 2282/2812/2500
f 2282/2812/2500 2260/2434/2137 2283/2436/2139
f 2282/2812/2500 2283/2436/2139 2279/2813/2501
f 2279/2813/2501 2283/2436/2139 2278/2438/2141
f 2279/2813/2501 2278/2438/2141 2315/2814/2502
f 2315/2814/2502 2278/2438/2141 2314/2440/2143
f 2315/2814/2502 2314/2440/2143 2336/2815/2503
f 2336/2815/2503 2314/2440/2143 2337/2442/2145
f 2336/2815/2503 2337/2442/2145 2333/2631/2321
f 2333/2631/2321 2337/2442/2145 2332/2444/2147
f 2298/2605/2301 2264/2607/2303 2297/2808/2496
f 2297/2808/2496 2264/2607/2303 2265/2809/2497
f 2302/2810/2498 2265/2809/2497 2301/2609/2305
f 2301/2609/2305 2265/2809/2497 2264/2607/2303
f 2279/2813/2501 2280/2640/2328 2282/2812/2500
f 2282/2812/2500 2280/2640/2328 2281/2642/2330
f 2282/2812/2500 2281/2642/2330 2261/2644/2332
f 2280/2640/2328 2279/2813/2501 2316/2638/2326
f 2316/2638/2326 2279/2813/2501 2315/2814/2502
f 2316/2638/2326 2315/2814/2502 2335/2636/2324
f 2335/2636/2324 2315/2814/2502 2336/2815/2503
f 2335/2636/2324 2336/2815/2503 2334/2633/2322
f 2334/2633/2322 2336/2815/2503 2333/2631/2321
f 2245/2603/2299 2298/2605/2301 2297/2808/2496
f 2348/2811/2499 2302/2810/2498 2349/2611/2307
f 2349/2611/2307 2302/2810/2498 2301/2609/2305
f 2348/2811/2499 2349/2611/2307 2321/2613/2309
f 2321/2613/2309 2322/2627/2319 2348/2811/2499
f 2379/2816/2504 2353/2817/2505 2397/2818/2506
f 2397/2818/2506 2353/2817/2505 2354/2819/2507
f 2397/2818/2506 2354/2819/2507 2396/2820/2508
f 2396/2820/2508 2354/2819/2507 2355/2821/2509
f 2396/2820/2508 2355/2821/2509 2395/2822/2510
f 2395/2822/2510 2355/2821/2509 2394/2823/2511
f 2395/2822/2510 2394/2823/2511 2413/2824/2512
f 2413/2824/2512 2394/2823/2511 2412/2825/2513
f 2413/2824/2512 2412/2825/2513 2436/2826/2514
f 2436/2826/2514 2412/2825/2513 2437/2827/2515
f 2436/2826/2514 2437/2827/2515 2431/2828/2516
f 2431/2828/2516 2437/2827/2515 2430/2829/2517
f 2431/2828/2516 2430/2829/2517 2467/2830/2518
f 2467/2830/2518 2430/2829/2517 2466/2831/2519
f 2467/2830/2518 2466/2831/2519 2490/2832/2520
f 2490/2832/2520 2466/2831/2519 2491/2833/2521
f 2490/2832/2520 2491/2833/2521 2485/2834/2522
f 2485/2834/2522 2491/2833/2521 2484/2835/2523
f 2485/2834/2522 2484/2835/2523 2521/2836/2524
f 2521/2836/2524 2484/2835/2523 2520/2837/2525
f 2521/2836/2524 2520/2837/2525 2544/2838/2526
f 2544/2838/2526 2520/2837/2525 2545/2839/2527
f 2544/2838/2526 2545/2839/2527 2539/2840/2528
f 2539/2840/2528 2545/2839/2527 2538/2841/2529
f 2539/2840/2528 2538/2841/2529 2580/2842/2530
f 2580/2842/2530 2538/2841/2529 2581/2843/2531
f 2580/2842/2530 2581/2843/2531 2575/2844/2532
f 2575/2844/2532 2581/2843/2531 2574/2845/2533
f 2575/2844/2532 2574/2845/2533 2616/2846/2534
f 2616/2846/2534 2574/2845/2533 2617/2847/2535
f 2616/2846/2534 2617/2847/2535 2611/2848/2536
f 2611/2848/2536 2617/2847/2535 2610/2849/2537
f 2611/2848/2536 2610/2849/2537 2647/2850/2538
f 2647/2850/2538 2610/2849/2537 2646/2851/2539
f 2647/2850/2538 2646/2851/2539 2670/2852/2540
f 2670/2852/2540 2646/2851/2539 2671/2853/2541
f 2670/2852/2540 2671/2853/2541 2665/2854/2542
f 2665/2854/2542 2671/2853/2541 2664/2855/2543
f 2665/2854/2542 2664/2855/2543 2701/2856/2544
f 2701/2856/2544 2664/2855/2543 2700/2857/2545
f 2701/2856/2544 2700/2857/2545 2724/2858/2546
f 2724/2858/2546 2700/2857/2545 2725/2859/2547
f 2724/2858/2546 2725/2859/2547 2719/2860/2548
f 2719/2860/2548 2725/2859/2547 2718/2861/2549
f 2719/2860/2548 2718/2861/2549 1968/2862/2279
f 1968/2862/2279 2718/2861/2549 1969/2863/2282
f 1969/2863/2282 2718/2861/2549 2717/2864/2550
f 1969/2863/2282 2717/2864/2550 1970/2865/2284
f 1970/2865/2284 2717/2864/2550 2716/2866/2551
f 1970/2865/2284 2716/2866/2551 1971/2867/2287
f 1971/2867/2287 2716/2866/2551 2715/2868/2552
f 1971/2867/2287 2715/2868/2552 1972/2869/2174
f 1972/2869/2174 2715/2868/2552 2714/2870/2553
f 1972/2869/2174 2714/2870/2553 1973/2871/2172
f 1973/2871/2172 2714/2870/2553 2713/2872/2554
f 1973/2871/2172 2713/2872/2554 2712/2873/2555
f 2712/2873/2555 2713/2872/2554 2731/2874/2556
f 2712/2873/2555 2731/2874/2556 2732/2875/2557
f 2732/2875/2557 2731/2874/2556 2693/2876/2558
f 2732/2875/2557 2693/2876/2558 2692/2877/2559
f 2692/2877/2559 2693/2876/2558 2656/2878/2560
f 2692/2877/2559 2656/2878/2560 2655/2879/2561
f 2655/2879/2561 2656/2878/2560 2680/2880/2562
f 2655/2879/2561 2680/2880/2562 2681/2881/2563
f 2681/2881/2563 2680/2880/2562 2636/2882/2564
f 2681/2881/2563 2636/2882/2564 2635/2883/2565
f 2635/2883/2565 2636/2882/2564 2599/2884/2566
f 2635/2883/2565 2599/2884/2566 2598/2885/2567
f 2598/2885/2567 2599/2884/2566 2629/2886/2568
f 2598/2885/2567 2629/2886/2568 2630/2887/2569
f 2630/2887/2569 2629/2886/2568 2561/2888/2570
f 2630/2887/2569 2561/2888/2570 2560/2889/2571
f 2560/2889/2571 2561/2888/2570 2595/2890/2572
f 2560/2889/2571 2595/2890/2572 1571/2891/1742
f 1571/2891/1742 2595/2890/2572 2524/2892/2573
f 1571/2891/1742 2524/2892/2573 1572/2893/1740
f 1572/2893/1740 2524/2892/2573 2559/2894/2574
f 1572/2893/1740 2559/2894/2574 2506/2895/2575
f 2506/2895/2575 2559/2894/2574 2558/2896/2576
f 2506/2895/2575 2558/2896/2576 2507/2897/2577
f 2507/2897/2577 2558/2896/2576 2557/2898/2578
f 2507/2897/2577 2557/2898/2578 2508/2899/2579
f 2508/2899/2579 2557/2898/2578 2556/2900/2580
f 2508/2899/2579 2556/2900/2580 2509/2901/2581
f 2509/2901/2581 2556/2900/2580 2555/2902/2582
f 2509/2901/2581 2555/2902/2582 2510/2903/2583
f 2510/2903/2583 2555/2902/2582 2554/2904/2584
f 2510/2903/2583 2554/2904/2584 2511/2905/2585
f 2511/2905/2585 2554/2904/2584 2553/2906/2586
f 2511/2905/2585 2553/2906/2586 2512/2907/2587
f 2512/2907/2587 2553/2906/2586 2552/2908/2588
f 2512/2907/2587 2552/2908/2588 2513/2909/2589
f 2513/2909/2589 2552/2908/2588 2551/2910/2590
f 2513/2909/2589 2551/2910/2590 2514/2911/2591
f 2514/2911/2591 2551/2910/2590 2550/2912/2592
f 2514/2911/2591 2550/2912/2592 2515/2913/2593
f 2515/2913/2593 2550/2912/2592 2549/2914/2594
f 2515/2913/2593 2549/2914/2594 2516/2915/2595
f 2516/2915/2595 2549/2914/2594 2548/2916/2596
f 2516/2915/2595 2548/2916/2596 2517/2917/2597
f 2517/2917/2597 2548/2916/2596 2547/2918/2598
f 2517/2917/2597 2547/2918/2598 2518/2919/2599
f 2518/2919/2599 2547/2918/2598 2546/2920/2600
f 2518/2919/2599 2546/2920/2600 2519/2921/2601
f 2519/2921/2601 2546/2920/2600 2545/2839/2527
f 2519/2921/2601 2545/2839/2527 2520/2837/2525
f 2355/2821/2509 2356/2922/2602 2394/2823/2511
f 2394/2823/2511 2356/2922/2602 2393/2923/2603
f 2394/2823/2511 2393/2923/2603 2412/2825/2513
f 2412/2825/2513 2393/2923/2603 2411/2924/2604
f 2412/2825/2513 2411/2924/2604 2437/2827/2515
f 2437/2827/2515 2411/2924/2604 2438/2925/2605
f 2437/2827/2515 2438/2925/2605 2430/2829/2517
f 2430/2829/2517 2438/2925/2605 2429/2926/2606
f 2430/2829/2517 2429/2926/2606 2466/2831/2519
f 2466/2831/2519 2429/2926/2606 2465/2927/2607
f 2466/2831/2519 2465/2927/2607 2491/2833/2521
f 2491/2833/2521 2465/2927/2607 2492/2928/2608
f 2491/2833/2521 2492/2928/2608 2484/2835/2523
f 2484/2835/2523 2492/2928/2608 2483/2929/2609
f 2484/2835/2523 2483/2929/2609 2520/2837/2525
f 2520/2837/2525 2483/2929/2609 2519/2921/2601
f 2356/2922/2602 2357/2930/2610 2393/2923/2603
f 2393/2923/2603 2357/2930/2610 2392/2931/2611
f 2393/2923/2603 2392/2931/2611 2411/2924/2604
f 2411/2924/2604 2392/2931/2611 2410/2932/2612
f 2411/2924/2604 2410/2932/2612 2438/2925/2605
f 2438/2925/2605 2410/2932/2612 2439/2933/2613
f 2438/2925/2605 2439/2933/2613 2429/2926/2606
f 2429/2926/2606 2439/2933/2613 2428/2934/2614
f 2429/2926/2606 2428/2934/2614 2465/2927/2607
f 2465/2927/2607 2428/2934/2614 2464/2935/2615
f 2465/2927/2607 2464/2935/2615 2492/2928/2608
f 2492/2928/2608 2464/2935/2615 2493/2936/2616
f 2492/2928/2608 2493/2936/2616 2483/2929/2609
f 2483/2929/2609 2493/2936/2616 2482/2937/2617
f 2483/2929/2609 2482/2937/2617 2519/2921/2601
f 2519/2921/2601 2482/2937/2617 2518/2919/2599
f 2357/2930/2610 2358/2938/2618 2392/2931/2611
f 2392/2931/2611 2358/2938/2618 2391/2939/2619
f 2392/2931/2611 2391/2939/2619 2410/2932/2612
f 2410/2932/2612 2391/2939/2619 2409/2940/2620
f 2410/2932/2612 2409/2940/2620 2439/2933/2613
f 2439/2933/2613 2409/2940/2620 2440/2941/2621
f 2439/2933/2613 2440/2941/2621 2428/2934/2614
f 2428/2934/2614 2440/2941/2621 2427/2942/2622
f 2428/2934/2614 2427/2942/2622 2464/2935/2615
f 2464/2935/2615 2427/2942/2622 2463/2943/2623
f 2464/2935/2615 2463/2943/2623 2493/2936/2616
f 2493/2936/2616 2463/2943/2623 2494/2944/2624
f 2493/2936/2616 2494/2944/2624 2482/2937/2617
f 2482/2937/2617 2494/2944/2624 2481/2945/2625
f 2482/2937/2617 2481/2945/2625 2518/2919/2599
f 2518/2919/2599 2481/2945/2625 2517/2917/2597
f 2358/2938/2618 2359/2946/2626 2391/2939/2619
f 2391/2939/2619 2359/2946/2626 2390/2947/2627
f 2391/2939/2619 2390/2947/2627 2409/2940/2620
f 2409/2940/2620 2390/2947/2627 2408/2948/2628
f 2409/2940/2620 2408/2948/2628 2440/2941/2621
f 2440/2941/2621 2408/2948/2628 2441/2949/2629
f 2440/2941/2621 2441/2949/2629 2427/2942/2622
f 2427/2942/2622 2441/2949/2629 2426/2950/2630
f 2427/2942/2622 2426/2950/2630 2463/2943/2623
f 2463/2943/2623 2426/2950/2630 2462/2951/2631
f 2463/2943/2623 2462/2951/2631 2494/2944/2624
f 2494/2944/2624 2462/2951/2631 2495/2952/2632
f 2494/2944/2624 2495/2952/2632 2481/2945/2625
f 2481/2945/2625 2495/2952/2632 2480/2953/2633
f 2481/2945/2625 2480/2953/2633 2517/2917/2597
f 2517/2917/2597 2480/2953/2633 2516/2915/2595
f 2359/2946/2626 2360/2954/2634 2390/2947/2627
f 2390/2947/2627 2360/2954/2634 2389/2955/2635
f 2390/2947/2627 2389/2955/2635 2408/2948/2628
f 2408/2948/2628 2389/2955/2635 2407/2956/2636
f 2408/2948/2628 2407/2956/2636 2441/2949/2629
f 2441/2949/2629 2407/2956/2636 2442/2957/2637
f 2441/2949/2629 2442/2957/2637 2426/2950/2630
f 2426/2950/2630 2442/2957/2637 2425/2958/2638
f 2426/2950/2630 2425/2958/2638 2462/2951/2631
f 2462/2951/2631 2425/2958/2638 2461/2959/2639
f 2462/2951/2631 2461/2959/2639 2495/2952/2632
f 2495/2952/2632 2461/2959/2639 2496/2960/2640
f 2495/2952/2632 2496/2960/2640 2480/2953/2633
f 2480/2953/2633 2496/2960/2640 2479/2961/2641
f 2480/2953/2633 2479/2961/2641 2516/2915/2595
f 2516/2915/2595 2479/2961/2641 2515/2913/2593
f 2389/2955/2635 2360/2954/2634 2388/2962/2642
f 2388/2962/2642 2360/2954/2634 2361/2963/2643
f 2388/2962/2642 2361/2963/2643 2387/2964/2644
f 2387/2964/2644 2361/2963/2643 2362/2965/2645
f 2387/2964/2644 2362/2965/2645 2386/2966/2646
f 2386/2966/2646 2362/2965/2645 2363/2967/2647
f 2386/2966/2646 2363/2967/2647 2385/2968/2648
f 2385/2968/2648 2363/2967/2647 2364/2969/2649
f 2385/2968/2648 2364/2969/2649 2384/2970/2650
f 2384/2970/2650 2364/2969/2649 2365/2971/2651
f 2384/2970/2650 2365/2971/2651 2383/2972/2652
f 2383/2972/2652 2365/2971/2651 2382/2973/2653
f 2383/2972/2652 2382/2973/2653 2401/2974/2654
f 2401/2974/2654 2382/2973/2653 2400/2975/2655
f 2401/2974/2654 2400/2975/2655 2448/2976/2656
f 2448/2976/2656 2400/2975/2655 2449/2977/2657
f 2448/2976/2656 2449/2977/2657 2419/2978/2658
f 2419/2978/2658 2449/2977/2657 2418/2979/2659
f 2419/2978/2658 2418/2979/2659 2455/2980/2660
f 2455/2980/2660 2418/2979/2659 2454/2981/2661
f 2455/2980/2660 2454/2981/2661 2502/2982/2662
f 2502/2982/2662 2454/2981/2661 2503/2983/2663
f 2502/2982/2662 2503/2983/2663 2473/2984/2664
f 2473/2984/2664 2503/2983/2663 2472/2985/2665
f 2473/2984/2664 2472/2985/2665 2509/2901/2581
f 2509/2901/2581 2472/2985/2665 2508/2899/2579
f 2365/2971/2651 2366/2986/2666 2382/2973/2653
f 2382/2973/2653 2366/2986/2666 2381/2987/2667
f 2382/2973/2653 2381/2987/2667 2400/2975/2655
f 2400/2975/2655 2381/2987/2667 2399/2988/2668
f 2400/2975/2655 2399/2988/2668 2449/2977/2657
f 2449/2977/2657 2399/2988/2668 2450/2989/2669
f 2449/2977/2657 2450/2989/2669 2418/2979/2659
f 2418/2979/2659 2450/2989/2669 2417/2990/2670
f 2418/2979/2659 2417/2990/2670 2454/2981/2661
f 2454/2981/2661 2417/2990/2670 2453/2991/2671
f 2454/2981/2661 2453/2991/2671 2503/2983/2663
f 2503/2983/2663 2453/2991/2671 2504/2992/2672
f 2503/2983/2663 2504/2992/2672 2472/2985/2665
f 2472/2985/2665 2504/2992/2672 2471/2993/2673
f 2472/2985/2665 2471/2993/2673 2508/2899/2579
f 2508/2899/2579 2471/2993/2673 2507/2897/2577
f 2381/2987/2667 2366/2986/2666 2380/2994/2674
f 2380/2994/2674 2366/2986/2666 1578/2995/1921
f 2380/2994/2674 1578/2995/1921 1577/2996/1919
f 2380/2994/2674 1577/2996/1919 2398/2997/2675
f 2398/2997/2675 1577/2996/1919 1576/2998/1733
f 2398/2997/2675 1576/2998/1733 2451/2999/2676
f 2451/2999/2676 1576/2998/1733 2416/3000/2677
f 2451/2999/2676 2416/3000/2677 2417/2990/2670
f 2417/2990/2670 2416/3000/2677 2453/2991/2671
f 1576/2998/1733 1575/3001/1734 2416/3000/2677
f 2416/3000/2677 1575/3001/1734 2452/3002/2678
f 2416/3000/2677 2452/3002/2678 2453/2991/2671
f 2453/2991/2671 2452/3002/2678 2504/2992/2672
f 1575/3001/1734 1574/3003/1736 2452/3002/2678
f 2452/3002/2678 1574/3003/1736 2505/3004/2679
f 2452/3002/2678 2505/3004/2679 2504/2992/2672
f 2504/2992/2672 2505/3004/2679 2471/2993/2673
f 2505/3004/2679 1574/3003/1736 2470/3005/2680
f 2470/3005/2680 1574/3003/1736 1573/3006/1738
f 2470/3005/2680 1573/3006/1738 2506/2895/2575
f 2506/2895/2575 1573/3006/1738 1572/2893/1740
f 1571/2891/1742 1570/3007/1887 2560/2889/2571
f 2560/2889/2571 1570/3007/1887 2631/3008/2681
f 2560/2889/2571 2631/3008/2681 2630/2887/2569
f 2630/2887/2569 2631/3008/2681 2597/3009/2682
f 2630/2887/2569 2597/3009/2682 2598/2885/2567
f 2598/2885/2567 2597/3009/2682 2634/3010/2683
f 2598/2885/2567 2634/3010/2683 2635/2883/2565
f 2635/2883/2565 2634/3010/2683 2682/3011/2684
f 2635/2883/2565 2682/3011/2684 2681/2881/2563
f 2681/2881/2563 2682/3011/2684 2654/3012/2685
f 2681/2881/2563 2654/3012/2685 2655/2879/2561
f 2655/2879/2561 2654/3012/2685 2691/3013/2686
f 2655/2879/2561 2691/3013/2686 2692/2877/2559
f 2692/2877/2559 2691/3013/2686 2733/3014/2687
f 2692/2877/2559 2733/3014/2687 2732/2875/2557
f 2732/2875/2557 2733/3014/2687 2711/3015/2688
f 2732/2875/2557 2711/3015/2688 2712/2873/2555
f 2712/2873/2555 2711/3015/2688 1974/3016/2288
f 2712/2873/2555 1974/3016/2288 1973/2871/2172
f 2631/3008/2681 1570/3007/1887 2596/3017/2689
f 2596/3017/2689 1570/3007/1887 1569/3018/1917
f 2596/3017/2689 1569/3018/1917 2632/3019/2690
f 2632/3019/2690 1569/3018/1917 1568/3020/1915
f 2632/3019/2690 1568/3020/1915 2685/3021/2691
f 2685/3021/2691 1568/3020/1915 2650/3022/2692
f 2685/3021/2691 2650/3022/2692 2651/3023/2693
f 2651/3023/2693 2650/3022/2692 2687/3024/2694
f 2651/3023/2693 2687/3024/2694 2688/3025/2695
f 2688/3025/2695 2687/3024/2694 2737/3026/2696
f 2688/3025/2695 2737/3026/2696 2736/3027/2697
f 2736/3027/2697 2737/3026/2696 2707/3028/2698
f 2736/3027/2697 2707/3028/2698 2708/3029/2699
f 2708/3029/2699 2707/3028/2698 1978/3030/2314
f 2708/3029/2699 1978/3030/2314 1977/3031/2310
f 1568/3020/1915 1567/3032/1902 2650/3022/2692
f 2650/3022/2692 1567/3032/1902 2686/3033/2700
f 2650/3022/2692 2686/3033/2700 2687/3024/2694
f 2687/3024/2694 2686/3033/2700 2738/3034/2701
f 2687/3024/2694 2738/3034/2701 2737/3026/2696
f 2737/3026/2696 2738/3034/2701 2706/3035/2702
f 2737/3026/2696 2706/3035/2702 2707/3028/2698
f 2707/3028/2698 2706/3035/2702 1978/3030/2314
f 1567/3032/1902 1566/3036/1901 2686/3033/2700
f 2686/3033/2700 1566/3036/1901 2739/3037/2703
f 2686/3033/2700 2739/3037/2703 2738/3034/2701
f 2738/3034/2701 2739/3037/2703 2705/3038/2704
f 2738/3034/2701 2705/3038/2704 2706/3035/2702
f 2706/3035/2702 2705/3038/2704 1979/3039/2318
f 2706/3035/2702 1979/3039/2318 1978/3030/2314
f 2739/3037/2703 1566/3036/1901 2704/3040/2705
f 2704/3040/2705 1566/3036/1901 1565/3041/1910
f 2704/3040/2705 1565/3041/1910 1564/3042/1913
f 1564/3042/1913 1979/3039/2318 2704/3040/2705
f 2704/3040/2705 1979/3039/2318 2705/3038/2704
f 2704/3040/2705 2705/3038/2704 2739/3037/2703
f 2708/3029/2699 1977/3031/2310 2709/3043/2706
f 2709/3043/2706 1977/3031/2310 1976/3044/2300
f 2709/3043/2706 1976/3044/2300 2710/3045/2707
f 2710/3045/2707 1976/3044/2300 1975/3046/2298
f 2710/3045/2707 1975/3046/2298 2711/3015/2688
f 2711/3015/2688 1975/3046/2298 1974/3016/2288
f 2719/2860/2548 1968/2862/2279 2720/3047/2708
f 2720/3047/2708 1968/2862/2279 1967/3048/2277
f 2720/3047/2708 1967/3048/2277 2721/3049/2709
f 2721/3049/2709 1967/3048/2277 1966/3050/2276
f 2721/3049/2709 1966/3050/2276 2367/3051/2710
f 2721/3049/2709 2367/3051/2710 2722/3052/2711
f 2722/3052/2711 2367/3051/2710 2368/3053/2712
f 2722/3052/2711 2368/3053/2712 2703/3054/2713
f 2703/3054/2713 2368/3053/2712 2369/3055/2714
f 2703/3054/2713 2369/3055/2714 2667/3056/2715
f 2667/3056/2715 2369/3055/2714 2370/3057/2716
f 2667/3056/2715 2370/3057/2716 2668/3058/2717
f 2668/3058/2717 2370/3057/2716 2649/3059/2718
f 2668/3058/2717 2649/3059/2718 2648/3060/2719
f 2648/3060/2719 2649/3059/2718 2612/3061/2720
f 2648/3060/2719 2612/3061/2720 2611/2848/2536
f 2611/2848/2536 2612/3061/2720 2616/2846/2534
f 2370/3057/2716 2371/3062/2721 2649/3059/2718
f 2649/3059/2718 2371/3062/2721 2613/3063/2722
f 2649/3059/2718 2613/3063/2722 2612/3061/2720
f 2612/3061/2720 2613/3063/2722 2615/3064/2723
f 2612/3061/2720 2615/3064/2723 2616/2846/2534
f 2616/2846/2534 2615/3064/2723 2575/2844/2532
f 2371/3062/2721 2372/3065/2724 2613/3063/2722
f 2613/3063/2722 2372/3065/2724 2614/3066/2725
f 2613/3063/2722 2614/3066/2725 2615/3064/2723
f 2615/3064/2723 2614/3066/2725 2576/3067/2726
f 2615/3064/2723 2576/3067/2726 2575/2844/2532
f 2575/2844/2532 2576/3067/2726 2580/2842/2530
f 2614/3066/2725 2372/3065/2724 2577/3068/2727
f 2577/3068/2727 2372/3065/2724 2373/3069/2728
f 2577/3068/2727 2373/3069/2728 2578/3070/2729
f 2578/3070/2729 2373/3069/2728 2541/3071/2730
f 2578/3070/2729 2541/3071/2730 2540/3072/2731
f 2540/3072/2731 2541/3071/2730 2543/3073/2732
f 2540/3072/2731 2543/3073/2732 2544/2838/2526
f 2544/2838/2526 2543/3073/2732 2521/2836/2524
f 2373/3069/2728 2374/3074/2733 2541/3071/2730
f 2541/3071/2730 2374/3074/2733 2542/3075/2734
f 2541/3071/2730 2542/3075/2734 2543/3073/2732
f 2543/3073/2732 2542/3075/2734 2522/3076/2735
f 2543/3073/2732 2522/3076/2735 2521/2836/2524
f 2521/2836/2524 2522/3076/2735 2485/2834/2522
f 2542/3075/2734 2374/3074/2733 2523/3077/2736
f 2523/3077/2736 2374/3074/2733 2375/3078/2737
f 2523/3077/2736 2375/3078/2737 2487/3079/2738
f 2487/3079/2738 2375/3078/2737 2376/3080/2739
f 2487/3079/2738 2376/3080/2739 2488/3081/2740
f 2488/3081/2740 2376/3080/2739 2469/3082/2741
f 2488/3081/2740 2469/3082/2741 2468/3083/2742
f 2468/3083/2742 2469/3082/2741 2432/3084/2743
f 2468/3083/2742 2432/3084/2743 2431/2828/2516
f 2431/2828/2516 2432/3084/2743 2436/2826/2514
f 2376/3080/2739 2377/3085/2744 2469/3082/2741
f 2469/3082/2741 2377/3085/2744 2433/3086/2745
f 2469/3082/2741 2433/3086/2745 2432/3084/2743
f 2432/3084/2743 2433/3086/2745 2435/3087/2746
f 2432/3084/2743 2435/3087/2746 2436/2826/2514
f 2436/2826/2514 2435/3087/2746 2413/2824/2512
f 2377/3085/2744 2378/3088/2747 2433/3086/2745
f 2433/3086/2745 2378/3088/2747 2434/3089/2748
f 2433/3086/2745 2434/3089/2748 2435/3087/2746
f 2435/3087/2746 2434/3089/2748 2414/3090/2749
f 2435/3087/2746 2414/3090/2749 2413/2824/2512
f 2413/2824/2512 2414/3090/2749 2395/2822/2510
f 2434/3089/2748 2378/3088/2747 2415/3091/2750
f 2415/3091/2750 2378/3088/2747 2379/2816/2504
f 2415/3091/2750 2379/2816/2504 2397/2818/2506
f 2399/2988/2668 2381/2987/2667 2380/2994/2674
f 2384/2970/2650 2383/2972/2652 2402/3092/2751
f 2402/3092/2751 2383/2972/2652 2401/2974/2654
f 2402/3092/2751 2401/2974/2654 2447/3093/2752
f 2447/3093/2752 2401/2974/2654 2448/2976/2656
f 2447/3093/2752 2448/2976/2656 2420/3094/2753
f 2420/3094/2753 2448/2976/2656 2419/2978/2658
f 2420/3094/2753 2419/2978/2658 2456/3095/2754
f 2456/3095/2754 2419/2978/2658 2455/2980/2660
f 2456/3095/2754 2455/2980/2660 2501/3096/2755
f 2501/3096/2755 2455/2980/2660 2502/2982/2662
f 2501/3096/2755 2502/2982/2662 2474/3097/2756
f 2474/3097/2756 2502/2982/2662 2473/2984/2664
f 2474/3097/2756 2473/2984/2664 2510/2903/2583
f 2510/2903/2583 2473/2984/2664 2509/2901/2581
f 2385/2968/2648 2384/2970/2650 2403/3098/2757
f 2403/3098/2757 2384/2970/2650 2402/3092/2751
f 2403/3098/2757 2402/3092/2751 2446/3099/2758
f 2446/3099/2758 2402/3092/2751 2447/3093/2752
f 2446/3099/2758 2447/3093/2752 2421/3100/2759
f 2421/3100/2759 2447/3093/2752 2420/3094/2753
f 2421/3100/2759 2420/3094/2753 2457/3101/2760
f 2457/3101/2760 2420/3094/2753 2456/3095/2754
f 2457/3101/2760 2456/3095/2754 2500/3102/2761
f 2500/3102/2761 2456/3095/2754 2501/3096/2755
f 2500/3102/2761 2501/3096/2755 2475/3103/2762
f 2475/3103/2762 2501/3096/2755 2474/3097/2756
f 2475/3103/2762 2474/3097/2756 2511/2905/2585
f 2511/2905/2585 2474/3097/2756 2510/2903/2583
f 2386/2966/2646 2385/2968/2648 2404/3104/2763
f 2404/3104/2763 2385/2968/2648 2403/3098/2757
f 2404/3104/2763 2403/3098/2757 2445/3105/2764
f 2445/3105/2764 2403/3098/2757 2446/3099/2758
f 2445/3105/2764 2446/3099/2758 2422/3106/2765
f 2422/3106/2765 2446/3099/2758 2421/3100/2759
f 2422/3106/2765 2421/3100/2759 2458/3107/2766
f 2458/3107/2766 2421/3100/2759 2457/3101/2760
f 2458/3107/2766 2457/3101/2760 2499/3108/2767
f 2499/3108/2767 2457/3101/2760 2500/3102/2761
f 2499/3108/2767 2500/3102/2761 2476/3109/2768
f 2476/3109/2768 2500/3102/2761 2475/3103/2762
f 2476/3109/2768 2475/3103/2762 2512/2907/2587
f 2512/2907/2587 2475/3103/2762 2511/2905/2585
f 2387/2964/2644 2386/2966/2646 2405/3110/2769
f 2405/3110/2769 2386/2966/2646 2404/3104/2763
f 2405/3110/2769 2404/3104/2763 2444/3111/2770
f 2444/3111/2770 2404/3104/2763 2445/3105/2764
f 2444/3111/2770 2445/3105/2764 2423/3112/2771
f 2423/3112/2771 2445/3105/2764 2422/3106/2765
f 2423/3112/2771 2422/3106/2765 2459/3113/2772
f 2459/3113/2772 2422/3106/2765 2458/3107/2766
f 2459/3113/2772 2458/3107/2766 2498/3114/2773
f 2498/3114/2773 2458/3107/2766 2499/3108/2767
f 2498/3114/2773 2499/3108/2767 2477/3115/2774
f 2477/3115/2774 2499/3108/2767 2476/3109/2768
f 2477/3115/2774 2476/3109/2768 2513/2909/2589
f 2513/2909/2589 2476/3109/2768 2512/2907/2587
f 2407/2956/2636 2389/2955/2635 2388/2962/2642
f 2388/2962/2642 2387/2964/2644 2406/3116/2775
f 2406/3116/2775 2387/2964/2644 2405/3110/2769
f 2406/3116/2775 2405/3110/2769 2443/3117/2776
f 2443/3117/2776 2405/3110/2769 2444/3111/2770
f 2443/3117/2776 2444/3111/2770 2424/3118/2777
f 2424/3118/2777 2444/3111/2770 2423/3112/2771
f 2424/3118/2777 2423/3112/2771 2460/3119/2778
f 2460/3119/2778 2423/3112/2771 2459/3113/2772
f 2460/3119/2778 2459/3113/2772 2497/3120/2779
f 2497/3120/2779 2459/3113/2772 2498/3114/2773
f 2497/3120/2779 2498/3114/2773 2478/3121/2780
f 2478/3121/2780 2498/3114/2773 2477/3115/2774
f 2478/3121/2780 2477/3115/2774 2514/2911/2591
f 2514/2911/2591 2477/3115/2774 2513/2909/2589
f 2415/3091/2750 2397/2818/2506 2396/2820/2508
f 2415/3091/2750 2396/2820/2508 2414/3090/2749
f 2414/3090/2749 2396/2820/2508 2395/2822/2510
f 2450/2989/2669 2399/2988/2668 2398/2997/2675
f 2398/2997/2675 2399/2988/2668 2380/2994/2674
f 2442/2957/2637 2407/2956/2636 2406/3116/2775
f 2406/3116/2775 2407/2956/2636 2388/2962/2642
f 2442/2957/2637 2406/3116/2775 2443/3117/2776
f 2434/3089/2748 2415/3091/2750 2414/3090/2749
f 2451/2999/2676 2417/2990/2670 2450/2989/2669
f 2442/2957/2637 2443/3117/2776 2425/2958/2638
f 2425/2958/2638 2443/3117/2776 2424/3118/2777
f 2425/2958/2638 2424/3118/2777 2461/2959/2639
f 2461/2959/2639 2424/3118/2777 2460/3119/2778
f 2461/2959/2639 2460/3119/2778 2496/2960/2640
f 2496/2960/2640 2460/3119/2778 2497/3120/2779
f 2496/2960/2640 2497/3120/2779 2479/2961/2641
f 2479/2961/2641 2497/3120/2779 2478/3121/2780
f 2479/2961/2641 2478/3121/2780 2515/2913/2593
f 2515/2913/2593 2478/3121/2780 2514/2911/2591
f 2468/3083/2742 2431/2828/2516 2467/2830/2518
f 2398/2997/2675 2451/2999/2676 2450/2989/2669
f 2468/3083/2742 2467/2830/2518 2489/3122/2781
f 2489/3122/2781 2467/2830/2518 2490/2832/2520
f 2489/3122/2781 2490/2832/2520 2486/3123/2782
f 2486/3123/2782 2490/2832/2520 2485/2834/2522
f 2486/3123/2782 2485/2834/2522 2522/3076/2735
f 2507/2897/2577 2471/2993/2673 2470/3005/2680
f 2470/3005/2680 2471/2993/2673 2505/3004/2679
f 2506/2895/2575 2507/2897/2577 2470/3005/2680
f 2486/3123/2782 2487/3079/2738 2489/3122/2781
f 2489/3122/2781 2487/3079/2738 2488/3081/2740
f 2489/3122/2781 2488/3081/2740 2468/3083/2742
f 2487/3079/2738 2486/3123/2782 2523/3077/2736
f 2523/3077/2736 2486/3123/2782 2522/3076/2735
f 2523/3077/2736 2522/3076/2735 2542/3075/2734
f 2558/2896/2576 2559/2894/2574 2525/3124/2783
f 2525/3124/2783 2559/2894/2574 2524/2892/2573
f 2525/3124/2783 2524/2892/2573 2594/3125/2784
f 2594/3125/2784 2524/2892/2573 2595/2890/2572
f 2594/3125/2784 2595/2890/2572 2561/2888/2570
f 2557/2898/2578 2558/2896/2576 2526/3126/2785
f 2526/3126/2785 2558/2896/2576 2525/3124/2783
f 2526/3126/2785 2525/3124/2783 2593/3127/2786
f 2593/3127/2786 2525/3124/2783 2594/3125/2784
f 2593/3127/2786 2594/3125/2784 2562/3128/2787
f 2562/3128/2787 2594/3125/2784 2561/2888/2570
f 2562/3128/2787 2561/2888/2570 2629/2886/2568
f 2556/2900/2580 2557/2898/2578 2527/3129/2788
f 2527/3129/2788 2557/2898/2578 2526/3126/2785
f 2527/3129/2788 2526/3126/2785 2592/3130/2789
f 2592/3130/2789 2526/3126/2785 2593/3127/2786
f 2592/3130/2789 2593/3127/2786 2563/3131/2790
f 2563/3131/2790 2593/3127/2786 2562/3128/2787
f 2563/3131/2790 2562/3128/2787 2628/3132/2791
f 2628/3132/2791 2562/3128/2787 2629/2886/2568
f 2628/3132/2791 2629/2886/2568 2599/2884/2566
f 2555/2902/2582 2556/2900/2580 2528/3133/2792
f 2528/3133/2792 2556/2900/2580 2527/3129/2788
f 2528/3133/2792 2527/3129/2788 2591/3134/2793
f 2591/3134/2793 2527/3129/2788 2592/3130/2789
f 2591/3134/2793 2592/3130/2789 2564/3135/2794
f 2564/3135/2794 2592/3130/2789 2563/3131/2790
f 2564/3135/2794 2563/3131/2790 2627/3136/2795
f 2627/3136/2795 2563/3131/2790 2628/3132/2791
f 2627/3136/2795 2628/3132/2791 2600/3137/2796
f 2600/3137/2796 2628/3132/2791 2599/2884/2566
f 2600/3137/2796 2599/2884/2566 2636/2882/2564
f 2554/2904/2584 2555/2902/2582 2529/3138/2797
f 2529/3138/2797 2555/2902/2582 2528/3133/2792
f 2529/3138/2797 2528/3133/2792 2590/3139/2798
f 2590/3139/2798 2528/3133/2792 2591/3134/2793
f 2590/3139/2798 2591/3134/2793 2565/3140/2799
f 2565/3140/2799 2591/3134/2793 2564/3135/2794
f 2565/3140/2799 2564/3135/2794 2626/3141/2800
f 2626/3141/2800 2564/3135/2794 2627/3136/2795
f 2626/3141/2800 2627/3136/2795 2601/3142/2801
f 2601/3142/2801 2627/3136/2795 2600/3137/2796
f 2601/3142/2801 2600/3137/2796 2637/3143/2802
f 2637/3143/2802 2600/3137/2796 2636/2882/2564
f 2637/3143/2802 2636/2882/2564 2680/2880/2562
f 2553/2906/2586 2554/2904/2584 2530/3144/2803
f 2530/3144/2803 2554/2904/2584 2529/3138/2797
f 2530/3144/2803 2529/3138/2797 2589/3145/2804
f 2589/3145/2804 2529/3138/2797 2590/3139/2798
f 2589/3145/2804 2590/3139/2798 2566/3146/2805
f 2566/3146/2805 2590/3139/2798 2565/3140/2799
f 2566/3146/2805 2565/3140/2799 2625/3147/2806
f 2625/3147/2806 2565/3140/2799 2626/3141/2800
f 2625/3147/2806 2626/3141/2800 2602/3148/2807
f 2602/3148/2807 2626/3141/2800 2601/3142/2801
f 2602/3148/2807 2601/3142/2801 2638/3149/2808
f 2638/3149/2808 2601/3142/2801 2637/3143/2802
f 2638/3149/2808 2637/3143/2802 2679/3150/2809
f 2679/3150/2809 2637/3143/2802 2680/2880/2562
f 2679/3150/2809 2680/2880/2562 2656/2878/2560
f 2552/2908/2588 2553/2906/2586 2531/3151/2810
f 2531/3151/2810 2553/2906/2586 2530/3144/2803
f 2531/3151/2810 2530/3144/2803 2588/3152/2811
f 2588/3152/2811 2530/3144/2803 2589/3145/2804
f 2588/3152/2811 2589/3145/2804 2567/3153/2812
f 2567/3153/2812 2589/3145/2804 2566/3146/2805
f 2567/3153/2812 2566/3146/2805 2624/3154/2813
f 2624/3154/2813 2566/3146/2805 2625/3147/2806
f 2624/3154/2813 2625/3147/2806 2603/3155/2814
f 2603/3155/2814 2625/3147/2806 2602/3148/2807
f 2603/3155/2814 2602/3148/2807 2639/3156/2815
f 2639/3156/2815 2602/3148/2807 2638/3149/2808
f 2639/3156/2815 2638/3149/2808 2678/3157/2816
f 2678/3157/2816 2638/3149/2808 2679/3150/2809
f 2678/3157/2816 2679/3150/2809 2657/3158/2817
f 2657/3158/2817 2679/3150/2809 2656/2878/2560
f 2657/3158/2817 2656/2878/2560 2693/2876/2558
f 2551/2910/2590 2552/2908/2588 2532/3159/2818
f 2532/3159/2818 2552/2908/2588 2531/3151/2810
f 2532/3159/2818 2531/3151/2810 2587/3160/2819
f 2587/3160/2819 2531/3151/2810 2588/3152/2811
f 2587/3160/2819 2588/3152/2811 2568/3161/2820
f 2568/3161/2820 2588/3152/2811 2567/3153/2812
f 2568/3161/2820 2567/3153/2812 2623/3162/2821
f 2623/3162/2821 2567/3153/2812 2624/3154/2813
f 2623/3162/2821 2624/3154/2813 2604/3163/2822
f 2604/3163/2822 2624/3154/2813 2603/3155/2814
f 2604/3163/2822 2603/3155/2814 2640/3164/2823
f 2640/3164/2823 2603/3155/2814 2639/3156/2815
f 2640/3164/2823 2639/3156/2815 2677/3165/2824
f 2677/3165/2824 2639/3156/2815 2678/3157/2816
f 2677/3165/2824 2678/3157/2816 2658/3166/2825
f 2658/3166/2825 2678/3157/2816 2657/3158/2817
f 2658/3166/2825 2657/3158/2817 2694/3167/2826
f 2694/3167/2826 2657/3158/2817 2693/2876/2558
f 2694/3167/2826 2693/2876/2558 2731/2874/2556
f 2550/2912/2592 2551/2910/2590 2533/3168/2827
f 2533/3168/2827 2551/2910/2590 2532/3159/2818
f 2533/3168/2827 2532/3159/2818 2586/3169/2828
f 2586/3169/2828 2532/3159/2818 2587/3160/2819
f 2586/3169/2828 2587/3160/2819 2569/3170/2829
f 2569/3170/2829 2587/3160/2819 2568/3161/2820
f 2569/3170/2829 2568/3161/2820 2622/3171/2830
f 2622/3171/2830 2568/3161/2820 2623/3162/2821
f 2622/3171/2830 2623/3162/2821 2605/3172/2831
f 2605/3172/2831 2623/3162/2821 2604/3163/2822
f 2605/3172/2831 2604/3163/2822 2641/3173/2832
f 2641/3173/2832 2604/3163/2822 2640/3164/2823
f 2641/3173/2832 2640/3164/2823 2676/3174/2833
f 2676/3174/2833 2640/3164/2823 2677/3165/2824
f 2676/3174/2833 2677/3165/2824 2659/3175/2834
f 2659/3175/2834 2677/3165/2824 2658/3166/2825
f 2659/3175/2834 2658/3166/2825 2695/3176/2835
f 2695/3176/2835 2658/3166/2825 2694/3167/2826
f 2695/3176/2835 2694/3167/2826 2730/3177/2836
f 2730/3177/2836 2694/3167/2826 2731/2874/2556
f 2730/3177/2836 2731/2874/2556 2713/2872/2554
f 2549/2914/2594 2550/2912/2592 2534/3178/2837
f 2534/3178/2837 2550/2912/2592 2533/3168/2827
f 2534/3178/2837 2533/3168/2827 2585/3179/2838
f 2585/3179/2838 2533/3168/2827 2586/3169/2828
f 2585/3179/2838 2586/3169/2828 2570/3180/2839
f 2570/3180/2839 2586/3169/2828 2569/3170/2829
f 2570/3180/2839 2569/3170/2829 2621/3181/2840
f 2621/3181/2840 2569/3170/2829 2622/3171/2830
f 2621/3181/2840 2622/3171/2830 2606/3182/2841
f 2606/3182/2841 2622/3171/2830 2605/3172/2831
f 2606/3182/2841 2605/3172/2831 2642/3183/2842
f 2642/3183/2842 2605/3172/2831 2641/3173/2832
f 2642/3183/2842 2641/3173/2832 2675/3184/2843
f 2675/3184/2843 2641/3173/2832 2676/3174/2833
f 2675/3184/2843 2676/3174/2833 2660/3185/2844
f 2660/3185/2844 2676/3174/2833 2659/3175/2834
f 2660/3185/2844 2659/3175/2834 2696/3186/2845
f 2696/3186/2845 2659/3175/2834 2695/3176/2835
f 2696/3186/2845 2695/3176/2835 2729/3187/2846
f 2729/3187/2846 2695/3176/2835 2730/3177/2836
f 2729/3187/2846 2730/3177/2836 2714/2870/2553
f 2714/2870/2553 2730/3177/2836 2713/2872/2554
f 2548/2916/2596 2549/2914/2594 2535/3188/2847
f 2535/3188/2847 2549/2914/2594 2534/3178/2837
f 2535/3188/2847 2534/3178/2837 2584/3189/2848
f 2584/3189/2848 2534/3178/2837 2585/3179/2838
f 2584/3189/2848 2585/3179/2838 2571/3190/2849
f 2571/3190/2849 2585/3179/2838 2570/3180/2839
f 2571/3190/2849 2570/3180/2839 2620/3191/2850
f 2620/3191/2850 2570/3180/2839 2621/3181/2840
f 2620/3191/2850 2621/3181/2840 2607/3192/2851
f 2607/3192/2851 2621/3181/2840 2606/3182/2841
f 2607/3192/2851 2606/3182/2841 2643/3193/2852
f 2643/3193/2852 2606/3182/2841 2642/3183/2842
f 2643/3193/2852 2642/3183/2842 2674/3194/2853
f 2674/3194/2853 2642/3183/2842 2675/3184/2843
f 2674/3194/2853 2675/3184/2843 2661/3195/2854
f 2661/3195/2854 2675/3184/2843 2660/3185/2844
f 2661/3195/2854 2660/3185/2844 2697/3196/2855
f 2697/3196/2855 2660/3185/2844 2696/3186/2845
f 2697/3196/2855 2696/3186/2845 2728/3197/2856
f 2728/3197/2856 2696/3186/2845 2729/3187/2846
f 2728/3197/2856 2729/3187/2846 2715/2868/2552
f 2715/2868/2552 2729/3187/2846 2714/2870/2553
f 2547/2918/2598 2548/2916/2596 2536/3198/2857
f 2536/3198/2857 2548/2916/2596 2535/3188/2847
f 2536/3198/2857 2535/3188/2847 2583/3199/2858
f 2583/3199/2858 2535/3188/2847 2584/3189/2848
f 2583/3199/2858 2584/3189/2848 2572/3200/2859
f 2572/3200/2859 2584/3189/2848 2571/3190/2849
f 2572/3200/2859 2571/3190/2849 2619/3201/2860
f 2619/3201/2860 2571/3190/2849 2620/3191/2850
f 2619/3201/2860 2620/3191/2850 2608/3202/2861
f 2608/3202/2861 2620/3191/2850 2607/3192/2851
f 2608/3202/2861 2607/3192/2851 2644/3203/2862
f 2644/3203/2862 2607/3192/2851 2643/3193/2852
f 2644/3203/2862 2643/3193/2852 2673/3204/2863
f 2673/3204/2863 2643/3193/2852 2674/3194/2853
f 2673/3204/2863 2674/3194/2853 2662/3205/2864
f 2662/3205/2864 2674/3194/2853 2661/3195/2854
f 2662/3205/2864 2661/3195/2854 2698/3206/2865
f 2698/3206/2865 2661/3195/2854 2697/3196/2855
f 2698/3206/2865 2697/3196/2855 2727/3207/2866
f 2727/3207/2866 2697/3196/2855 2728/3197/2856
f 2727/3207/2866 2728/3197/2856 2716/2866/2551
f 2716/2866/2551 2728/3197/2856 2715/2868/2552
f 2546/2920/2600 2547/2918/2598 2537/3208/2867
f 2537/3208/2867 2547/2918/2598 2536/3198/2857
f 2537/3208/2867 2536/3198/2857 2582/3209/2868
f 2582/3209/2868 2536/3198/2857 2583/3199/2858
f 2582/3209/2868 2583/3199/2858 2573/3210/2869
f 2573/3210/2869 2583/3199/2858 2572/3200/2859
f 2573/3210/2869 2572/3200/2859 2618/3211/2870
f 2618/3211/2870 2572/3200/2859 2619/3201/2860
f 2618/3211/2870 2619/3201/2860 2609/3212/2871
f 2609/3212/2871 2619/3201/2860 2608/3202/2861
f 2609/3212/2871 2608/3202/2861 2645/3213/2872
f 2645/3213/2872 2608/3202/2861 2644/3203/2862
f 2645/3213/2872 2644/3203/2862 2672/3214/2873
f 2672/3214/2873 2644/3203/2862 2673/3204/2863
f 2672/3214/2873 2673/3204/2863 2663/3215/2874
f 2663/3215/2874 2673/3204/2863 2662/3205/2864
f 2663/3215/2874 2662/3205/2864 2699/3216/2875
f 2699/3216/2875 2662/3205/2864 2698/3206/2865
f 2699/3216/2875 2698/3206/2865 2726/3217/2876
f 2726/3217/2876 2698/3206/2865 2727/3207/2866
f 2726/3217/2876 2727/3207/2866 2717/2864/2550
f 2717/2864/2550 2727/3207/2866 2716/2866/2551
f 2545/2839/2527 2546/2920/2600 2538/2841/2529
f 2538/2841/2529 2546/2920/2600 2537/3208/2867
f 2538/2841/2529 2537/3208/2867 2581/2843/2531
f 2581/2843/2531 2537/3208/2867 2582/3209/2868
f 2581/2843/2531 2582/3209/2868 2574/2845/2533
f 2574/2845/2533 2582/3209/2868 2573/3210/2869
f 2574/2845/2533 2573/3210/2869 2617/2847/2535
f 2617/2847/2535 2573/3210/2869 2618/3211/2870
f 2617/2847/2535 2618/3211/2870 2610/2849/2537
f 2610/2849/2537 2618/3211/2870 2609/3212/2871
f 2610/2849/2537 2609/3212/2871 2646/2851/2539
f 2646/2851/2539 2609/3212/2871 2645/3213/2872
f 2646/2851/2539 2645/3213/2872 2671/2853/2541
f 2671/2853/2541 2645/3213/2872 2672/3214/2873
f 2671/2853/2541 2672/3214/2873 2664/2855/2543
f 2664/2855/2543 2672/3214/2873 2663/3215/2874
f 2664/2855/2543 2663/3215/2874 2700/2857/2545
f 2700/2857/2545 2663/3215/2874 2699/3216/2875
f 2700/2857/2545 2699/3216/2875 2725/2859/2547
f 2725/2859/2547 2699/3216/2875 2726/3217/2876
f 2725/2859/2547 2726/3217/2876 2718/2861/2549
f 2718/2861/2549 2726/3217/2876 2717/2864/2550
f 2544/2838/2526 2539/2840/2528 2540/3072/2731
f 2540/3072/2731 2539/2840/2528 2579/3218/2877
f 2540/3072/2731 2579/3218/2877 2578/3070/2729
f 2578/3070/2729 2579/3218/2877 2577/3068/2727
f 2579/3218/2877 2539/2840/2528 2580/2842/2530
f 2579/3218/2877 2580/2842/2530 2576/3067/2726
f 2614/3066/2725 2577/3068/2727 2576/3067/2726
f 2576/3067/2726 2577/3068/2727 2579/3218/2877
f 2631/3008/2681 2596/3017/2689 2597/3009/2682
f 2597/3009/2682 2596/3017/2689 2633/3219/2878
f 2597/3009/2682 2633/3219/2878 2634/3010/2683
f 2634/3010/2683 2633/3219/2878 2683/3220/2879
f 2634/3010/2683 2683/3220/2879 2682/3011/2684
f 2682/3011/2684 2683/3220/2879 2653/3221/2880
f 2682/3011/2684 2653/3221/2880 2654/3012/2685
f 2654/3012/2685 2653/3221/2880 2690/3222/2881
f 2654/3012/2685 2690/3222/2881 2691/3013/2686
f 2691/3013/2686 2690/3222/2881 2734/3223/2882
f 2691/3013/2686 2734/3223/2882 2733/3014/2687
f 2733/3014/2687 2734/3223/2882 2710/3045/2707
f 2733/3014/2687 2710/3045/2707 2711/3015/2688
f 2648/3060/2719 2611/2848/2536 2647/2850/2538
f 2596/3017/2689 2632/3019/2690 2633/3219/2878
f 2633/3219/2878 2632/3019/2690 2684/3224/2883
f 2633/3219/2878 2684/3224/2883 2683/3220/2879
f 2683/3220/2879 2684/3224/2883 2652/3225/2884
f 2683/3220/2879 2652/3225/2884 2653/3221/2880
f 2653/3221/2880 2652/3225/2884 2689/3226/2885
f 2653/3221/2880 2689/3226/2885 2690/3222/2881
f 2690/3222/2881 2689/3226/2885 2735/3227/2886
f 2690/3222/2881 2735/3227/2886 2734/3223/2882
f 2734/3223/2882 2735/3227/2886 2709/3043/2706
f 2734/3223/2882 2709/3043/2706 2710/3045/2707
f 2648/3060/2719 2647/2850/2538 2669/3228/2887
f 2669/3228/2887 2647/2850/2538 2670/2852/2540
f 2669/3228/2887 2670/2852/2540 2666/3229/2888
f 2666/3229/2888 2670/2852/2540 2665/2854/2542
f 2666/3229/2888 2665/2854/2542 2702/3230/2889
f 2702/3230/2889 2665/2854/2542 2701/2856/2544
f 2702/3230/2889 2701/2856/2544 2723/3231/2890
f 2723/3231/2890 2701/2856/2544 2724/2858/2546
f 2723/3231/2890 2724/2858/2546 2720/3047/2708
f 2720/3047/2708 2724/2858/2546 2719/2860/2548
f 2685/3021/2691 2651/3023/2693 2684/3224/2883
f 2684/3224/2883 2651/3023/2693 2652/3225/2884
f 2689/3226/2885 2652/3225/2884 2688/3025/2695
f 2688/3025/2695 2652/3225/2884 2651/3023/2693
f 2666/3229/2888 2667/3056/2715 2669/3228/2887
f 2669/3228/2887 2667/3056/2715 2668/3058/2717
f 2669/3228/2887 2668/3058/2717 2648/3060/2719
f 2667/3056/2715 2666/3229/2888 2703/3054/2713
f 2703/3054/2713 2666/3229/2888 2702/3230/2889
f 2703/3054/2713 2702/3230/2889 2722/3052/2711
f 2722/3052/2711 2702/3230/2889 2723/3231/2890
f 2722/3052/2711 2723/3231/2890 2721/3049/2709
f 2721/3049/2709 2723/3231/2890 2720/3047/2708
f 2632/3019/2690 2685/3021/2691 2684/3224/2883
f 2735/3227/2886 2689/3226/2885 2736/3027/2697
f 2736/3027/2697 2689/3226/2885 2688/3025/2695
f 2735/3227/2886 2736/3027/2697 2708/3029/2699
f 2708/3029/2699 2709/3043/2706 2735/3227/2886
f 2766/3232/2891 2740/3233/2892 2784/3234/2893
f 2784/3234/2893 2740/3233/2892 2741/3235/2894
f 2784/3234/2893 2741/3235/2894 2783/3236/2895
f 2783/3236/2895 2741/3235/2894 2742/3237/2896
f 2783/3236/2895 2742/3237/2896 2782/3238/2897
f 2782/3238/2897 2742/3237/2896 2781/3239/2898
f 2782/3238/2897 2781/3239/2898 2800/3240/2899
f 2800/3240/2899 2781/3239/2898 2799/3241/2900
f 2800/3240/2899 2799/3241/2900 2823/3242/2901
f 2823/3242/2901 2799/3241/2900 2824/3243/2902
f 2823/3242/2901 2824/3243/2902 2818/3244/2903
f 2818/3244/2903 2824/3243/2902 2817/3245/2904
f 2818/3244/2903 2817/3245/2904 2854/3246/2905
f 2854/3246/2905 2817/3245/2904 2853/3247/2906
f 2854/3246/2905 2853/3247/2906 2877/3248/2907
f 2877/3248/2907 2853/3247/2906 2878/3249/2908
f 2877/3248/2907 2878/3249/2908 2872/3250/2909
f 2872/3250/2909 2878/3249/2908 2871/3251/2910
f 2872/3250/2909 2871/3251/2910 2908/3252/2911
f 2908/3252/2911 2871/3251/2910 2907/3253/2912
f 2908/3252/2911 2907/3253/2912 2931/3254/2913
f 2931/3254/2913 2907/3253/2912 2932/3255/2914
f 2931/3254/2913 2932/3255/2914 2926/3256/2915
f 2926/3256/2915 2932/3255/2914 2925/3257/2916
f 2926/3256/2915 2925/3257/2916 2967/3258/2917
f 2967/3258/2917 2925/3257/2916 2968/3259/2918
f 2967/3258/2917 2968/3259/2918 2962/3260/2919
f 2962/3260/2919 2968/3259/2918 2961/3261/2920
f 2962/3260/2919 2961/3261/2920 3003/3262/2921
f 3003/3262/2921 2961/3261/2920 3004/3263/2922
f 3003/3262/2921 3004/3263/2922 2998/3264/2923
f 2998/3264/2923 3004/3263/2922 2997/3265/2924
f 2998/3264/2923 2997/3265/2924 3034/3266/2925
f 3034/3266/2925 2997/3265/2924 3033/3267/2926
f 3034/3266/2925 3033/3267/2926 3057/3268/2927
f 3057/3268/2927 3033/3267/2926 3058/3269/2928
f 3057/3268/2927 3058/3269/2928 3052/3270/2929
f 3052/3270/2929 3058/3269/2928 3051/3271/2930
f 3052/3270/2929 3051/3271/2930 3088/3272/2931
f 3088/3272/2931 3051/3271/2930 3087/3273/2932
f 3088/3272/2931 3087/3273/2932 3111/3274/2933
f 3111/3274/2933 3087/3273/2932 3112/3275/2934
f 3111/3274/2933 3112/3275/2934 3106/3276/2935
f 3106/3276/2935 3112/3275/2934 3105/3277/2936
f 3106/3276/2935 3105/3277/2936 1954/3278/2108
f 1954/3278/2108 3105/3277/2936 1955/3279/2203
f 1955/3279/2203 3105/3277/2936 3104/3280/2937
f 1955/3279/2203 3104/3280/2937 1956/3281/2211
f 1956/3281/2211 3104/3280/2937 3103/3282/2938
f 1956/3281/2211 3103/3282/2938 1957/3283/2219
f 1957/3283/2219 3103/3282/2938 3102/3284/2939
f 1957/3283/2219 3102/3284/2939 1958/3285/2227
f 1958/3285/2227 3102/3284/2939 3101/3286/2940
f 1958/3285/2227 3101/3286/2940 1959/3287/2235
f 1959/3287/2235 3101/3286/2940 3100/3288/2941
f 1959/3287/2235 3100/3288/2941 3099/3289/2942
f 3099/3289/2942 3100/3288/2941 3118/3290/2943
f 3099/3289/2942 3118/3290/2943 3119/3291/2944
f 3119/3291/2944 3118/3290/2943 3080/3292/2945
f 3119/3291/2944 3080/3292/2945 3079/3293/2946
f 3079/3293/2946 3080/3292/2945 3043/3294/2947
f 3079/3293/2946 3043/3294/2947 3042/3295/2948
f 3042/3295/2948 3043/3294/2947 3067/3296/2949
f 3042/3295/2948 3067/3296/2949 3068/3297/2950
f 3068/3297/2950 3067/3296/2949 3023/3298/2951
f 3068/3297/2950 3023/3298/2951 3022/3299/2952
f 3022/3299/2952 3023/3298/2951 2986/3300/2953
f 3022/3299/2952 2986/3300/2953 2985/3301/2954
f 2985/3301/2954 2986/3300/2953 3016/3302/2955
f 2985/3301/2954 3016/3302/2955 3017/3303/2956
f 3017/3303/2956 3016/3302/2955 2948/3304/2957
f 3017/3303/2956 2948/3304/2957 2947/3305/2958
f 2947/3305/2958 2948/3304/2957 2982/3306/2959
f 2947/3305/2958 2982/3306/2959 2373/3307/2728
f 2373/3307/2728 2982/3306/2959 2911/3308/2960
f 2373/3307/2728 2911/3308/2960 2374/3309/2733
f 2374/3309/2733 2911/3308/2960 2946/3310/2961
f 2374/3309/2733 2946/3310/2961 2893/3311/2962
f 2893/3311/2962 2946/3310/2961 2945/3312/2963
f 2893/3311/2962 2945/3312/2963 2894/3313/2964
f 2894/3313/2964 2945/3312/2963 2944/3314/2965
f 2894/3313/2964 2944/3314/2965 2895/3315/2966
f 2895/3315/2966 2944/3314/2965 2943/3316/2967
f 2895/3315/2966 2943/3316/2967 2896/3317/2968
f 2896/3317/2968 2943/3316/2967 2942/3318/2969
f 2896/3317/2968 2942/3318/2969 2897/3319/2970
f 2897/3319/2970 2942/3318/2969 2941/3320/2971
f 2897/3319/2970 2941/3320/2971 2898/3321/2972
f 2898/3321/2972 2941/3320/2971 2940/3322/2973
f 2898/3321/2972 2940/3322/2973 2899/3323/2974
f 2899/3323/2974 2940/3322/2973 2939/3324/2975
f 2899/3323/2974 2939/3324/2975 2900/3325/2976
f 2900/3325/2976 2939/3324/2975 2938/3326/2977
f 2900/3325/2976 2938/3326/2977 2901/3327/2978
f 2901/3327/2978 2938/3326/2977 2937/3328/2979
f 2901/3327/2978 2937/3328/2979 2902/3329/2980
f 2902/3329/2980 2937/3328/2979 2936/3330/2981
f 2902/3329/2980 2936/3330/2981 2903/3331/2982
f 2903/3331/2982 2936/3330/2981 2935/3332/2983
f 2903/3331/2982 2935/3332/2983 2904/3333/2984
f 2904/3333/2984 2935/3332/2983 2934/3334/2985
f 2904/3333/2984 2934/3334/2985 2905/3335/2986
f 2905/3335/2986 2934/3334/2985 2933/3336/2987
f 2905/3335/2986 2933/3336/2987 2906/3337/2988
f 2906/3337/2988 2933/3336/2987 2932/3255/2914
f 2906/3337/2988 2932/3255/2914 2907/3253/2912
f 2742/3237/2896 2743/3338/2989 2781/3239/2898
f 2781/3239/2898 2743/3338/2989 2780/3339/2990
f 2781/3239/2898 2780/3339/2990 2799/3241/2900
f 2799/3241/2900 2780/3339/2990 2798/3340/2991
f 2799/3241/2900 2798/3340/2991 2824/3243/2902
f 2824/3243/2902 2798/3340/2991 2825/3341/2992
f 2824/3243/2902 2825/3341/2992 2817/3245/2904
f 2817/3245/2904 2825/3341/2992 2816/3342/2993
f 2817/3245/2904 2816/3342/2993 2853/3247/2906
f 2853/3247/2906 2816/3342/2993 2852/3343/2994
f 2853/3247/2906 2852/3343/2994 2878/3249/2908
f 2878/3249/2908 2852/3343/2994 2879/3344/2995
f 2878/3249/2908 2879/3344/2995 2871/3251/2910
f 2871/3251/2910 2879/3344/2995 2870/3345/2996
f 2871/3251/2910 2870/3345/2996 2907/3253/2912
f 2907/3253/2912 2870/3345/2996 2906/3337/2988
f 2743/3338/2989 2744/3346/2997 2780/3339/2990
f 2780/3339/2990 2744/3346/2997 2779/3347/2998
f 2780/3339/2990 2779/3347/2998 2798/3340/2991
f 2798/3340/2991 2779/3347/2998 2797/3348/2999
f 2798/3340/2991 2797/3348/2999 2825/3341/2992
f 2825/3341/2992 2797/3348/2999 2826/3349/3000
f 2825/3341/2992 2826/3349/3000 2816/3342/2993
f 2816/3342/2993 2826/3349/3000 2815/3350/3001
f 2816/3342/2993 2815/3350/3001 2852/3343/2994
f 2852/3343/2994 2815/3350/3001 2851/3351/3002
f 2852/3343/2994 2851/3351/3002 2879/3344/2995
f 2879/3344/2995 2851/3351/3002 2880/3352/3003
f 2879/3344/2995 2880/3352/3003 2870/3345/2996
f 2870/3345/2996 2880/3352/3003 2869/3353/3004
f 2870/3345/2996 2869/3353/3004 2906/3337/2988
f 2906/3337/2988 2869/3353/3004 2905/3335/2986
f 2744/3346/2997 2745/3354/3005 2779/3347/2998
f 2779/3347/2998 2745/3354/3005 2778/3355/3006
f 2779/3347/2998 2778/3355/3006 2797/3348/2999
f 2797/3348/2999 2778/3355/3006 2796/3356/3007
f 2797/3348/2999 2796/3356/3007 2826/3349/3000
f 2826/3349/3000 2796/3356/3007 2827/3357/3008
f 2826/3349/3000 2827/3357/3008 2815/3350/3001
f 2815/3350/3001 2827/3357/3008 2814/3358/3009
f 2815/3350/3001 2814/3358/3009 2851/3351/3002
f 2851/3351/3002 2814/3358/3009 2850/3359/3010
f 2851/3351/3002 2850/3359/3010 2880/3352/3003
f 2880/3352/3003 2850/3359/3010 2881/3360/3011
f 2880/3352/3003 2881/3360/3011 2869/3353/3004
f 2869/3353/3004 2881/3360/3011 2868/3361/3012
f 2869/3353/3004 2868/3361/3012 2905/3335/2986
f 2905/3335/2986 2868/3361/3012 2904/3333/2984
f 2745/3354/3005 2746/3362/3013 2778/3355/3006
f 2778/3355/3006 2746/3362/3013 2777/3363/3014
f 2778/3355/3006 2777/3363/3014 2796/3356/3007
f 2796/3356/3007 2777/3363/3014 2795/3364/3015
f 2796/3356/3007 2795/3364/3015 2827/3357/3008
f 2827/3357/3008 2795/3364/3015 2828/3365/3016
f 2827/3357/3008 2828/3365/3016 2814/3358/3009
f 2814/3358/3009 2828/3365/3016 2813/3366/3017
f 2814/3358/3009 2813/3366/3017 2850/3359/3010
f 2850/3359/3010 2813/3366/3017 2849/3367/3018
f 2850/3359/3010 2849/3367/3018 2881/3360/3011
f 2881/3360/3011 2849/3367/3018 2882/3368/3019
f 2881/3360/3011 2882/3368/3019 2868/3361/3012
f 2868/3361/3012 2882/3368/3019 2867/3369/3020
f 2868/3361/3012 2867/3369/3020 2904/3333/2984
f 2904/3333/2984 2867/3369/3020 2903/3331/2982
f 2746/3362/3013 2747/3370/3021 2777/3363/3014
f 2777/3363/3014 2747/3370/3021 2776/3371/3022
f 2777/3363/3014 2776/3371/3022 2795/3364/3015
f 2795/3364/3015 2776/3371/3022 2794/3372/3023
f 2795/3364/3015 2794/3372/3023 2828/3365/3016
f 2828/3365/3016 2794/3372/3023 2829/3373/3024
f 2828/3365/3016 2829/3373/3024 2813/3366/3017
f 2813/3366/3017 2829/3373/3024 2812/3374/3025
f 2813/3366/3017 2812/3374/3025 2849/3367/3018
f 2849/3367/3018 2812/3374/3025 2848/3375/3026
f 2849/3367/3018 2848/3375/3026 2882/3368/3019
f 2882/3368/3019 2848/3375/3026 2883/3376/3027
f 2882/3368/3019 2883/3376/3027 2867/3369/3020
f 2867/3369/3020 2883/3376/3027 2866/3377/3028
f 2867/3369/3020 2866/3377/3028 2903/3331/2982
f 2903/3331/2982 2866/3377/3028 2902/3329/2980
f 2776/3371/3022 2747/3370/3021 2775/3378/3029
f 2775/3378/3029 2747/3370/3021 2748/3379/3030
f 2775/3378/3029 2748/3379/3030 2774/3380/3031
f 2774/3380/3031 2748/3379/3030 2749/3381/3032
f 2774/3380/3031 2749/3381/3032 2773/3382/3033
f 2773/3382/3033 2749/3381/3032 2750/3383/3034
f 2773/3382/3033 2750/3383/3034 2772/3384/3035
f 2772/3384/3035 2750/3383/3034 2751/3385/3036
f 2772/3384/3035 2751/3385/3036 2771/3386/3037
f 2771/3386/3037 2751/3385/3036 2752/3387/3038
f 2771/3386/3037 2752/3387/3038 2770/3388/3039
f 2770/3388/3039 2752/3387/3038 2769/3389/3040
f 2770/3388/3039 2769/3389/3040 2788/3390/3041
f 2788/3390/3041 2769/3389/3040 2787/3391/3042
f 2788/3390/3041 2787/3391/3042 2835/3392/3043
f 2835/3392/3043 2787/3391/3042 2836/3393/3044
f 2835/3392/3043 2836/3393/3044 2806/3394/3045
f 2806/3394/3045 2836/3393/3044 2805/3395/3046
f 2806/3394/3045 2805/3395/3046 2842/3396/3047
f 2842/3396/3047 2805/3395/3046 2841/3397/3048
f 2842/3396/3047 2841/3397/3048 2889/3398/3049
f 2889/3398/3049 2841/3397/3048 2890/3399/3050
f 2889/3398/3049 2890/3399/3050 2860/3400/3051
f 2860/3400/3051 2890/3399/3050 2859/3401/3052
f 2860/3400/3051 2859/3401/3052 2896/3317/2968
f 2896/3317/2968 2859/3401/3052 2895/3315/2966
f 2752/3387/3038 2753/3402/3053 2769/3389/3040
f 2769/3389/3040 2753/3402/3053 2768/3403/3054
f 2769/3389/3040 2768/3403/3054 2787/3391/3042
f 2787/3391/3042 2768/3403/3054 2786/3404/3055
f 2787/3391/3042 2786/3404/3055 2836/3393/3044
f 2836/3393/3044 2786/3404/3055 2837/3405/3056
f 2836/3393/3044 2837/3405/3056 2805/3395/3046
f 2805/3395/3046 2837/3405/3056 2804/3406/3057
f 2805/3395/3046 2804/3406/3057 2841/3397/3048
f 2841/3397/3048 2804/3406/3057 2840/3407/3058
f 2841/3397/3048 2840/3407/3058 2890/3399/3050
f 2890/3399/3050 2840/3407/3058 2891/3408/3059
f 2890/3399/3050 2891/3408/3059 2859/3401/3052
f 2859/3401/3052 2891/3408/3059 2858/3409/3060
f 2859/3401/3052 2858/3409/3060 2895/3315/2966
f 2895/3315/2966 2858/3409/3060 2894/3313/2964
f 2768/3403/3054 2753/3402/3053 2767/3410/3061
f 2767/3410/3061 2753/3402/3053 2353/3411/2505
f 2767/3410/3061 2353/3411/2505 2379/3412/2504
f 2767/3410/3061 2379/3412/2504 2785/3413/3062
f 2785/3413/3062 2379/3412/2504 2378/3414/2747
f 2785/3413/3062 2378/3414/2747 2838/3415/3063
f 2838/3415/3063 2378/3414/2747 2803/3416/3064
f 2838/3415/3063 2803/3416/3064 2804/3406/3057
f 2804/3406/3057 2803/3416/3064 2840/3407/3058
f 2378/3414/2747 2377/3417/2744 2803/3416/3064
f 2803/3416/3064 2377/3417/2744 2839/3418/3065
f 2803/3416/3064 2839/3418/3065 2840/3407/3058
f 2840/3407/3058 2839/3418/3065 2891/3408/3059
f 2377/3417/2744 2376/3419/2739 2839/3418/3065
f 2839/3418/3065 2376/3419/2739 2892/3420/3066
f 2839/3418/3065 2892/3420/3066 2891/3408/3059
f 2891/3408/3059 2892/3420/3066 2858/3409/3060
f 2892/3420/3066 2376/3419/2739 2857/3421/3067
f 2857/3421/3067 2376/3419/2739 2375/3422/2737
f 2857/3421/3067 2375/3422/2737 2893/3311/2962
f 2893/3311/2962 2375/3422/2737 2374/3309/2733
f 2373/3307/2728 2372/3423/2724 2947/3305/2958
f 2947/3305/2958 2372/3423/2724 3018/3424/3068
f 2947/3305/2958 3018/3424/3068 3017/3303/2956
f 3017/3303/2956 3018/3424/3068 2984/3425/3069
f 3017/3303/2956 2984/3425/3069 2985/3301/2954
f 2985/3301/2954 2984/3425/3069 3021/3426/3070
f 2985/3301/2954 3021/3426/3070 3022/3299/2952
f 3022/3299/2952 3021/3426/3070 3069/3427/3071
f 3022/3299/2952 3069/3427/3071 3068/3297/2950
f 3068/3297/2950 3069/3427/3071 3041/3428/3072
f 3068/3297/2950 3041/3428/3072 3042/3295/2948
f 3042/3295/2948 3041/3428/3072 3078/3429/3073
f 3042/3295/2948 3078/3429/3073 3079/3293/2946
f 3079/3293/2946 3078/3429/3073 3120/3430/3074
f 3079/3293/2946 3120/3430/3074 3119/3291/2944
f 3119/3291/2944 3120/3430/3074 3098/3431/3075
f 3119/3291/2944 3098/3431/3075 3099/3289/2942
f 3099/3289/2942 3098/3431/3075 1960/3432/2244
f 3099/3289/2942 1960/3432/2244 1959/3287/2235
f 3018/3424/3068 2372/3423/2724 2983/3433/3076
f 2983/3433/3076 2372/3423/2724 2371/3434/2721
f 2983/3433/3076 2371/3434/2721 3019/3435/3077
f 3019/3435/3077 2371/3434/2721 2370/3436/2716
f 3019/3435/3077 2370/3436/2716 3072/3437/3078
f 3072/3437/3078 2370/3436/2716 3037/3438/3079
f 3072/3437/3078 3037/3438/3079 3038/3439/3080
f 3038/3439/3080 3037/3438/3079 3074/3440/3081
f 3038/3439/3080 3074/3440/3081 3075/3441/3082
f 3075/3441/3082 3074/3440/3081 3124/3442/3083
f 3075/3441/3082 3124/3442/3083 3123/3443/3084
f 3123/3443/3084 3124/3442/3083 3094/3444/3085
f 3123/3443/3084 3094/3444/3085 3095/3445/3086
f 3095/3445/3086 3094/3444/3085 1964/3446/2252
f 3095/3445/3086 1964/3446/2252 1963/3447/2250
f 2370/3436/2716 2369/3448/2714 3037/3438/3079
f 3037/3438/3079 2369/3448/2714 3073/3449/3087
f 3037/3438/3079 3073/3449/3087 3074/3440/3081
f 3074/3440/3081 3073/3449/3087 3125/3450/3088
f 3074/3440/3081 3125/3450/3088 3124/3442/3083
f 3124/3442/3083 3125/3450/3088 3093/3451/3089
f 3124/3442/3083 3093/3451/3089 3094/3444/3085
f 3094/3444/3085 3093/3451/3089 1964/3446/2252
f 2369/3448/2714 2368/3452/2712 3073/3449/3087
f 3073/3449/3087 2368/3452/2712 3126/3453/3090
f 3073/3449/3087 3126/3453/3090 3125/3450/3088
f 3125/3450/3088 3126/3453/3090 3092/3454/3091
f 3125/3450/3088 3092/3454/3091 3093/3451/3089
f 3093/3451/3089 3092/3454/3091 1965/3455/2267
f 3093/3451/3089 1965/3455/2267 1964/3446/2252
f 3126/3453/3090 2368/3452/2712 3091/3456/3092
f 3091/3456/3092 2368/3452/2712 2367/3457/2710
f 3091/3456/3092 2367/3457/2710 1966/3458/2276
f 1966/3458/2276 1965/3455/2267 3091/3456/3092
f 3091/3456/3092 1965/3455/2267 3092/3454/3091
f 3091/3456/3092 3092/3454/3091 3126/3453/3090
f 3095/3445/3086 1963/3447/2250 3096/3459/3093
f 3096/3459/3093 1963/3447/2250 1962/3460/2248
f 3096/3459/3093 1962/3460/2248 3097/3461/3094
f 3097/3461/3094 1962/3460/2248 1961/3462/2246
f 3097/3461/3094 1961/3462/2246 3098/3431/3075
f 3098/3431/3075 1961/3462/2246 1960/3432/2244
f 3106/3276/2935 1954/3278/2108 3107/3463/3095
f 3107/3463/3095 1954/3278/2108 1953/3464/2106
f 3107/3463/3095 1953/3464/2106 3108/3465/3096
f 3108/3465/3096 1953/3464/2106 1952/3466/2104
f 3108/3465/3096 1952/3466/2104 2754/3467/3097
f 3108/3465/3096 2754/3467/3097 3109/3468/3098
f 3109/3468/3098 2754/3467/3097 2755/3469/3099
f 3109/3468/3098 2755/3469/3099 3090/3470/3100
f 3090/3470/3100 2755/3469/3099 2756/3471/3101
f 3090/3470/3100 2756/3471/3101 3054/3472/3102
f 3054/3472/3102 2756/3471/3101 2757/3473/3103
f 3054/3472/3102 2757/3473/3103 3055/3474/3104
f 3055/3474/3104 2757/3473/3103 3036/3475/3105
f 3055/3474/3104 3036/3475/3105 3035/3476/3106
f 3035/3476/3106 3036/3475/3105 2999/3477/3107
f 3035/3476/3106 2999/3477/3107 2998/3264/2923
f 2998/3264/2923 2999/3477/3107 3003/3262/2921
f 2757/3473/3103 2758/3478/3108 3036/3475/3105
f 3036/3475/3105 2758/3478/3108 3000/3479/3109
f 3036/3475/3105 3000/3479/3109 2999/3477/3107
f 2999/3477/3107 3000/3479/3109 3002/3480/3110
f 2999/3477/3107 3002/3480/3110 3003/3262/2921
f 3003/3262/2921 3002/3480/3110 2962/3260/2919
f 2758/3478/3108 2759/3481/3111 3000/3479/3109
f 3000/3479/3109 2759/3481/3111 3001/3482/3112
f 3000/3479/3109 3001/3482/3112 3002/3480/3110
f 3002/3480/3110 3001/3482/3112 2963/3483/3113
f 3002/3480/3110 2963/3483/3113 2962/3260/2919
f 2962/3260/2919 2963/3483/3113 2967/3258/2917
f 3001/3482/3112 2759/3481/3111 2964/3484/3114
f 2964/3484/3114 2759/3481/3111 2760/3485/3115
f 2964/3484/3114 2760/3485/3115 2965/3486/3116
f 2965/3486/3116 2760/3485/3115 2928/3487/3117
f 2965/3486/3116 2928/3487/3117 2927/3488/3118
f 2927/3488/3118 2928/3487/3117 2930/3489/3119
f 2927/3488/3118 2930/3489/3119 2931/3254/2913
f 2931/3254/2913 2930/3489/3119 2908/3252/2911
f 2760/3485/3115 2761/3490/3120 2928/3487/3117
f 2928/3487/3117 2761/3490/3120 2929/3491/3121
f 2928/3487/3117 2929/3491/3121 2930/3489/3119
f 2930/3489/3119 2929/3491/3121 2909/3492/3122
f 2930/3489/3119 2909/3492/3122 2908/3252/2911
f 2908/3252/2911 2909/3492/3122 2872/3250/2909
f 2929/3491/3121 2761/3490/3120 2910/3493/3123
f 2910/3493/3123 2761/3490/3120 2762/3494/3124
f 2910/3493/3123 2762/3494/3124 2874/3495/3125
f 2874/3495/3125 2762/3494/3124 2763/3496/3126
f 2874/3495/3125 2763/3496/3126 2875/3497/3127
f 2875/3497/3127 2763/3496/3126 2856/3498/3128
f 2875/3497/3127 2856/3498/3128 2855/3499/3129
f 2855/3499/3129 2856/3498/3128 2819/3500/3130
f 2855/3499/3129 2819/3500/3130 2818/3244/2903
f 2818/3244/2903 2819/3500/3130 2823/3242/2901
f 2763/3496/3126 2764/3501/3131 2856/3498/3128
f 2856/3498/3128 2764/3501/3131 2820/3502/3132
f 2856/3498/3128 2820/3502/3132 2819/3500/3130
f 2819/3500/3130 2820/3502/3132 2822/3503/3133
f 2819/3500/3130 2822/3503/3133 2823/3242/2901
f 2823/3242/2901 2822/3503/3133 2800/3240/2899
f 2764/3501/3131 2765/3504/3134 2820/3502/3132
f 2820/3502/3132 2765/3504/3134 2821/3505/3135
f 2820/3502/3132 2821/3505/3135 2822/3503/3133
f 2822/3503/3133 2821/3505/3135 2801/3506/3136
f 2822/3503/3133 2801/3506/3136 2800/3240/2899
f 2800/3240/2899 2801/3506/3136 2782/3238/2897
f 2821/3505/3135 2765/3504/3134 2802/3507/3137
f 2802/3507/3137 2765/3504/3134 2766/3232/2891
f 2802/3507/3137 2766/3232/2891 2784/3234/2893
f 2786/3404/3055 2768/3403/3054 2767/3410/3061
f 2771/3386/3037 2770/3388/3039 2789/3508/3138
f 2789/3508/3138 2770/3388/3039 2788/3390/3041
f 2789/3508/3138 2788/3390/3041 2834/3509/3139
f 2834/3509/3139 2788/3390/3041 2835/3392/3043
f 2834/3509/3139 2835/3392/3043 2807/3510/3140
f 2807/3510/3140 2835/3392/3043 2806/3394/3045
f 2807/3510/3140 2806/3394/3045 2843/3511/3141
f 2843/3511/3141 2806/3394/3045 2842/3396/3047
f 2843/3511/3141 2842/3396/3047 2888/3512/3142
f 2888/3512/3142 2842/3396/3047 2889/3398/3049
f 2888/3512/3142 2889/3398/3049 2861/3513/3143
f 2861/3513/3143 2889/3398/3049 2860/3400/3051
f 2861/3513/3143 2860/3400/3051 2897/3319/2970
f 2897/3319/2970 2860/3400/3051 2896/3317/2968
f 2772/3384/3035 2771/3386/3037 2790/3514/3144
f 2790/3514/3144 2771/3386/3037 2789/3508/3138
f 2790/3514/3144 2789/3508/3138 2833/3515/3145
f 2833/3515/3145 2789/3508/3138 2834/3509/3139
f 2833/3515/3145 2834/3509/3139 2808/3516/3146
f 2808/3516/3146 2834/3509/3139 2807/3510/3140
f 2808/3516/3146 2807/3510/3140 2844/3517/3147
f 2844/3517/3147 2807/3510/3140 2843/3511/3141
f 2844/3517/3147 2843/3511/3141 2887/3518/3148
f 2887/3518/3148 2843/3511/3141 2888/3512/3142
f 2887/3518/3148 2888/3512/3142 2862/3519/3149
f 2862/3519/3149 2888/3512/3142 2861/3513/3143
f 2862/3519/3149 2861/3513/3143 2898/3321/2972
f 2898/3321/2972 2861/3513/3143 2897/3319/2970
f 2773/3382/3033 2772/3384/3035 2791/3520/3150
f 2791/3520/3150 2772/3384/3035 2790/3514/3144
f 2791/3520/3150 2790/3514/3144 2832/3521/3151
f 2832/3521/3151 2790/3514/3144 2833/3515/3145
f 2832/3521/3151 2833/3515/3145 2809/3522/3152
f 2809/3522/3152 2833/3515/3145 2808/3516/3146
f 2809/3522/3152 2808/3516/3146 2845/3523/3153
f 2845/3523/3153 2808/3516/3146 2844/3517/3147
f 2845/3523/3153 2844/3517/3147 2886/3524/3154
f 2886/3524/3154 2844/3517/3147 2887/3518/3148
f 2886/3524/3154 2887/3518/3148 2863/3525/3155
f 2863/3525/3155 2887/3518/3148 2862/3519/3149
f 2863/3525/3155 2862/3519/3149 2899/3323/2974
f 2899/3323/2974 2862/3519/3149 2898/3321/2972
f 2774/3380/3031 2773/3382/3033 2792/3526/3156
f 2792/3526/3156 2773/3382/3033 2791/3520/3150
f 2792/3526/3156 2791/3520/3150 2831/3527/3157
f 2831/3527/3157 2791/3520/3150 2832/3521/3151
f 2831/3527/3157 2832/3521/3151 2810/3528/3158
f 2810/3528/3158 2832/3521/3151 2809/3522/3152
f 2810/3528/3158 2809/3522/3152 2846/3529/3159
f 2846/3529/3159 2809/3522/3152 2845/3523/3153
f 2846/3529/3159 2845/3523/3153 2885/3530/3160
f 2885/3530/3160 2845/3523/3153 2886/3524/3154
f 2885/3530/3160 2886/3524/3154 2864/3531/3161
f 2864/3531/3161 2886/3524/3154 2863/3525/3155
f 2864/3531/3161 2863/3525/3155 2900/3325/2976
f 2900/3325/2976 2863/3525/3155 2899/3323/2974
f 2794/3372/3023 2776/3371/3022 2775/3378/3029
f 2775/3378/3029 2774/3380/3031 2793/3532/3162
f 2793/3532/3162 2774/3380/3031 2792/3526/3156
f 2793/3532/3162 2792/3526/3156 2830/3533/3163
f 2830/3533/3163 2792/3526/3156 2831/3527/3157
f 2830/3533/3163 2831/3527/3157 2811/3534/3164
f 2811/3534/3164 2831/3527/3157 2810/3528/3158
f 2811/3534/3164 2810/3528/3158 2847/3535/3165
f 2847/3535/3165 2810/3528/3158 2846/3529/3159
f 2847/3535/3165 2846/3529/3159 2884/3536/3166
f 2884/3536/3166 2846/3529/3159 2885/3530/3160
f 2884/3536/3166 2885/3530/3160 2865/3537/3167
f 2865/3537/3167 2885/3530/3160 2864/3531/3161
f 2865/3537/3167 2864/3531/3161 2901/3327/2978
f 2901/3327/2978 2864/3531/3161 2900/3325/2976
f 2802/3507/3137 2784/3234/2893 2783/3236/2895
f 2802/3507/3137 2783/3236/2895 2801/3506/3136
f 2801/3506/3136 2783/3236/2895 2782/3238/2897
f 2837/3405/3056 2786/3404/3055 2785/3413/3062
f 2785/3413/3062 2786/3404/3055 2767/3410/3061
f 2829/3373/3024 2794/3372/3023 2793/3532/3162
f 2793/3532/3162 2794/3372/3023 2775/3378/3029
f 2829/3373/3024 2793/3532/3162 2830/3533/3163
f 2821/3505/3135 2802/3507/3137 2801/3506/3136
f 2838/3415/3063 2804/3406/3057 2837/3405/3056
f 2829/3373/3024 2830/3533/3163 2812/3374/3025
f 2812/3374/3025 2830/3533/3163 2811/3534/3164
f 2812/3374/3025 2811/3534/3164 2848/3375/3026
f 2848/3375/3026 2811/3534/3164 2847/3535/3165
f 2848/3375/3026 2847/3535/3165 2883/3376/3027
f 2883/3376/3027 2847/3535/3165 2884/3536/3166
f 2883/3376/3027 2884/3536/3166 2866/3377/3028
f 2866/3377/3028 2884/3536/3166 2865/3537/3167
f 2866/3377/3028 2865/3537/3167 2902/3329/2980
f 2902/3329/2980 2865/3537/3167 2901/3327/2978
f 2855/3499/3129 2818/3244/2903 2854/3246/2905
f 2785/3413/3062 2838/3415/3063 2837/3405/3056
f 2855/3499/3129 2854/3246/2905 2876/3538/3168
f 2876/3538/3168 2854/3246/2905 2877/3248/2907
f 2876/3538/3168 2877/3248/2907 2873/3539/3169
f 2873/3539/3169 2877/3248/2907 2872/3250/2909
f 2873/3539/3169 2872/3250/2909 2909/3492/3122
f 2894/3313/2964 2858/3409/3060 2857/3421/3067
f 2857/3421/3067 2858/3409/3060 2892/3420/3066
f 2893/3311/2962 2894/3313/2964 2857/3421/3067
f 2873/3539/3169 2874/3495/3125 2876/3538/3168
f 2876/3538/3168 2874/3495/3125 2875/3497/3127
f 2876/3538/3168 2875/3497/3127 2855/3499/3129
f 2874/3495/3125 2873/3539/3169 2910/3493/3123
f 2910/3493/3123 2873/3539/3169 2909/3492/3122
f 2910/3493/3123 2909/3492/3122 2929/3491/3121
f 2945/3312/2963 2946/3310/2961 2912/3540/3170
f 2912/3540/3170 2946/3310/2961 2911/3308/2960
f 2912/3540/3170 2911/3308/2960 2981/3541/3171
f 2981/3541/3171 2911/3308/2960 2982/3306/2959
f 2981/3541/3171 2982/3306/2959 2948/3304/2957
f 2944/3314/2965 2945/3312/2963 2913/3542/3172
f 2913/3542/3172 2945/3312/2963 2912/3540/3170
f 2913/3542/3172 2912/3540/3170 2980/3543/3173
f 2980/3543/3173 2912/3540/3170 2981/3541/3171
f 2980/3543/3173 2981/3541/3171 2949/3544/3174
f 2949/3544/3174 2981/3541/3171 2948/3304/2957
f 2949/3544/3174 2948/3304/2957 3016/3302/2955
f 2943/3316/2967 2944/3314/2965 2914/3545/3175
f 2914/3545/3175 2944/3314/2965 2913/3542/3172
f 2914/3545/3175 2913/3542/3172 2979/3546/3176
f 2979/3546/3176 2913/3542/3172 2980/3543/3173
f 2979/3546/3176 2980/3543/3173 2950/3547/3177
f 2950/3547/3177 2980/3543/3173 2949/3544/3174
f 2950/3547/3177 2949/3544/3174 3015/3548/3178
f 3015/3548/3178 2949/3544/3174 3016/3302/2955
f 3015/3548/3178 3016/3302/2955 2986/3300/2953
f 2942/3318/2969 2943/3316/2967 2915/3549/3179
f 2915/3549/3179 2943/3316/2967 2914/3545/3175
f 2915/3549/3179 2914/3545/3175 2978/3550/3180
f 2978/3550/3180 2914/3545/3175 2979/3546/3176
f 2978/3550/3180 2979/3546/3176 2951/3551/3181
f 2951/3551/3181 2979/3546/3176 2950/3547/3177
f 2951/3551/3181 2950/3547/3177 3014/3552/3182
f 3014/3552/3182 2950/3547/3177 3015/3548/3178
f 3014/3552/3182 3015/3548/3178 2987/3553/3183
f 2987/3553/3183 3015/3548/3178 2986/3300/2953
f 2987/3553/3183 2986/3300/2953 3023/3298/2951
f 2941/3320/2971 2942/3318/2969 2916/3554/3184
f 2916/3554/3184 2942/3318/2969 2915/3549/3179
f 2916/3554/3184 2915/3549/3179 2977/3555/3185
f 2977/3555/3185 2915/3549/3179 2978/3550/3180
f 2977/3555/3185 2978/3550/3180 2952/3556/3186
f 2952/3556/3186 2978/3550/3180 2951/3551/3181
f 2952/3556/3186 2951/3551/3181 3013/3557/3187
f 3013/3557/3187 2951/3551/3181 3014/3552/3182
f 3013/3557/3187 3014/3552/3182 2988/3558/3188
f 2988/3558/3188 3014/3552/3182 2987/3553/3183
f 2988/3558/3188 2987/3553/3183 3024/3559/3189
f 3024/3559/3189 2987/3553/3183 3023/3298/2951
f 3024/3559/3189 3023/3298/2951 3067/3296/2949
f 2940/3322/2973 2941/3320/2971 2917/3560/3190
f 2917/3560/3190 2941/3320/2971 2916/3554/3184
f 2917/3560/3190 2916/3554/3184 2976/3561/3191
f 2976/3561/3191 2916/3554/3184 2977/3555/3185
f 2976/3561/3191 2977/3555/3185 2953/3562/3192
f 2953/3562/3192 2977/3555/3185 2952/3556/3186
f 2953/3562/3192 2952/3556/3186 3012/3563/3193
f 3012/3563/3193 2952/3556/3186 3013/3557/3187
f 3012/3563/3193 3013/3557/3187 2989/3564/3194
f 2989/3564/3194 3013/3557/3187 2988/3558/3188
f 2989/3564/3194 2988/3558/3188 3025/3565/3195
f 3025/3565/3195 2988/3558/3188 3024/3559/3189
f 3025/3565/3195 3024/3559/3189 3066/3566/3196
f 3066/3566/3196 3024/3559/3189 3067/3296/2949
f 3066/3566/3196 3067/3296/2949 3043/3294/2947
f 2939/3324/2975 2940/3322/2973 2918/3567/3197
f 2918/3567/3197 2940/3322/2973 2917/3560/3190
f 2918/3567/3197 2917/3560/3190 2975/3568/3198
f 2975/3568/3198 2917/3560/3190 2976/3561/3191
f 2975/3568/3198 2976/3561/3191 2954/3569/3199
f 2954/3569/3199 2976/3561/3191 2953/3562/3192
f 2954/3569/3199 2953/3562/3192 3011/3570/3200
f 3011/3570/3200 2953/3562/3192 3012/3563/3193
f 3011/3570/3200 3012/3563/3193 2990/3571/3201
f 2990/3571/3201 3012/3563/3193 2989/3564/3194
f 2990/3571/3201 2989/3564/3194 3026/3572/3202
f 3026/3572/3202 2989/3564/3194 3025/3565/3195
f 3026/3572/3202 3025/3565/3195 3065/3573/3203
f 3065/3573/3203 3025/3565/3195 3066/3566/3196
f 3065/3573/3203 3066/3566/3196 3044/3574/3204
f 3044/3574/3204 3066/3566/3196 3043/3294/2947
f 3044/3574/3204 3043/3294/2947 3080/3292/2945
f 2938/3326/2977 2939/3324/2975 2919/3575/3205
f 2919/3575/3205 2939/3324/2975 2918/3567/3197
f 2919/3575/3205 2918/3567/3197 2974/3576/3206
f 2974/3576/3206 2918/3567/3197 2975/3568/3198
f 2974/3576/3206 2975/3568/3198 2955/3577/3207
f 2955/3577/3207 2975/3568/3198 2954/3569/3199
f 2955/3577/3207 2954/3569/3199 3010/3578/3208
f 3010/3578/3208 2954/3569/3199 3011/3570/3200
f 3010/3578/3208 3011/3570/3200 2991/3579/3209
f 2991/3579/3209 3011/3570/3200 2990/3571/3201
f 2991/3579/3209 2990/3571/3201 3027/3580/3210
f 3027/3580/3210 2990/3571/3201 3026/3572/3202
f 3027/3580/3210 3026/3572/3202 3064/3581/3211
f 3064/3581/3211 3026/3572/3202 3065/3573/3203
f 3064/3581/3211 3065/3573/3203 3045/3582/3212
f 3045/3582/3212 3065/3573/3203 3044/3574/3204
f 3045/3582/3212 3044/3574/3204 3081/3583/3213
f 3081/3583/3213 3044/3574/3204 3080/3292/2945
f 3081/3583/3213 3080/3292/2945 3118/3290/2943
f 2937/3328/2979 2938/3326/2977 2920/3584/3214
f 2920/3584/3214 2938/3326/2977 2919/3575/3205
f 2920/3584/3214 2919/3575/3205 2973/3585/3215
f 2973/3585/3215 2919/3575/3205 2974/3576/3206
f 2973/3585/3215 2974/3576/3206 2956/3586/3216
f 2956/3586/3216 2974/3576/3206 2955/3577/3207
f 2956/3586/3216 2955/3577/3207 3009/3587/3217
f 3009/3587/3217 2955/3577/3207 3010/3578/3208
f 3009/3587/3217 3010/3578/3208 2992/3588/3218
f 2992/3588/3218 3010/3578/3208 2991/3579/3209
f 2992/3588/3218 2991/3579/3209 3028/3589/3219
f 3028/3589/3219 2991/3579/3209 3027/3580/3210
f 3028/3589/3219 3027/3580/3210 3063/3590/3220
f 3063/3590/3220 3027/3580/3210 3064/3581/3211
f 3063/3590/3220 3064/3581/3211 3046/3591/3221
f 3046/3591/3221 3064/3581/3211 3045/3582/3212
f 3046/3591/3221 3045/3582/3212 3082/3592/3222
f 3082/3592/3222 3045/3582/3212 3081/3583/3213
f 3082/3592/3222 3081/3583/3213 3117/3593/3223
f 3117/3593/3223 3081/3583/3213 3118/3290/2943
f 3117/3593/3223 3118/3290/2943 3100/3288/2941
f 2936/3330/2981 2937/3328/2979 2921/3594/3224
f 2921/3594/3224 2937/3328/2979 2920/3584/3214
f 2921/3594/3224 2920/3584/3214 2972/3595/3225
f 2972/3595/3225 2920/3584/3214 2973/3585/3215
f 2972/3595/3225 2973/3585/3215 2957/3596/3226
f 2957/3596/3226 2973/3585/3215 2956/3586/3216
f 2957/3596/3226 2956/3586/3216 3008/3597/3227
f 3008/3597/3227 2956/3586/3216 3009/3587/3217
f 3008/3597/3227 3009/3587/3217 2993/3598/3228
f 2993/3598/3228 3009/3587/3217 2992/3588/3218
f 2993/3598/3228 2992/3588/3218 3029/3599/3229
f 3029/3599/3229 2992/3588/3218 3028/3589/3219
f 3029/3599/3229 3028/3589/3219 3062/3600/3230
f 3062/3600/3230 3028/3589/3219 3063/3590/3220
f 3062/3600/3230 3063/3590/3220 3047/3601/3231
f 3047/3601/3231 3063/3590/3220 3046/3591/3221
f 3047/3601/3231 3046/3591/3221 3083/3602/3232
f 3083/3602/3232 3046/3591/3221 3082/3592/3222
f 3083/3602/3232 3082/3592/3222 3116/3603/3233
f 3116/3603/3233 3082/3592/3222 3117/3593/3223
f 3116/3603/3233 3117/3593/3223 3101/3286/2940
f 3101/3286/2940 3117/3593/3223 3100/3288/2941
f 2935/3332/2983 2936/3330/2981 2922/3604/3234
f 2922/3604/3234 2936/3330/2981 2921/3594/3224
f 2922/3604/3234 2921/3594/3224 2971/3605/3235
f 2971/3605/3235 2921/3594/3224 2972/3595/3225
f 2971/3605/3235 2972/3595/3225 2958/3606/3236
f 2958/3606/3236 2972/3595/3225 2957/3596/3226
f 2958/3606/3236 2957/3596/3226 3007/3607/3237
f 3007/3607/3237 2957/3596/3226 3008/3597/3227
f 3007/3607/3237 3008/3597/3227 2994/3608/3238
f 2994/3608/3238 3008/3597/3227 2993/3598/3228
f 2994/3608/3238 2993/3598/3228 3030/3609/3239
f 3030/3609/3239 2993/3598/3228 3029/3599/3229
f 3030/3609/3239 3029/3599/3229 3061/3610/3240
f 3061/3610/3240 3029/3599/3229 3062/3600/3230
f 3061/3610/3240 3062/3600/3230 3048/3611/3241
f 3048/3611/3241 3062/3600/3230 3047/3601/3231
f 3048/3611/3241 3047/3601/3231 3084/3612/3242
f 3084/3612/3242 3047/3601/3231 3083/3602/3232
f 3084/3612/3242 3083/3602/3232 3115/3613/3243
f 3115/3613/3243 3083/3602/3232 3116/3603/3233
f 3115/3613/3243 3116/3603/3233 3102/3284/2939
f 3102/3284/2939 3116/3603/3233 3101/3286/2940
f 2934/3334/2985 2935/3332/2983 2923/3614/3244
f 2923/3614/3244 2935/3332/2983 2922/3604/3234
f 2923/3614/3244 2922/3604/3234 2970/3615/3245
f 2970/3615/3245 2922/3604/3234 2971/3605/3235
f 2970/3615/3245 2971/3605/3235 2959/3616/3246
f 2959/3616/3246 2971/3605/3235 2958/3606/3236
f 2959/3616/3246 2958/3606/3236 3006/3617/3247
f 3006/3617/3247 2958/3606/3236 3007/3607/3237
f 3006/3617/3247 3007/3607/3237 2995/3618/3248
f 2995/3618/3248 3007/3607/3237 2994/3608/3238
f 2995/3618/3248 2994/3608/3238 3031/3619/3249
f 3031/3619/3249 2994/3608/3238 3030/3609/3239
f 3031/3619/3249 3030/3609/3239 3060/3620/3250
f 3060/3620/3250 3030/3609/3239 3061/3610/3240
f 3060/3620/3250 3061/3610/3240 3049/3621/3251
f 3049/3621/3251 3061/3610/3240 3048/3611/3241
f 3049/3621/3251 3048/3611/3241 3085/3622/3252
f 3085/3622/3252 3048/3611/3241 3084/3612/3242
f 3085/3622/3252 3084/3612/3242 3114/3623/3253
f 3114/3623/3253 3084/3612/3242 3115/3613/3243
f 3114/3623/3253 3115/3613/3243 3103/3282/2938
f 3103/3282/2938 3115/3613/3243 3102/3284/2939
f 2933/3336/2987 2934/3334/2985 2924/3624/3254
f 2924/3624/3254 2934/3334/2985 2923/3614/3244
f 2924/3624/3254 2923/3614/3244 2969/3625/3255
f 2969/3625/3255 2923/3614/3244 2970/3615/3245
f 2969/3625/3255 2970/3615/3245 2960/3626/3256
f 2960/3626/3256 2970/3615/3245 2959/3616/3246
f 2960/3626/3256 2959/3616/3246 3005/3627/3257
f 3005/3627/3257 2959/3616/3246 3006/3617/3247
f 3005/3627/3257 3006/3617/3247 2996/3628/3258
f 2996/3628/3258 3006/3617/3247 2995/3618/3248
f 2996/3628/3258 2995/3618/3248 3032/3629/3259
f 3032/3629/3259 2995/3618/3248 3031/3619/3249
f 3032/3629/3259 3031/3619/3249 3059/3630/3260
f 3059/3630/3260 3031/3619/3249 3060/3620/3250
f 3059/3630/3260 3060/3620/3250 3050/3631/3261
f 3050/3631/3261 3060/3620/3250 3049/3621/3251
f 3050/3631/3261 3049/3621/3251 3086/3632/3262
f 3086/3632/3262 3049/3621/3251 3085/3622/3252
f 3086/3632/3262 3085/3622/3252 3113/3633/3263
f 3113/3633/3263 3085/3622/3252 3114/3623/3253
f 3113/3633/3263 3114/3623/3253 3104/3280/2937
f 3104/3280/2937 3114/3623/3253 3103/3282/2938
f 2932/3255/2914 2933/3336/2987 2925/3257/2916
f 2925/3257/2916 2933/3336/2987 2924/3624/3254
f 2925/3257/2916 2924/3624/3254 2968/3259/2918
f 2968/3259/2918 2924/3624/3254 2969/3625/3255
f 2968/3259/2918 2969/3625/3255 2961/3261/2920
f 2961/3261/2920 2969/3625/3255 2960/3626/3256
f 2961/3261/2920 2960/3626/3256 3004/3263/2922
f 3004/3263/2922 2960/3626/3256 3005/3627/3257
f 3004/3263/2922 3005/3627/3257 2997/3265/2924
f 2997/3265/2924 3005/3627/3257 2996/3628/3258
f 2997/3265/2924 2996/3628/3258 3033/3267/2926
f 3033/3267/2926 2996/3628/3258 3032/3629/3259
f 3033/3267/2926 3032/3629/3259 3058/3269/2928
f 3058/3269/2928 3032/3629/3259 3059/3630/3260
f 3058/3269/2928 3059/3630/3260 3051/3271/2930
f 3051/3271/2930 3059/3630/3260 3050/3631/3261
f 3051/3271/2930 3050/3631/3261 3087/3273/2932
f 3087/3273/2932 3050/3631/3261 3086/3632/3262
f 3087/3273/2932 3086/3632/3262 3112/3275/2934
f 3112/3275/2934 3086/3632/3262 3113/3633/3263
f 3112/3275/2934 3113/3633/3263 3105/3277/2936
f 3105/3277/2936 3113/3633/3263 3104/3280/2937
f 2931/3254/2913 2926/3256/2915 2927/3488/3118
f 2927/3488/3118 2926/3256/2915 2966/3634/3264
f 2927/3488/3118 2966/3634/3264 2965/3486/3116
f 2965/3486/3116 2966/3634/3264 2964/3484/3114
f 2966/3634/3264 2926/3256/2915 2967/3258/2917
f 2966/3634/3264 2967/3258/2917 2963/3483/3113
f 3001/3482/3112 2964/3484/3114 2963/3483/3113
f 2963/3483/3113 2964/3484/3114 2966/3634/3264
f 3018/3424/3068 2983/3433/3076 2984/3425/3069
f 2984/3425/3069 2983/3433/3076 3020/3635/3265
f 2984/3425/3069 3020/3635/3265 3021/3426/3070
f 3021/3426/3070 3020/3635/3265 3070/3636/3266
f 3021/3426/3070 3070/3636/3266 3069/3427/3071
f 3069/3427/3071 3070/3636/3266 3040/3637/3267
f 3069/3427/3071 3040/3637/3267 3041/3428/3072
f 3041/3428/3072 3040/3637/3267 3077/3638/3268
f 3041/3428/3072 3077/3638/3268 3078/3429/3073
f 3078/3429/3073 3077/3638/3268 3121/3639/3269
f 3078/3429/3073 3121/3639/3269 3120/3430/3074
f 3120/3430/3074 3121/3639/3269 3097/3461/3094
f 3120/3430/3074 3097/3461/3094 3098/3431/3075
f 3035/3476/3106 2998/3264/2923 3034/3266/2925
f 2983/3433/3076 3019/3435/3077 3020/3635/3265
f 3020/3635/3265 3019/3435/3077 3071/3640/3270
f 3020/3635/3265 3071/3640/3270 3070/3636/3266
f 3070/3636/3266 3071/3640/3270 3039/3641/3271
f 3070/3636/3266 3039/3641/3271 3040/3637/3267
f 3040/3637/3267 3039/3641/3271 3076/3642/3272
f 3040/3637/3267 3076/3642/3272 3077/3638/3268
f 3077/3638/3268 3076/3642/3272 3122/3643/3273
f 3077/3638/3268 3122/3643/3273 3121/3639/3269
f 3121/3639/3269 3122/3643/3273 3096/3459/3093
f 3121/3639/3269 3096/3459/3093 3097/3461/3094
f 3035/3476/3106 3034/3266/2925 3056/3644/3274
f 3056/3644/3274 3034/3266/2925 3057/3268/2927
f 3056/3644/3274 3057/3268/2927 3053/3645/3275
f 3053/3645/3275 3057/3268/2927 3052/3270/2929
f 3053/3645/3275 3052/3270/2929 3089/3646/3276
f 3089/3646/3276 3052/3270/2929 3088/3272/2931
f 3089/3646/3276 3088/3272/2931 3110/3647/3277
f 3110/3647/3277 3088/3272/2931 3111/3274/2933
f 3110/3647/3277 3111/3274/2933 3107/3463/3095
f 3107/3463/3095 3111/3274/2933 3106/3276/2935
f 3072/3437/3078 3038/3439/3080 3071/3640/3270
f 3071/3640/3270 3038/3439/3080 3039/3641/3271
f 3076/3642/3272 3039/3641/3271 3075/3441/3082
f 3075/3441/3082 3039/3641/3271 3038/3439/3080
f 3053/3645/3275 3054/3472/3102 3056/3644/3274
f 3056/3644/3274 3054/3472/3102 3055/3474/3104
f 3056/3644/3274 3055/3474/3104 3035/3476/3106
f 3054/3472/3102 3053/3645/3275 3090/3470/3100
f 3090/3470/3100 3053/3645/3275 3089/3646/3276
f 3090/3470/3100 3089/3646/3276 3109/3468/3098
f 3109/3468/3098 3089/3646/3276 3110/3647/3277
f 3109/3468/3098 3110/3647/3277 3108/3465/3096
f 3108/3465/3096 3110/3647/3277 3107/3463/3095
f 3019/3435/3077 3072/3437/3078 3071/3640/3270
f 3122/3643/3273 3076/3642/3272 3123/3443/3084
f 3123/3443/3084 3076/3642/3272 3075/3441/3082
f 3122/3643/3273 3123/3443/3084 3095/3445/3086
f 3095/3445/3086 3096/3459/3093 3122/3643/3273
f 2741/3648/2894 2740/3649/2892 3157/3650/3278
f 3157/3650/3278 2740/3649/2892 3127/3651/3279
f 3157/3650/3278 3127/3651/3279 3156/3652/3280
f 3156/3652/3280 3127/3651/3279 3128/3653/3281
f 3156/3652/3280 3128/3653/3281 3155/3654/3282
f 3155/3654/3282 3128/3653/3281 3154/3655/3283
f 3155/3654/3282 3154/3655/3283 3173/3656/3284
f 3173/3656/3284 3154/3655/3283 3172/3657/3285
f 3173/3656/3284 3172/3657/3285 3196/3658/3286
f 3196/3658/3286 3172/3657/3285 3197/3659/3287
f 3196/3658/3286 3197/3659/3287 3191/3660/3288
f 3191/3660/3288 3197/3659/3287 3190/3661/3289
f 3191/3660/3288 3190/3661/3289 3227/3662/3290
f 3227/3662/3290 3190/3661/3289 3226/3663/3291
f 3227/3662/3290 3226/3663/3291 3250/3664/3292
f 3250/3664/3292 3226/3663/3291 3251/3665/3293
f 3250/3664/3292 3251/3665/3293 3245/3666/3294
f 3245/3666/3294 3251/3665/3293 3244/3667/3295
f 3245/3666/3294 3244/3667/3295 3281/3668/3296
f 3281/3668/3296 3244/3667/3295 3280/3669/3297
f 3281/3668/3296 3280/3669/3297 3304/3670/3298
f 3304/3670/3298 3280/3669/3297 3305/3671/3299
f 3304/3670/3298 3305/3671/3299 3299/3672/3300
f 3299/3672/3300 3305/3671/3299 3298/3673/3301
f 3299/3672/3300 3298/3673/3301 3340/3674/3302
f 3340/3674/3302 3298/3673/3301 3341/3675/3303
f 3340/3674/3302 3341/3675/3303 3335/3676/3304
f 3335/3676/3304 3341/3675/3303 3334/3677/3305
f 3335/3676/3304 3334/3677/3305 3376/3678/3306
f 3376/3678/3306 3334/3677/3305 3377/3679/3307
f 3376/3678/3306 3377/3679/3307 3371/3680/3308
f 3371/3680/3308 3377/3679/3307 3370/3681/3309
f 3371/3680/3308 3370/3681/3309 3407/3682/3310
f 3407/3682/3310 3370/3681/3309 3406/3683/3311
f 3407/3682/3310 3406/3683/3311 3430/3684/3312
f 3430/3684/3312 3406/3683/3311 3431/3685/3313
f 3430/3684/3312 3431/3685/3313 3425/3686/3314
f 3425/3686/3314 3431/3685/3313 3424/3687/3315
f 3425/3686/3314 3424/3687/3315 3461/3688/3316
f 3461/3688/3316 3424/3687/3315 3460/3689/3317
f 3461/3688/3316 3460/3689/3317 3484/3690/3318
f 3484/3690/3318 3460/3689/3317 3485/3691/3319
f 3484/3690/3318 3485/3691/3319 3479/3692/3320
f 3479/3692/3320 3485/3691/3319 3478/3693/3321
f 3479/3692/3320 3478/3693/3321 2355/3694/2509
f 2355/3694/2509 3478/3693/3321 2356/3695/2602
f 2356/3695/2602 3478/3693/3321 3477/3696/3322
f 2356/3695/2602 3477/3696/3322 2357/3697/2610
f 2357/3697/2610 3477/3696/3322 3476/3698/3323
f 2357/3697/2610 3476/3698/3323 2358/3699/2618
f 2358/3699/2618 3476/3698/3323 3475/3700/3324
f 2358/3699/2618 3475/3700/3324 2359/3701/2626
f 2359/3701/2626 3475/3700/3324 3474/3702/3325
f 2359/3701/2626 3474/3702/3325 2360/3703/2634
f 2360/3703/2634 3474/3702/3325 3473/3704/3326
f 2360/3703/2634 3473/3704/3326 3472/3705/3327
f 3472/3705/3327 3473/3704/3326 3491/3706/3328
f 3472/3705/3327 3491/3706/3328 3492/3707/3329
f 3492/3707/3329 3491/3706/3328 3453/3708/3330
f 3492/3707/3329 3453/3708/3330 3452/3709/3331
f 3452/3709/3331 3453/3708/3330 3416/3710/3332
f 3452/3709/3331 3416/3710/3332 3415/3711/3333
f 3415/3711/3333 3416/3710/3332 3440/3712/3334
f 3415/3711/3333 3440/3712/3334 3441/3713/3335
f 3441/3713/3335 3440/3712/3334 3396/3714/3336
f 3441/3713/3335 3396/3714/3336 3395/3715/3337
f 3395/3715/3337 3396/3714/3336 3359/3716/3338
f 3395/3715/3337 3359/3716/3338 3358/3717/3339
f 3358/3717/3339 3359/3716/3338 3389/3718/3340
f 3358/3717/3339 3389/3718/3340 3390/3719/3341
f 3390/3719/3341 3389/3718/3340 3321/3720/3342
f 3390/3719/3341 3321/3720/3342 3320/3721/3343
f 3320/3721/3343 3321/3720/3342 3355/3722/3344
f 3320/3721/3343 3355/3722/3344 1585/3723/1940
f 1585/3723/1940 3355/3722/3344 3284/3724/3345
f 1585/3723/1940 3284/3724/3345 1586/3725/1945
f 1586/3725/1945 3284/3724/3345 3319/3726/3346
f 1586/3725/1945 3319/3726/3346 3266/3727/3347
f 3266/3727/3347 3319/3726/3346 3318/3728/3348
f 3266/3727/3347 3318/3728/3348 3267/3729/3349
f 3267/3729/3349 3318/3728/3348 3317/3730/3350
f 3267/3729/3349 3317/3730/3350 3268/3731/3351
f 3268/3731/3351 3317/3730/3350 3316/3732/3352
f 3268/3731/3351 3316/3732/3352 3269/3733/3353
f 3269/3733/3353 3316/3732/3352 3315/3734/3354
f 3269/3733/3353 3315/3734/3354 3270/3735/3355
f 3270/3735/3355 3315/3734/3354 3314/3736/3356
f 3270/3735/3355 3314/3736/3356 3271/3737/3357
f 3271/3737/3357 3314/3736/3356 3313/3738/3358
f 3271/3737/3357 3313/3738/3358 3272/3739/3359
f 3272/3739/3359 3313/3738/3358 3312/3740/3360
f 3272/3739/3359 3312/3740/3360 3273/3741/3361
f 3273/3741/3361 3312/3740/3360 3311/3742/3362
f 3273/3741/3361 3311/3742/3362 3274/3743/3363
f 3274/3743/3363 3311/3742/3362 3310/3744/3364
f 3274/3743/3363 3310/3744/3364 3275/3745/3365
f 3275/3745/3365 3310/3744/3364 3309/3746/3366
f 3275/3745/3365 3309/3746/3366 3276/3747/3367
f 3276/3747/3367 3309/3746/3366 3308/3748/3368
f 3276/3747/3367 3308/3748/3368 3277/3749/3369
f 3277/3749/3369 3308/3748/3368 3307/3750/3370
f 3277/3749/3369 3307/3750/3370 3278/3751/3371
f 3278/3751/3371 3307/3750/3370 3306/3752/3372
f 3278/3751/3371 3306/3752/3372 3279/3753/3373
f 3279/3753/3373 3306/3752/3372 3305/3671/3299
f 3279/3753/3373 3305/3671/3299 3280/3669/3297
f 3128/3653/3281 3129/3754/3374 3154/3655/3283
f 3154/3655/3283 3129/3754/3374 3153/3755/3375
f 3154/3655/3283 3153/3755/3375 3172/3657/3285
f 3172/3657/3285 3153/3755/3375 3171/3756/3376
f 3172/3657/3285 3171/3756/3376 3197/3659/3287
f 3197/3659/3287 3171/3756/3376 3198/3757/3377
f 3197/3659/3287 3198/3757/3377 3190/3661/3289
f 3190/3661/3289 3198/3757/3377 3189/3758/3378
f 3190/3661/3289 3189/3758/3378 3226/3663/3291
f 3226/3663/3291 3189/3758/3378 3225/3759/3379
f 3226/3663/3291 3225/3759/3379 3251/3665/3293
f 3251/3665/3293 3225/3759/3379 3252/3760/3380
f 3251/3665/3293 3252/3760/3380 3244/3667/3295
f 3244/3667/3295 3252/3760/3380 3243/3761/3381
f 3244/3667/3295 3243/3761/3381 3280/3669/3297
f 3280/3669/3297 3243/3761/3381 3279/3753/3373
f 3129/3754/3374 3130/3762/3382 3153/3755/3375
f 3153/3755/3375 3130/3762/3382 3152/3763/3383
f 3153/3755/3375 3152/3763/3383 3171/3756/3376
f 3171/3756/3376 3152/3763/3383 3170/3764/3384
f 3171/3756/3376 3170/3764/3384 3198/3757/3377
f 3198/3757/3377 3170/3764/3384 3199/3765/3385
f 3198/3757/3377 3199/3765/3385 3189/3758/3378
f 3189/3758/3378 3199/3765/3385 3188/3766/3386
f 3189/3758/3378 3188/3766/3386 3225/3759/3379
f 3225/3759/3379 3188/3766/3386 3224/3767/3387
f 3225/3759/3379 3224/3767/3387 3252/3760/3380
f 3252/3760/3380 3224/3767/3387 3253/3768/3388
f 3252/3760/3380 3253/3768/3388 3243/3761/3381
f 3243/3761/3381 3253/3768/3388 3242/3769/3389
f 3243/3761/3381 3242/3769/3389 3279/3753/3373
f 3279/3753/3373 3242/3769/3389 3278/3751/3371
f 3130/3762/3382 3131/3770/3390 3152/3763/3383
f 3152/3763/3383 3131/3770/3390 3151/3771/3391
f 3152/3763/3383 3151/3771/3391 3170/3764/3384
f 3170/3764/3384 3151/3771/3391 3169/3772/3392
f 3170/3764/3384 3169/3772/3392 3199/3765/3385
f 3199/3765/3385 3169/3772/3392 3200/3773/3393
f 3199/3765/3385 3200/3773/3393 3188/3766/3386
f 3188/3766/3386 3200/3773/3393 3187/3774/3394
f 3188/3766/3386 3187/3774/3394 3224/3767/3387
f 3224/3767/3387 3187/3774/3394 3223/3775/3395
f 3224/3767/3387 3223/3775/3395 3253/3768/3388
f 3253/3768/3388 3223/3775/3395 3254/3776/3396
f 3253/3768/3388 3254/3776/3396 3242/3769/3389
f 3242/3769/3389 3254/3776/3396 3241/3777/3397
f 3242/3769/3389 3241/3777/3397 3278/3751/3371
f 3278/3751/3371 3241/3777/3397 3277/3749/3369
f 3131/3770/3390 3132/3778/3398 3151/3771/3391
f 3151/3771/3391 3132/3778/3398 3150/3779/3399
f 3151/3771/3391 3150/3779/3399 3169/3772/3392
f 3169/3772/3392 3150/3779/3399 3168/3780/3400
f 3169/3772/3392 3168/3780/3400 3200/3773/3393
f 3200/3773/3393 3168/3780/3400 3201/3781/3401
f 3200/3773/3393 3201/3781/3401 3187/3774/3394
f 3187/3774/3394 3201/3781/3401 3186/3782/3402
f 3187/3774/3394 3186/3782/3402 3223/3775/3395
f 3223/3775/3395 3186/3782/3402 3222/3783/3403
f 3223/3775/3395 3222/3783/3403 3254/3776/3396
f 3254/3776/3396 3222/3783/3403 3255/3784/3404
f 3254/3776/3396 3255/3784/3404 3241/3777/3397
f 3241/3777/3397 3255/3784/3404 3240/3785/3405
f 3241/3777/3397 3240/3785/3405 3277/3749/3369
f 3277/3749/3369 3240/3785/3405 3276/3747/3367
f 3132/3778/3398 3133/3786/3406 3150/3779/3399
f 3150/3779/3399 3133/3786/3406 3149/3787/3407
f 3150/3779/3399 3149/3787/3407 3168/3780/3400
f 3168/3780/3400 3149/3787/3407 3167/3788/3408
f 3168/3780/3400 3167/3788/3408 3201/3781/3401
f 3201/3781/3401 3167/3788/3408 3202/3789/3409
f 3201/3781/3401 3202/3789/3409 3186/3782/3402
f 3186/3782/3402 3202/3789/3409 3185/3790/3410
f 3186/3782/3402 3185/3790/3410 3222/3783/3403
f 3222/3783/3403 3185/3790/3410 3221/3791/3411
f 3222/3783/3403 3221/3791/3411 3255/3784/3404
f 3255/3784/3404 3221/3791/3411 3256/3792/3412
f 3255/3784/3404 3256/3792/3412 3240/3785/3405
f 3240/3785/3405 3256/3792/3412 3239/3793/3413
f 3240/3785/3405 3239/3793/3413 3276/3747/3367
f 3276/3747/3367 3239/3793/3413 3275/3745/3365
f 3149/3787/3407 3133/3786/3406 3148/3794/3414
f 3148/3794/3414 3133/3786/3406 3134/3795/3415
f 3148/3794/3414 3134/3795/3415 3147/3796/3416
f 3147/3796/3416 3134/3795/3415 3135/3797/3417
f 3147/3796/3416 3135/3797/3417 3146/3798/3418
f 3146/3798/3418 3135/3797/3417 3136/3799/3419
f 3146/3798/3418 3136/3799/3419 3145/3800/3420
f 3145/3800/3420 3136/3799/3419 3137/3801/3421
f 3145/3800/3420 3137/3801/3421 3144/3802/3422
f 3144/3802/3422 3137/3801/3421 3138/3803/3423
f 3144/3802/3422 3138/3803/3423 3143/3804/3424
f 3143/3804/3424 3138/3803/3423 3142/3805/3425
f 3143/3804/3424 3142/3805/3425 3161/3806/3426
f 3161/3806/3426 3142/3805/3425 3160/3807/3427
f 3161/3806/3426 3160/3807/3427 3208/3808/3428
f 3208/3808/3428 3160/3807/3427 3209/3809/3429
f 3208/3808/3428 3209/3809/3429 3179/3810/3430
f 3179/3810/3430 3209/3809/3429 3178/3811/3431
f 3179/3810/3430 3178/3811/3431 3215/3812/3432
f 3215/3812/3432 3178/3811/3431 3214/3813/3433
f 3215/3812/3432 3214/3813/3433 3262/3814/3434
f 3262/3814/3434 3214/3813/3433 3263/3815/3435
f 3262/3814/3434 3263/3815/3435 3233/3816/3436
f 3233/3816/3436 3263/3815/3435 3232/3817/3437
f 3233/3816/3436 3232/3817/3437 3269/3733/3353
f 3269/3733/3353 3232/3817/3437 3268/3731/3351
f 3138/3803/3423 3139/3818/3438 3142/3805/3425
f 3142/3805/3425 3139/3818/3438 3141/3819/3439
f 3142/3805/3425 3141/3819/3439 3160/3807/3427
f 3160/3807/3427 3141/3819/3439 3159/3820/3440
f 3160/3807/3427 3159/3820/3440 3209/3809/3429
f 3209/3809/3429 3159/3820/3440 3210/3821/3441
f 3209/3809/3429 3210/3821/3441 3178/3811/3431
f 3178/3811/3431 3210/3821/3441 3177/3822/3442
f 3178/3811/3431 3177/3822/3442 3214/3813/3433
f 3214/3813/3433 3177/3822/3442 3213/3823/3443
f 3214/3813/3433 3213/3823/3443 3263/3815/3435
f 3263/3815/3435 3213/3823/3443 3264/3824/3444
f 3263/3815/3435 3264/3824/3444 3232/3817/3437
f 3232/3817/3437 3264/3824/3444 3231/3825/3445
f 3232/3817/3437 3231/3825/3445 3268/3731/3351
f 3268/3731/3351 3231/3825/3445 3267/3729/3349
f 3141/3819/3439 3139/3818/3438 3140/3826/3446
f 3140/3826/3446 3139/3818/3438 1536/3827/1688
f 3140/3826/3446 1536/3827/1688 1591/3828/1687
f 3140/3826/3446 1591/3828/1687 3158/3829/3447
f 3158/3829/3447 1591/3828/1687 1590/3830/1959
f 3158/3829/3447 1590/3830/1959 3211/3831/3448
f 3211/3831/3448 1590/3830/1959 3176/3832/3449
f 3211/3831/3448 3176/3832/3449 3177/3822/3442
f 3177/3822/3442 3176/3832/3449 3213/3823/3443
f 1590/3830/1959 1589/3833/1956 3176/3832/3449
f 3176/3832/3449 1589/3833/1956 3212/3834/3450
f 3176/3832/3449 3212/3834/3450 3213/3823/3443
f 3213/3823/3443 3212/3834/3450 3264/3824/3444
f 1589/3833/1956 1588/3835/1951 3212/3834/3450
f 3212/3834/3450 1588/3835/1951 3265/3836/3451
f 3212/3834/3450 3265/3836/3451 3264/3824/3444
f 3264/3824/3444 3265/3836/3451 3231/3825/3445
f 3265/3836/3451 1588/3835/1951 3230/3837/3452
f 3230/3837/3452 1588/3835/1951 1587/3838/1949
f 3230/3837/3452 1587/3838/1949 3266/3727/3347
f 3266/3727/3347 1587/3838/1949 1586/3725/1945
f 1585/3723/1940 1584/3839/1936 3320/3721/3343
f 3320/3721/3343 1584/3839/1936 3391/3840/3453
f 3320/3721/3343 3391/3840/3453 3390/3719/3341
f 3390/3719/3341 3391/3840/3453 3357/3841/3454
f 3390/3719/3341 3357/3841/3454 3358/3717/3339
f 3358/3717/3339 3357/3841/3454 3394/3842/3455
f 3358/3717/3339 3394/3842/3455 3395/3715/3337
f 3395/3715/3337 3394/3842/3455 3442/3843/3456
f 3395/3715/3337 3442/3843/3456 3441/3713/3335
f 3441/3713/3335 3442/3843/3456 3414/3844/3457
f 3441/3713/3335 3414/3844/3457 3415/3711/3333
f 3415/3711/3333 3414/3844/3457 3451/3845/3458
f 3415/3711/3333 3451/3845/3458 3452/3709/3331
f 3452/3709/3331 3451/3845/3458 3493/3846/3459
f 3452/3709/3331 3493/3846/3459 3492/3707/3329
f 3492/3707/3329 3493/3846/3459 3471/3847/3460
f 3492/3707/3329 3471/3847/3460 3472/3705/3327
f 3472/3705/3327 3471/3847/3460 2361/3848/2643
f 3472/3705/3327 2361/3848/2643 2360/3703/2634
f 3391/3840/3453 1584/3839/1936 3356/3849/3461
f 3356/3849/3461 1584/3839/1936 1583/3850/1933
f 3356/3849/3461 1583/3850/1933 3392/3851/3462
f 3392/3851/3462 1583/3850/1933 1582/3852/1928
f 3392/3851/3462 1582/3852/1928 3445/3853/3463
f 3445/3853/3463 1582/3852/1928 3410/3854/3464
f 3445/3853/3463 3410/3854/3464 3411/3855/3465
f 3411/3855/3465 3410/3854/3464 3447/3856/3466
f 3411/3855/3465 3447/3856/3466 3448/3857/3467
f 3448/3857/3467 3447/3856/3466 3497/3858/3468
f 3448/3857/3467 3497/3858/3468 3496/3859/3469
f 3496/3859/3469 3497/3858/3468 3467/3860/3470
f 3496/3859/3469 3467/3860/3470 3468/3861/3471
f 3468/3861/3471 3467/3860/3470 2365/3862/2651
f 3468/3861/3471 2365/3862/2651 2364/3863/2649
f 1582/3852/1928 1581/3864/1926 3410/3854/3464
f 3410/3854/3464 1581/3864/1926 3446/3865/3472
f 3410/3854/3464 3446/3865/3472 3447/3856/3466
f 3447/3856/3466 3446/3865/3472 3498/3866/3473
f 3447/3856/3466 3498/3866/3473 3497/3858/3468
f 3497/3858/3468 3498/3866/3473 3466/3867/3474
f 3497/3858/3468 3466/3867/3474 3467/3860/3470
f 3467/3860/3470 3466/3867/3474 2365/3862/2651
f 1581/3864/1926 1580/3868/1924 3446/3865/3472
f 3446/3865/3472 1580/3868/1924 3499/3869/3475
f 3446/3865/3472 3499/3869/3475 3498/3866/3473
f 3498/3866/3473 3499/3869/3475 3465/3870/3476
f 3498/3866/3473 3465/3870/3476 3466/3867/3474
f 3466/3867/3474 3465/3870/3476 2366/3871/2666
f 3466/3867/3474 2366/3871/2666 2365/3862/2651
f 3499/3869/3475 1580/3868/1924 3464/3872/3477
f 3464/3872/3477 1580/3868/1924 1579/3873/1922
f 3464/3872/3477 1579/3873/1922 1578/3874/1921
f 1578/3874/1921 2366/3871/2666 3464/3872/3477
f 3464/3872/3477 2366/3871/2666 3465/3870/3476
f 3464/3872/3477 3465/3870/3476 3499/3869/3475
f 3468/3861/3471 2364/3863/2649 3469/3875/3478
f 3469/3875/3478 2364/3863/2649 2363/3876/2647
f 3469/3875/3478 2363/3876/2647 3470/3877/3479
f 3470/3877/3479 2363/3876/2647 2362/3878/2645
f 3470/3877/3479 2362/3878/2645 3471/3847/3460
f 3471/3847/3460 2362/3878/2645 2361/3848/2643
f 3479/3692/3320 2355/3694/2509 3480/3879/3480
f 3480/3879/3480 2355/3694/2509 2354/3880/2507
f 3480/3879/3480 2354/3880/2507 3481/3881/3481
f 3481/3881/3481 2354/3880/2507 2353/3882/2505
f 3481/3881/3481 2353/3882/2505 2753/3883/3053
f 3481/3881/3481 2753/3883/3053 3482/3884/3482
f 3482/3884/3482 2753/3883/3053 2752/3885/3038
f 3482/3884/3482 2752/3885/3038 3463/3886/3483
f 3463/3886/3483 2752/3885/3038 2751/3887/3036
f 3463/3886/3483 2751/3887/3036 3427/3888/3484
f 3427/3888/3484 2751/3887/3036 2750/3889/3034
f 3427/3888/3484 2750/3889/3034 3428/3890/3485
f 3428/3890/3485 2750/3889/3034 3409/3891/3486
f 3428/3890/3485 3409/3891/3486 3408/3892/3487
f 3408/3892/3487 3409/3891/3486 3372/3893/3488
f 3408/3892/3487 3372/3893/3488 3371/3680/3308
f 3371/3680/3308 3372/3893/3488 3376/3678/3306
f 2750/3889/3034 2749/3894/3032 3409/3891/3486
f 3409/3891/3486 2749/3894/3032 3373/3895/3489
f 3409/3891/3486 3373/3895/3489 3372/3893/3488
f 3372/3893/3488 3373/3895/3489 3375/3896/3490
f 3372/3893/3488 3375/3896/3490 3376/3678/3306
f 3376/3678/3306 3375/3896/3490 3335/3676/3304
f 2749/3894/3032 2748/3897/3030 3373/3895/3489
f 3373/3895/3489 2748/3897/3030 3374/3898/3491
f 3373/3895/3489 3374/3898/3491 3375/3896/3490
f 3375/3896/3490 3374/3898/3491 3336/3899/3492
f 3375/3896/3490 3336/3899/3492 3335/3676/3304
f 3335/3676/3304 3336/3899/3492 3340/3674/3302
f 3374/3898/3491 2748/3897/3030 3337/3900/3493
f 3337/3900/3493 2748/3897/3030 2747/3901/3021
f 3337/3900/3493 2747/3901/3021 3338/3902/3494
f 3338/3902/3494 2747/3901/3021 3301/3903/3495
f 3338/3902/3494 3301/3903/3495 3300/3904/3496
f 3300/3904/3496 3301/3903/3495 3303/3905/3497
f 3300/3904/3496 3303/3905/3497 3304/3670/3298
f 3304/3670/3298 3303/3905/3497 3281/3668/3296
f 2747/3901/3021 2746/3906/3013 3301/3903/3495
f 3301/3903/3495 2746/3906/3013 3302/3907/3498
f 3301/3903/3495 3302/3907/3498 3303/3905/3497
f 3303/3905/3497 3302/3907/3498 3282/3908/3499
f 3303/3905/3497 3282/3908/3499 3281/3668/3296
f 3281/3668/3296 3282/3908/3499 3245/3666/3294
f 3302/3907/3498 2746/3906/3013 3283/3909/3500
f 3283/3909/3500 2746/3906/3013 2745/3910/3005
f 3283/3909/3500 2745/3910/3005 3247/3911/3501
f 3247/3911/3501 2745/3910/3005 2744/3912/2997
f 3247/3911/3501 2744/3912/2997 3248/3913/3502
f 3248/3913/3502 2744/3912/2997 3229/3914/3503
f 3248/3913/3502 3229/3914/3503 3228/3915/3504
f 3228/3915/3504 3229/3914/3503 3192/3916/3505
f 3228/3915/3504 3192/3916/3505 3191/3660/3288
f 3191/3660/3288 3192/3916/3505 3196/3658/3286
f 2744/3912/2997 2743/3917/2989 3229/3914/3503
f 3229/3914/3503 2743/3917/2989 3193/3918/3506
f 3229/3914/3503 3193/3918/3506 3192/3916/3505
f 3192/3916/3505 3193/3918/3506 3195/3919/3507
f 3192/3916/3505 3195/3919/3507 3196/3658/3286
f 3196/3658/3286 3195/3919/3507 3173/3656/3284
f 2743/3917/2989 2742/3920/2896 3193/3918/3506
f 3193/3918/3506 2742/3920/2896 3194/3921/3508
f 3193/3918/3506 3194/3921/3508 3195/3919/3507
f 3195/3919/3507 3194/3921/3508 3174/3922/3509
f 3195/3919/3507 3174/3922/3509 3173/3656/3284
f 3173/3656/3284 3174/3922/3509 3155/3654/3282
f 3194/3921/3508 2742/3920/2896 3175/3923/3510
f 3175/3923/3510 2742/3920/2896 2741/3648/2894
f 3175/3923/3510 2741/3648/2894 3157/3650/3278
f 3159/3820/3440 3141/3819/3439 3140/3826/3446
f 3144/3802/3422 3143/3804/3424 3162/3924/3511
f 3162/3924/3511 3143/3804/3424 3161/3806/3426
f 3162/3924/3511 3161/3806/3426 3207/3925/3512
f 3207/3925/3512 3161/3806/3426 3208/3808/3428
f 3207/3925/3512 3208/3808/3428 3180/3926/3513
f 3180/3926/3513 3208/3808/3428 3179/3810/3430
f 3180/3926/3513 3179/3810/3430 3216/3927/3514
f 3216/3927/3514 3179/3810/3430 3215/3812/3432
f 3216/3927/3514 3215/3812/3432 3261/3928/3515
f 3261/3928/3515 3215/3812/3432 3262/3814/3434
f 3261/3928/3515 3262/3814/3434 3234/3929/3516
f 3234/3929/3516 3262/3814/3434 3233/3816/3436
f 3234/3929/3516 3233/3816/3436 3270/3735/3355
f 3270/3735/3355 3233/3816/3436 3269/3733/3353
f 3145/3800/3420 3144/3802/3422 3163/3930/3517
f 3163/3930/3517 3144/3802/3422 3162/3924/3511
f 3163/3930/3517 3162/3924/3511 3206/3931/3518
f 3206/3931/3518 3162/3924/3511 3207/3925/3512
f 3206/3931/3518 3207/3925/3512 3181/3932/3519
f 3181/3932/3519 3207/3925/3512 3180/3926/3513
f 3181/3932/3519 3180/3926/3513 3217/3933/3520
f 3217/3933/3520 3180/3926/3513 3216/3927/3514
f 3217/3933/3520 3216/3927/3514 3260/3934/3521
f 3260/3934/3521 3216/3927/3514 3261/3928/3515
f 3260/3934/3521 3261/3928/3515 3235/3935/3522
f 3235/3935/3522 3261/3928/3515 3234/3929/3516
f 3235/3935/3522 3234/3929/3516 3271/3737/3357
f 3271/3737/3357 3234/3929/3516 3270/3735/3355
f 3146/3798/3418 3145/3800/3420 3164/3936/3523
f 3164/3936/3523 3145/3800/3420 3163/3930/3517
f 3164/3936/3523 3163/3930/3517 3205/3937/3524
f 3205/3937/3524 3163/3930/3517 3206/3931/3518
f 3205/3937/3524 3206/3931/3518 3182/3938/3525
f 3182/3938/3525 3206/3931/3518 3181/3932/3519
f 3182/3938/3525 3181/3932/3519 3218/3939/3526
f 3218/3939/3526 3181/3932/3519 3217/3933/3520
f 3218/3939/3526 3217/3933/3520 3259/3940/3527
f 3259/3940/3527 3217/3933/3520 3260/3934/3521
f 3259/3940/3527 3260/3934/3521 3236/3941/3528
f 3236/3941/3528 3260/3934/3521 3235/3935/3522
f 3236/3941/3528 3235/3935/3522 3272/3739/3359
f 3272/3739/3359 3235/3935/3522 3271/3737/3357
f 3147/3796/3416 3146/3798/3418 3165/3942/3529
f 3165/3942/3529 3146/3798/3418 3164/3936/3523
f 3165/3942/3529 3164/3936/3523 3204/3943/3530
f 3204/3943/3530 3164/3936/3523 3205/3937/3524
f 3204/3943/3530 3205/3937/3524 3183/3944/3531
f 3183/3944/3531 3205/3937/3524 3182/3938/3525
f 3183/3944/3531 3182/3938/3525 3219/3945/3532
f 3219/3945/3532 3182/3938/3525 3218/3939/3526
f 3219/3945/3532 3218/3939/3526 3258/3946/3533
f 3258/3946/3533 3218/3939/3526 3259/3940/3527
f 3258/3946/3533 3259/3940/3527 3237/3947/3534
f 3237/3947/3534 3259/3940/3527 3236/3941/3528
f 3237/3947/3534 3236/3941/3528 3273/3741/3361
f 3273/3741/3361 3236/3941/3528 3272/3739/3359
f 3167/3788/3408 3149/3787/3407 3148/3794/3414
f 3148/3794/3414 3147/3796/3416 3166/3948/3535
f 3166/3948/3535 3147/3796/3416 3165/3942/3529
f 3166/3948/3535 3165/3942/3529 3203/3949/3536
f 3203/3949/3536 3165/3942/3529 3204/3943/3530
f 3203/3949/3536 3204/3943/3530 3184/3950/3537
f 3184/3950/3537 3204/3943/3530 3183/3944/3531
f 3184/3950/3537 3183/3944/3531 3220/3951/3538
f 3220/3951/3538 3183/3944/3531 3219/3945/3532
f 3220/3951/3538 3219/3945/3532 3257/3952/3539
f 3257/3952/3539 3219/3945/3532 3258/3946/3533
f 3257/3952/3539 3258/3946/3533 3238/3953/3540
f 3238/3953/3540 3258/3946/3533 3237/3947/3534
f 3238/3953/3540 3237/3947/3534 3274/3743/3363
f 3274/3743/3363 3237/3947/3534 3273/3741/3361
f 3175/3923/3510 3157/3650/3278 3156/3652/3280
f 3175/3923/3510 3156/3652/3280 3174/3922/3509
f 3174/3922/3509 3156/3652/3280 3155/3654/3282
f 3210/3821/3441 3159/3820/3440 3158/3829/3447
f 3158/3829/3447 3159/3820/3440 3140/3826/3446
f 3202/3789/3409 3167/3788/3408 3166/3948/3535
f 3166/3948/3535 3167/3788/3408 3148/3794/3414
f 3202/3789/3409 3166/3948/3535 3203/3949/3536
f 3194/3921/3508 3175/3923/3510 3174/3922/3509
f 3211/3831/3448 3177/3822/3442 3210/3821/3441
f 3202/3789/3409 3203/3949/3536 3185/3790/3410
f 3185/3790/3410 3203/3949/3536 3184/3950/3537
f 3185/3790/3410 3184/3950/3537 3221/3791/3411
f 3221/3791/3411 3184/3950/3537 3220/3951/3538
f 3221/3791/3411 3220/3951/3538 3256/3792/3412
f 3256/3792/3412 3220/3951/3538 3257/3952/3539
f 3256/3792/3412 3257/3952/3539 3239/3793/3413
f 3239/3793/3413 3257/3952/3539 3238/3953/3540
f 3239/3793/3413 3238/3953/3540 3275/3745/3365
f 3275/3745/3365 3238/3953/3540 3274/3743/3363
f 3228/3915/3504 3191/3660/3288 3227/3662/3290
f 3158/3829/3447 3211/3831/3448 3210/3821/3441
f 3228/3915/3504 3227/3662/3290 3249/3954/3541
f 3249/3954/3541 3227/3662/3290 3250/3664/3292
f 3249/3954/3541 3250/3664/3292 3246/3955/3542
f 3246/3955/3542 3250/3664/3292 3245/3666/3294
f 3246/3955/3542 3245/3666/3294 3282/3908/3499
f 3267/3729/3349 3231/3825/3445 3230/3837/3452
f 3230/3837/3452 3231/3825/3445 3265/3836/3451
f 3266/3727/3347 3267/3729/3349 3230/3837/3452
f 3246/3955/3542 3247/3911/3501 3249/3954/3541
f 3249/3954/3541 3247/3911/3501 3248/3913/3502
f 3249/3954/3541 3248/3913/3502 3228/3915/3504
f 3247/3911/3501 3246/3955/3542 3283/3909/3500
f 3283/3909/3500 3246/3955/3542 3282/3908/3499
f 3283/3909/3500 3282/3908/3499 3302/3907/3498
f 3318/3728/3348 3319/3726/3346 3285/3956/3543
f 3285/3956/3543 3319/3726/3346 3284/3724/3345
f 3285/3956/3543 3284/3724/3345 3354/3957/3544
f 3354/3957/3544 3284/3724/3345 3355/3722/3344
f 3354/3957/3544 3355/3722/3344 3321/3720/3342
f 3317/3730/3350 3318/3728/3348 3286/3958/3545
f 3286/3958/3545 3318/3728/3348 3285/3956/3543
f 3286/3958/3545 3285/3956/3543 3353/3959/3546
f 3353/3959/3546 3285/3956/3543 3354/3957/3544
f 3353/3959/3546 3354/3957/3544 3322/3960/3547
f 3322/3960/3547 3354/3957/3544 3321/3720/3342
f 3322/3960/3547 3321/3720/3342 3389/3718/3340
f 3316/3732/3352 3317/3730/3350 3287/3961/3548
f 3287/3961/3548 3317/3730/3350 3286/3958/3545
f 3287/3961/3548 3286/3958/3545 3352/3962/3549
f 3352/3962/3549 3286/3958/3545 3353/3959/3546
f 3352/3962/3549 3353/3959/3546 3323/3963/3550
f 3323/3963/3550 3353/3959/3546 3322/3960/3547
f 3323/3963/3550 3322/3960/3547 3388/3964/3551
f 3388/3964/3551 3322/3960/3547 3389/3718/3340
f 3388/3964/3551 3389/3718/3340 3359/3716/3338
f 3315/3734/3354 3316/3732/3352 3288/3965/3552
f 3288/3965/3552 3316/3732/3352 3287/3961/3548
f 3288/3965/3552 3287/3961/3548 3351/3966/3553
f 3351/3966/3553 3287/3961/3548 3352/3962/3549
f 3351/3966/3553 3352/3962/3549 3324/3967/3554
f 3324/3967/3554 3352/3962/3549 3323/3963/3550
f 3324/3967/3554 3323/3963/3550 3387/3968/3555
f 3387/3968/3555 3323/3963/3550 3388/3964/3551
f 3387/3968/3555 3388/3964/3551 3360/3969/3556
f 3360/3969/3556 3388/3964/3551 3359/3716/3338
f 3360/3969/3556 3359/3716/3338 3396/3714/3336
f 3314/3736/3356 3315/3734/3354 3289/3970/3557
f 3289/3970/3557 3315/3734/3354 3288/3965/3552
f 3289/3970/3557 3288/3965/3552 3350/3971/3558
f 3350/3971/3558 3288/3965/3552 3351/3966/3553
f 3350/3971/3558 3351/3966/3553 3325/3972/3559
f 3325/3972/3559 3351/3966/3553 3324/3967/3554
f 3325/3972/3559 3324/3967/3554 3386/3973/3560
f 3386/3973/3560 3324/3967/3554 3387/3968/3555
f 3386/3973/3560 3387/3968/3555 3361/3974/3561
f 3361/3974/3561 3387/3968/3555 3360/3969/3556
f 3361/3974/3561 3360/3969/3556 3397/3975/3562
f 3397/3975/3562 3360/3969/3556 3396/3714/3336
f 3397/3975/3562 3396/3714/3336 3440/3712/3334
f 3313/3738/3358 3314/3736/3356 3290/3976/3563
f 3290/3976/3563 3314/3736/3356 3289/3970/3557
f 3290/3976/3563 3289/3970/3557 3349/3977/3564
f 3349/3977/3564 3289/3970/3557 3350/3971/3558
f 3349/3977/3564 3350/3971/3558 3326/3978/3565
f 3326/3978/3565 3350/3971/3558 3325/3972/3559
f 3326/3978/3565 3325/3972/3559 3385/3979/3566
f 3385/3979/3566 3325/3972/3559 3386/3973/3560
f 3385/3979/3566 3386/3973/3560 3362/3980/3567
f 3362/3980/3567 3386/3973/3560 3361/3974/3561
f 3362/3980/3567 3361/3974/3561 3398/3981/3568
f 3398/3981/3568 3361/3974/3561 3397/3975/3562
f 3398/3981/3568 3397/3975/3562 3439/3982/3569
f 3439/3982/3569 3397/3975/3562 3440/3712/3334
f 3439/3982/3569 3440/3712/3334 3416/3710/3332
f 3312/3740/3360 3313/3738/3358 3291/3983/3570
f 3291/3983/3570 3313/3738/3358 3290/3976/3563
f 3291/3983/3570 3290/3976/3563 3348/3984/3571
f 3348/3984/3571 3290/3976/3563 3349/3977/3564
f 3348/3984/3571 3349/3977/3564 3327/3985/3572
f 3327/3985/3572 3349/3977/3564 3326/3978/3565
f 3327/3985/3572 3326/3978/3565 3384/3986/3573
f 3384/3986/3573 3326/3978/3565 3385/3979/3566
f 3384/3986/3573 3385/3979/3566 3363/3987/3574
f 3363/3987/3574 3385/3979/3566 3362/3980/3567
f 3363/3987/3574 3362/3980/3567 3399/3988/3575
f 3399/3988/3575 3362/3980/3567 3398/3981/3568
f 3399/3988/3575 3398/3981/3568 3438/3989/3576
f 3438/3989/3576 3398/3981/3568 3439/3982/3569
f 3438/3989/3576 3439/3982/3569 3417/3990/3577
f 3417/3990/3577 3439/3982/3569 3416/3710/3332
f 3417/3990/3577 3416/3710/3332 3453/3708/3330
f 3311/3742/3362 3312/3740/3360 3292/3991/3578
f 3292/3991/3578 3312/3740/3360 3291/3983/3570
f 3292/3991/3578 3291/3983/3570 3347/3992/3579
f 3347/3992/3579 3291/3983/3570 3348/3984/3571
f 3347/3992/3579 3348/3984/3571 3328/3993/3580
f 3328/3993/3580 3348/3984/3571 3327/3985/3572
f 3328/3993/3580 3327/3985/3572 3383/3994/3581
f 3383/3994/3581 3327/3985/3572 3384/3986/3573
f 3383/3994/3581 3384/3986/3573 3364/3995/3582
f 3364/3995/3582 3384/3986/3573 3363/3987/3574
f 3364/3995/3582 3363/3987/3574 3400/3996/3583
f 3400/3996/3583 3363/3987/3574 3399/3988/3575
f 3400/3996/3583 3399/3988/3575 3437/3997/3584
f 3437/3997/3584 3399/3988/3575 3438/3989/3576
f 3437/3997/3584 3438/3989/3576 3418/3998/3585
f 3418/3998/3585 3438/3989/3576 3417/3990/3577
f 3418/3998/3585 3417/3990/3577 3454/3999/3586
f 3454/3999/3586 3417/3990/3577 3453/3708/3330
f 3454/3999/3586 3453/3708/3330 3491/3706/3328
f 3310/3744/3364 3311/3742/3362 3293/4000/3587
f 3293/4000/3587 3311/3742/3362 3292/3991/3578
f 3293/4000/3587 3292/3991/3578 3346/4001/3588
f 3346/4001/3588 3292/3991/3578 3347/3992/3579
f 3346/4001/3588 3347/3992/3579 3329/4002/3589
f 3329/4002/3589 3347/3992/3579 3328/3993/3580
f 3329/4002/3589 3328/3993/3580 3382/4003/3590
f 3382/4003/3590 3328/3993/3580 3383/3994/3581
f 3382/4003/3590 3383/3994/3581 3365/4004/3591
f 3365/4004/3591 3383/3994/3581 3364/3995/3582
f 3365/4004/3591 3364/3995/3582 3401/4005/3592
f 3401/4005/3592 3364/3995/3582 3400/3996/3583
f 3401/4005/3592 3400/3996/3583 3436/4006/3593
f 3436/4006/3593 3400/3996/3583 3437/3997/3584
f 3436/4006/3593 3437/3997/3584 3419/4007/3594
f 3419/4007/3594 3437/3997/3584 3418/3998/3585
f 3419/4007/3594 3418/3998/3585 3455/4008/3595
f 3455/4008/3595 3418/3998/3585 3454/3999/3586
f 3455/4008/3595 3454/3999/3586 3490/4009/3596
f 3490/4009/3596 3454/3999/3586 3491/3706/3328
f 3490/4009/3596 3491/3706/3328 3473/3704/3326
f 3309/3746/3366 3310/3744/3364 3294/4010/3597
f 3294/4010/3597 3310/3744/3364 3293/4000/3587
f 3294/4010/3597 3293/4000/3587 3345/4011/3598
f 3345/4011/3598 3293/4000/3587 3346/4001/3588
f 3345/4011/3598 3346/4001/3588 3330/4012/3599
f 3330/4012/3599 3346/4001/3588 3329/4002/3589
f 3330/4012/3599 3329/4002/3589 3381/4013/3600
f 3381/4013/3600 3329/4002/3589 3382/4003/3590
f 3381/4013/3600 3382/4003/3590 3366/4014/3601
f 3366/4014/3601 3382/4003/3590 3365/4004/3591
f 3366/4014/3601 3365/4004/3591 3402/4015/3602
f 3402/4015/3602 3365/4004/3591 3401/4005/3592
f 3402/4015/3602 3401/4005/3592 3435/4016/3603
f 3435/4016/3603 3401/4005/3592 3436/4006/3593
f 3435/4016/3603 3436/4006/3593 3420/4017/3604
f 3420/4017/3604 3436/4006/3593 3419/4007/3594
f 3420/4017/3604 3419/4007/3594 3456/4018/3605
f 3456/4018/3605 3419/4007/3594 3455/4008/3595
f 3456/4018/3605 3455/4008/3595 3489/4019/3606
f 3489/4019/3606 3455/4008/3595 3490/4009/3596
f 3489/4019/3606 3490/4009/3596 3474/3702/3325
f 3474/3702/3325 3490/4009/3596 3473/3704/3326
f 3308/3748/3368 3309/3746/3366 3295/4020/3607
f 3295/4020/3607 3309/3746/3366 3294/4010/3597
f 3295/4020/3607 3294/4010/3597 3344/4021/3608
f 3344/4021/3608 3294/4010/3597 3345/4011/3598
f 3344/4021/3608 3345/4011/3598 3331/4022/3609
f 3331/4022/3609 3345/4011/3598 3330/4012/3599
f 3331/4022/3609 3330/4012/3599 3380/4023/3610
f 3380/4023/3610 3330/4012/3599 3381/4013/3600
f 3380/4023/3610 3381/4013/3600 3367/4024/3611
f 3367/4024/3611 3381/4013/3600 3366/4014/3601
f 3367/4024/3611 3366/4014/3601 3403/4025/3612
f 3403/4025/3612 3366/4014/3601 3402/4015/3602
f 3403/4025/3612 3402/4015/3602 3434/4026/3613
f 3434/4026/3613 3402/4015/3602 3435/4016/3603
f 3434/4026/3613 3435/4016/3603 3421/4027/3614
f 3421/4027/3614 3435/4016/3603 3420/4017/3604
f 3421/4027/3614 3420/4017/3604 3457/4028/3615
f 3457/4028/3615 3420/4017/3604 3456/4018/3605
f 3457/4028/3615 3456/4018/3605 3488/4029/3616
f 3488/4029/3616 3456/4018/3605 3489/4019/3606
f 3488/4029/3616 3489/4019/3606 3475/3700/3324
f 3475/3700/3324 3489/4019/3606 3474/3702/3325
f 3307/3750/3370 3308/3748/3368 3296/4030/3617
f 3296/4030/3617 3308/3748/3368 3295/4020/3607
f 3296/4030/3617 3295/4020/3607 3343/4031/3618
f 3343/4031/3618 3295/4020/3607 3344/4021/3608
f 3343/4031/3618 3344/4021/3608 3332/4032/3619
f 3332/4032/3619 3344/4021/3608 3331/4022/3609
f 3332/4032/3619 3331/4022/3609 3379/4033/3620
f 3379/4033/3620 3331/4022/3609 3380/4023/3610
f 3379/4033/3620 3380/4023/3610 3368/4034/3621
f 3368/4034/3621 3380/4023/3610 3367/4024/3611
f 3368/4034/3621 3367/4024/3611 3404/4035/3622
f 3404/4035/3622 3367/4024/3611 3403/4025/3612
f 3404/4035/3622 3403/4025/3612 3433/4036/3623
f 3433/4036/3623 3403/4025/3612 3434/4026/3613
f 3433/4036/3623 3434/4026/3613 3422/4037/3624
f 3422/4037/3624 3434/4026/3613 3421/4027/3614
f 3422/4037/3624 3421/4027/3614 3458/4038/3625
f 3458/4038/3625 3421/4027/3614 3457/4028/3615
f 3458/4038/3625 3457/4028/3615 3487/4039/3626
f 3487/4039/3626 3457/4028/3615 3488/4029/3616
f 3487/4039/3626 3488/4029/3616 3476/3698/3323
f 3476/3698/3323 3488/4029/3616 3475/3700/3324
f 3306/3752/3372 3307/3750/3370 3297/4040/3627
f 3297/4040/3627 3307/3750/3370 3296/4030/3617
f 3297/4040/3627 3296/4030/3617 3342/4041/3628
f 3342/4041/3628 3296/4030/3617 3343/4031/3618
f 3342/4041/3628 3343/4031/3618 3333/4042/3629
f 3333/4042/3629 3343/4031/3618 3332/4032/3619
f 3333/4042/3629 3332/4032/3619 3378/4043/3630
f 3378/4043/3630 3332/4032/3619 3379/4033/3620
f 3378/4043/3630 3379/4033/3620 3369/4044/3631
f 3369/4044/3631 3379/4033/3620 3368/4034/3621
f 3369/4044/3631 3368/4034/3621 3405/4045/3632
f 3405/4045/3632 3368/4034/3621 3404/4035/3622
f 3405/4045/3632 3404/4035/3622 3432/4046/3633
f 3432/4046/3633 3404/4035/3622 3433/4036/3623
f 3432/4046/3633 3433/4036/3623 3423/4047/3634
f 3423/4047/3634 3433/4036/3623 3422/4037/3624
f 3423/4047/3634 3422/4037/3624 3459/4048/3635
f 3459/4048/3635 3422/4037/3624 3458/4038/3625
f 3459/4048/3635 3458/4038/3625 3486/4049/3636
f 3486/4049/3636 3458/4038/3625 3487/4039/3626
f 3486/4049/3636 3487/4039/3626 3477/3696/3322
f 3477/3696/3322 3487/4039/3626 3476/3698/3323
f 3305/3671/3299 3306/3752/3372 3298/3673/3301
f 3298/3673/3301 3306/3752/3372 3297/4040/3627
f 3298/3673/3301 3297/4040/3627 3341/3675/3303
f 3341/3675/3303 3297/4040/3627 3342/4041/3628
f 3341/3675/3303 3342/4041/3628 3334/3677/3305
f 3334/3677/3305 3342/4041/3628 3333/4042/3629
f 3334/3677/3305 3333/4042/3629 3377/3679/3307
f 3377/3679/3307 3333/4042/3629 3378/4043/3630
f 3377/3679/3307 3378/4043/3630 3370/3681/3309
f 3370/3681/3309 3378/4043/3630 3369/4044/3631
f 3370/3681/3309 3369/4044/3631 3406/3683/3311
f 3406/3683/3311 3369/4044/3631 3405/4045/3632
f 3406/3683/3311 3405/4045/3632 3431/3685/3313
f 3431/3685/3313 3405/4045/3632 3432/4046/3633
f 3431/3685/3313 3432/4046/3633 3424/3687/3315
f 3424/3687/3315 3432/4046/3633 3423/4047/3634
f 3424/3687/3315 3423/4047/3634 3460/3689/3317
f 3460/3689/3317 3423/4047/3634 3459/4048/3635
f 3460/3689/3317 3459/4048/3635 3485/3691/3319
f 3485/3691/3319 3459/4048/3635 3486/4049/3636
f 3485/3691/3319 3486/4049/3636 3478/3693/3321
f 3478/3693/3321 3486/4049/3636 3477/3696/3322
f 3304/3670/3298 3299/3672/3300 3300/3904/3496
f 3300/3904/3496 3299/3672/3300 3339/4050/3637
f 3300/3904/3496 3339/4050/3637 3338/3902/3494
f 3338/3902/3494 3339/4050/3637 3337/3900/3493
f 3339/4050/3637 3299/3672/3300 3340/3674/3302
f 3339/4050/3637 3340/3674/3302 3336/3899/3492
f 3374/3898/3491 3337/3900/3493 3336/3899/3492
f 3336/3899/3492 3337/3900/3493 3339/4050/3637
f 3391/3840/3453 3356/3849/3461 3357/3841/3454
f 3357/3841/3454 3356/3849/3461 3393/4051/3638
f 3357/3841/3454 3393/4051/3638 3394/3842/3455
f 3394/3842/3455 3393/4051/3638 3443/4052/3639
f 3394/3842/3455 3443/4052/3639 3442/3843/3456
f 3442/3843/3456 3443/4052/3639 3413/4053/3640
f 3442/3843/3456 3413/4053/3640 3414/3844/3457
f 3414/3844/3457 3413/4053/3640 3450/4054/3641
f 3414/3844/3457 3450/4054/3641 3451/3845/3458
f 3451/3845/3458 3450/4054/3641 3494/4055/3642
f 3451/3845/3458 3494/4055/3642 3493/3846/3459
f 3493/3846/3459 3494/4055/3642 3470/3877/3479
f 3493/3846/3459 3470/3877/3479 3471/3847/3460
f 3408/3892/3487 3371/3680/3308 3407/3682/3310
f 3356/3849/3461 3392/3851/3462 3393/4051/3638
f 3393/4051/3638 3392/3851/3462 3444/4056/3643
f 3393/4051/3638 3444/4056/3643 3443/4052/3639
f 3443/4052/3639 3444/4056/3643 3412/4057/3644
f 3443/4052/3639 3412/4057/3644 3413/4053/3640
f 3413/4053/3640 3412/4057/3644 3449/4058/3645
f 3413/4053/3640 3449/4058/3645 3450/4054/3641
f 3450/4054/3641 3449/4058/3645 3495/4059/3646
f 3450/4054/3641 3495/4059/3646 3494/4055/3642
f 3494/4055/3642 3495/4059/3646 3469/3875/3478
f 3494/4055/3642 3469/3875/3478 3470/3877/3479
f 3408/3892/3487 3407/3682/3310 3429/4060/3647
f 3429/4060/3647 3407/3682/3310 3430/3684/3312
f 3429/4060/3647 3430/3684/3312 3426/4061/3648
f 3426/4061/3648 3430/3684/3312 3425/3686/3314
f 3426/4061/3648 3425/3686/3314 3462/4062/3649
f 3462/4062/3649 3425/3686/3314 3461/3688/3316
f 3462/4062/3649 3461/3688/3316 3483/4063/3650
f 3483/4063/3650 3461/3688/3316 3484/3690/3318
f 3483/4063/3650 3484/3690/3318 3480/3879/3480
f 3480/3879/3480 3484/3690/3318 3479/3692/3320
f 3445/3853/3463 3411/3855/3465 3444/4056/3643
f 3444/4056/3643 3411/3855/3465 3412/4057/3644
f 3449/4058/3645 3412/4057/3644 3448/3857/3467
f 3448/3857/3467 3412/4057/3644 3411/3855/3465
f 3426/4061/3648 3427/3888/3484 3429/4060/3647
f 3429/4060/3647 3427/3888/3484 3428/3890/3485
f 3429/4060/3647 3428/3890/3485 3408/3892/3487
f 3427/3888/3484 3426/4061/3648 3463/3886/3483
f 3463/3886/3483 3426/4061/3648 3462/4062/3649
f 3463/3886/3483 3462/4062/3649 3482/3884/3482
f 3482/3884/3482 3462/4062/3649 3483/4063/3650
f 3482/3884/3482 3483/4063/3650 3481/3881/3481
f 3481/3881/3481 3483/4063/3650 3480/3879/3480
f 3392/3851/3462 3445/3853/3463 3444/4056/3643
f 3495/4059/3646 3449/4058/3645 3496/3859/3469
f 3496/3859/3469 3449/4058/3645 3448/3857/3467
f 3495/4059/3646 3496/3859/3469 3468/3861/3471
f 3468/3861/3471 3469/3875/3478 3495/4059/3646
f 3127/4064/3279 2740/4065/2892 3517/4066/3651
f 3517/4066/3651 2740/4065/2892 2766/4067/2891
f 3517/4066/3651 2766/4067/2891 3516/4068/3652
f 3516/4068/3652 2766/4067/2891 2765/4069/3134
f 3516/4068/3652 2765/4069/3134 3515/4070/3653
f 3515/4070/3653 2765/4069/3134 3514/4071/3654
f 3515/4070/3653 3514/4071/3654 3533/4072/3655
f 3533/4072/3655 3514/4071/3654 3532/4073/3656
f 3533/4072/3655 3532/4073/3656 3556/4074/3657
f 3556/4074/3657 3532/4073/3656 3557/4075/3658
f 3556/4074/3657 3557/4075/3658 3551/4076/3659
f 3551/4076/3659 3557/4075/3658 3550/4077/3660
f 3551/4076/3659 3550/4077/3660 3587/4078/3661
f 3587/4078/3661 3550/4077/3660 3586/4079/3662
f 3587/4078/3661 3586/4079/3662 3610/4080/3663
f 3610/4080/3663 3586/4079/3662 3611/4081/3664
f 3610/4080/3663 3611/4081/3664 3605/4082/3665
f 3605/4082/3665 3611/4081/3664 3604/4083/3666
f 3605/4082/3665 3604/4083/3666 3641/4084/3667
f 3641/4084/3667 3604/4083/3666 3640/4085/3668
f 3641/4084/3667 3640/4085/3668 3664/4086/3669
f 3664/4086/3669 3640/4085/3668 3665/4087/3670
f 3664/4086/3669 3665/4087/3670 3659/4088/3671
f 3659/4088/3671 3665/4087/3670 3658/4089/3672
f 3659/4088/3671 3658/4089/3672 3700/4090/3673
f 3700/4090/3673 3658/4089/3672 3701/4091/3674
f 3700/4090/3673 3701/4091/3674 3695/4092/3675
f 3695/4092/3675 3701/4091/3674 3694/4093/3676
f 3695/4092/3675 3694/4093/3676 3736/4094/3677
f 3736/4094/3677 3694/4093/3676 3737/4095/3678
f 3736/4094/3677 3737/4095/3678 3731/4096/3679
f 3731/4096/3679 3737/4095/3678 3730/4097/3680
f 3731/4096/3679 3730/4097/3680 3767/4098/3681
f 3767/4098/3681 3730/4097/3680 3766/4099/3682
f 3767/4098/3681 3766/4099/3682 3790/4100/3683
f 3790/4100/3683 3766/4099/3682 3791/4101/3684
f 3790/4100/3683 3791/4101/3684 3785/4102/3685
f 3785/4102/3685 3791/4101/3684 3784/4103/3686
f 3785/4102/3685 3784/4103/3686 3821/4104/3687
f 3821/4104/3687 3784/4103/3686 3820/4105/3688
f 3821/4104/3687 3820/4105/3688 3844/4106/3689
f 3844/4106/3689 3820/4105/3688 3845/4107/3690
f 3844/4106/3689 3845/4107/3690 3839/4108/3691
f 3839/4108/3691 3845/4107/3690 3838/4109/3692
f 3839/4108/3691 3838/4109/3692 1538/4110/1692
f 1538/4110/1692 3838/4109/3692 1539/4111/1793
f 1539/4111/1793 3838/4109/3692 3837/4112/3693
f 1539/4111/1793 3837/4112/3693 1540/4113/1801
f 1540/4113/1801 3837/4112/3693 3836/4114/3694
f 1540/4113/1801 3836/4114/3694 1541/4115/1809
f 1541/4115/1809 3836/4114/3694 3835/4116/3695
f 1541/4115/1809 3835/4116/3695 1542/4117/1817
f 1542/4117/1817 3835/4116/3695 3834/4118/3696
f 1542/4117/1817 3834/4118/3696 1543/4119/1825
f 1543/4119/1825 3834/4118/3696 3833/4120/3697
f 1543/4119/1825 3833/4120/3697 3832/4121/3698
f 3832/4121/3698 3833/4120/3697 3851/4122/3699
f 3832/4121/3698 3851/4122/3699 3852/4123/3700
f 3852/4123/3700 3851/4122/3699 3813/4124/3701
f 3852/4123/3700 3813/4124/3701 3812/4125/3702
f 3812/4125/3702 3813/4124/3701 3776/4126/3703
f 3812/4125/3702 3776/4126/3703 3775/4127/3704
f 3775/4127/3704 3776/4126/3703 3800/4128/3705
f 3775/4127/3704 3800/4128/3705 3801/4129/3706
f 3801/4129/3706 3800/4128/3705 3756/4130/3707
f 3801/4129/3706 3756/4130/3707 3755/4131/3708
f 3755/4131/3708 3756/4130/3707 3719/4132/3709
f 3755/4131/3708 3719/4132/3709 3718/4133/3710
f 3718/4133/3710 3719/4132/3709 3749/4134/3711
f 3718/4133/3710 3749/4134/3711 3750/4135/3712
f 3750/4135/3712 3749/4134/3711 3681/4136/3713
f 3750/4135/3712 3681/4136/3713 3680/4137/3714
f 3680/4137/3714 3681/4136/3713 3715/4138/3715
f 3680/4137/3714 3715/4138/3715 1986/4139/2341
f 1986/4139/2341 3715/4138/3715 3644/4140/3716
f 1986/4139/2341 3644/4140/3716 1987/4141/2346
f 1987/4141/2346 3644/4140/3716 3679/4142/3717
f 1987/4141/2346 3679/4142/3717 3626/4143/3718
f 3626/4143/3718 3679/4142/3717 3678/4144/3719
f 3626/4143/3718 3678/4144/3719 3627/4145/3720
f 3627/4145/3720 3678/4144/3719 3677/4146/3721
f 3627/4145/3720 3677/4146/3721 3628/4147/3722
f 3628/4147/3722 3677/4146/3721 3676/4148/3723
f 3628/4147/3722 3676/4148/3723 3629/4149/3724
f 3629/4149/3724 3676/4148/3723 3675/4150/3725
f 3629/4149/3724 3675/4150/3725 3630/4151/3726
f 3630/4151/3726 3675/4150/3725 3674/4152/3727
f 3630/4151/3726 3674/4152/3727 3631/4153/3728
f 3631/4153/3728 3674/4152/3727 3673/4154/3729
f 3631/4153/3728 3673/4154/3729 3632/4155/3730
f 3632/4155/3730 3673/4154/3729 3672/4156/3731
f 3632/4155/3730 3672/4156/3731 3633/4157/3732
f 3633/4157/3732 3672/4156/3731 3671/4158/3733
f 3633/4157/3732 3671/4158/3733 3634/4159/3734
f 3634/4159/3734 3671/4158/3733 3670/4160/3735
f 3634/4159/3734 3670/4160/3735 3635/4161/3736
f 3635/4161/3736 3670/4160/3735 3669/4162/3737
f 3635/4161/3736 3669/4162/3737 3636/4163/3738
f 3636/4163/3738 3669/4162/3737 3668/4164/3739
f 3636/4163/3738 3668/4164/3739 3637/4165/3740
f 3637/4165/3740 3668/4164/3739 3667/4166/3741
f 3637/4165/3740 3667/4166/3741 3638/4167/3742
f 3638/4167/3742 3667/4166/3741 3666/4168/3743
f 3638/4167/3742 3666/4168/3743 3639/4169/3744
f 3639/4169/3744 3666/4168/3743 3665/4087/3670
f 3639/4169/3744 3665/4087/3670 3640/4085/3668
f 2765/4069/3134 2764/4170/3131 3514/4071/3654
f 3514/4071/3654 2764/4170/3131 3513/4171/3745
f 3514/4071/3654 3513/4171/3745 3532/4073/3656
f 3532/4073/3656 3513/4171/3745 3531/4172/3746
f 3532/4073/3656 3531/4172/3746 3557/4075/3658
f 3557/4075/3658 3531/4172/3746 3558/4173/3747
f 3557/4075/3658 3558/4173/3747 3550/4077/3660
f 3550/4077/3660 3558/4173/3747 3549/4174/3748
f 3550/4077/3660 3549/4174/3748 3586/4079/3662
f 3586/4079/3662 3549/4174/3748 3585/4175/3749
f 3586/4079/3662 3585/4175/3749 3611/4081/3664
f 3611/4081/3664 3585/4175/3749 3612/4176/3750
f 3611/4081/3664 3612/4176/3750 3604/4083/3666
f 3604/4083/3666 3612/4176/3750 3603/4177/3751
f 3604/4083/3666 3603/4177/3751 3640/4085/3668
f 3640/4085/3668 3603/4177/3751 3639/4169/3744
f 2764/4170/3131 2763/4178/3126 3513/4171/3745
f 3513/4171/3745 2763/4178/3126 3512/4179/3752
f 3513/4171/3745 3512/4179/3752 3531/4172/3746
f 3531/4172/3746 3512/4179/3752 3530/4180/3753
f 3531/4172/3746 3530/4180/3753 3558/4173/3747
f 3558/4173/3747 3530/4180/3753 3559/4181/3754
f 3558/4173/3747 3559/4181/3754 3549/4174/3748
f 3549/4174/3748 3559/4181/3754 3548/4182/3755
f 3549/4174/3748 3548/4182/3755 3585/4175/3749
f 3585/4175/3749 3548/4182/3755 3584/4183/3756
f 3585/4175/3749 3584/4183/3756 3612/4176/3750
f 3612/4176/3750 3584/4183/3756 3613/4184/3757
f 3612/4176/3750 3613/4184/3757 3603/4177/3751
f 3603/4177/3751 3613/4184/3757 3602/4185/3758
f 3603/4177/3751 3602/4185/3758 3639/4169/3744
f 3639/4169/3744 3602/4185/3758 3638/4167/3742
f 2763/4178/3126 2762/4186/3124 3512/4179/3752
f 3512/4179/3752 2762/4186/3124 3511/4187/3759
f 3512/4179/3752 3511/4187/3759 3530/4180/3753
f 3530/4180/3753 3511/4187/3759 3529/4188/3760
f 3530/4180/3753 3529/4188/3760 3559/4181/3754
f 3559/4181/3754 3529/4188/3760 3560/4189/3761
f 3559/4181/3754 3560/4189/3761 3548/4182/3755
f 3548/4182/3755 3560/4189/3761 3547/4190/3762
f 3548/4182/3755 3547/4190/3762 3584/4183/3756
f 3584/4183/3756 3547/4190/3762 3583/4191/3763
f 3584/4183/3756 3583/4191/3763 3613/4184/3757
f 3613/4184/3757 3583/4191/3763 3614/4192/3764
f 3613/4184/3757 3614/4192/3764 3602/4185/3758
f 3602/4185/3758 3614/4192/3764 3601/4193/3765
f 3602/4185/3758 3601/4193/3765 3638/4167/3742
f 3638/4167/3742 3601/4193/3765 3637/4165/3740
f 2762/4186/3124 2761/4194/3120 3511/4187/3759
f 3511/4187/3759 2761/4194/3120 3510/4195/3766
f 3511/4187/3759 3510/4195/3766 3529/4188/3760
f 3529/4188/3760 3510/4195/3766 3528/4196/3767
f 3529/4188/3760 3528/4196/3767 3560/4189/3761
f 3560/4189/3761 3528/4196/3767 3561/4197/3768
f 3560/4189/3761 3561/4197/3768 3547/4190/3762
f 3547/4190/3762 3561/4197/3768 3546/4198/3769
f 3547/4190/3762 3546/4198/3769 3583/4191/3763
f 3583/4191/3763 3546/4198/3769 3582/4199/3770
f 3583/4191/3763 3582/4199/3770 3614/4192/3764
f 3614/4192/3764 3582/4199/3770 3615/4200/3771
f 3614/4192/3764 3615/4200/3771 3601/4193/3765
f 3601/4193/3765 3615/4200/3771 3600/4201/3772
f 3601/4193/3765 3600/4201/3772 3637/4165/3740
f 3637/4165/3740 3600/4201/3772 3636/4163/3738
f 2761/4194/3120 2760/4202/3115 3510/4195/3766
f 3510/4195/3766 2760/4202/3115 3509/4203/3773
f 3510/4195/3766 3509/4203/3773 3528/4196/3767
f 3528/4196/3767 3509/4203/3773 3527/4204/3774
f 3528/4196/3767 3527/4204/3774 3561/4197/3768
f 3561/4197/3768 3527/4204/3774 3562/4205/3775
f 3561/4197/3768 3562/4205/3775 3546/4198/3769
f 3546/4198/3769 3562/4205/3775 3545/4206/3776
f 3546/4198/3769 3545/4206/3776 3582/4199/3770
f 3582/4199/3770 3545/4206/3776 3581/4207/3777
f 3582/4199/3770 3581/4207/3777 3615/4200/3771
f 3615/4200/3771 3581/4207/3777 3616/4208/3778
f 3615/4200/3771 3616/4208/3778 3600/4201/3772
f 3600/4201/3772 3616/4208/3778 3599/4209/3779
f 3600/4201/3772 3599/4209/3779 3636/4163/3738
f 3636/4163/3738 3599/4209/3779 3635/4161/3736
f 3509/4203/3773 2760/4202/3115 3508/4210/3780
f 3508/4210/3780 2760/4202/3115 2759/4211/3111
f 3508/4210/3780 2759/4211/3111 3507/4212/3781
f 3507/4212/3781 2759/4211/3111 2758/4213/3108
f 3507/4212/3781 2758/4213/3108 3506/4214/3782
f 3506/4214/3782 2758/4213/3108 2757/4215/3103
f 3506/4214/3782 2757/4215/3103 3505/4216/3783
f 3505/4216/3783 2757/4215/3103 2756/4217/3101
f 3505/4216/3783 2756/4217/3101 3504/4218/3784
f 3504/4218/3784 2756/4217/3101 2755/4219/3099
f 3504/4218/3784 2755/4219/3099 3503/4220/3785
f 3503/4220/3785 2755/4219/3099 3502/4221/3786
f 3503/4220/3785 3502/4221/3786 3521/4222/3787
f 3521/4222/3787 3502/4221/3786 3520/4223/3788
f 3521/4222/3787 3520/4223/3788 3568/4224/3789
f 3568/4224/3789 3520/4223/3788 3569/4225/3790
f 3568/4224/3789 3569/4225/3790 3539/4226/3791
f 3539/4226/3791 3569/4225/3790 3538/4227/3792
f 3539/4226/3791 3538/4227/3792 3575/4228/3793
f 3575/4228/3793 3538/4227/3792 3574/4229/3794
f 3575/4228/3793 3574/4229/3794 3622/4230/3795
f 3622/4230/3795 3574/4229/3794 3623/4231/3796
f 3622/4230/3795 3623/4231/3796 3593/4232/3797
f 3593/4232/3797 3623/4231/3796 3592/4233/3798
f 3593/4232/3797 3592/4233/3798 3629/4149/3724
f 3629/4149/3724 3592/4233/3798 3628/4147/3722
f 2755/4219/3099 2754/4234/3097 3502/4221/3786
f 3502/4221/3786 2754/4234/3097 3501/4235/3799
f 3502/4221/3786 3501/4235/3799 3520/4223/3788
f 3520/4223/3788 3501/4235/3799 3519/4236/3800
f 3520/4223/3788 3519/4236/3800 3569/4225/3790
f 3569/4225/3790 3519/4236/3800 3570/4237/3801
f 3569/4225/3790 3570/4237/3801 3538/4227/3792
f 3538/4227/3792 3570/4237/3801 3537/4238/3802
f 3538/4227/3792 3537/4238/3802 3574/4229/3794
f 3574/4229/3794 3537/4238/3802 3573/4239/3803
f 3574/4229/3794 3573/4239/3803 3623/4231/3796
f 3623/4231/3796 3573/4239/3803 3624/4240/3804
f 3623/4231/3796 3624/4240/3804 3592/4233/3798
f 3592/4233/3798 3624/4240/3804 3591/4241/3805
f 3592/4233/3798 3591/4241/3805 3628/4147/3722
f 3628/4147/3722 3591/4241/3805 3627/4145/3720
f 3501/4235/3799 2754/4234/3097 3500/4242/3806
f 3500/4242/3806 2754/4234/3097 1952/4243/2104
f 3500/4242/3806 1952/4243/2104 1992/4244/2103
f 3500/4242/3806 1992/4244/2103 3518/4245/3807
f 3518/4245/3807 1992/4244/2103 1991/4246/2360
f 3518/4245/3807 1991/4246/2360 3571/4247/3808
f 3571/4247/3808 1991/4246/2360 3536/4248/3809
f 3571/4247/3808 3536/4248/3809 3537/4238/3802
f 3537/4238/3802 3536/4248/3809 3573/4239/3803
f 1991/4246/2360 1990/4249/2357 3536/4248/3809
f 3536/4248/3809 1990/4249/2357 3572/4250/3810
f 3536/4248/3809 3572/4250/3810 3573/4239/3803
f 3573/4239/3803 3572/4250/3810 3624/4240/3804
f 1990/4249/2357 1989/4251/2352 3572/4250/3810
f 3572/4250/3810 1989/4251/2352 3625/4252/3811
f 3572/4250/3810 3625/4252/3811 3624/4240/3804
f 3624/4240/3804 3625/4252/3811 3591/4241/3805
f 3625/4252/3811 1989/4251/2352 3590/4253/3812
f 3590/4253/3812 1989/4251/2352 1988/4254/2350
f 3590/4253/3812 1988/4254/2350 3626/4143/3718
f 3626/4143/3718 1988/4254/2350 1987/4141/2346
f 1986/4139/2341 1985/4255/2337 3680/4137/3714
f 3680/4137/3714 1985/4255/2337 3751/4256/3813
f 3680/4137/3714 3751/4256/3813 3750/4135/3712
f 3750/4135/3712 3751/4256/3813 3717/4257/3814
f 3750/4135/3712 3717/4257/3814 3718/4133/3710
f 3718/4133/3710 3717/4257/3814 3754/4258/3815
f 3718/4133/3710 3754/4258/3815 3755/4131/3708
f 3755/4131/3708 3754/4258/3815 3802/4259/3816
f 3755/4131/3708 3802/4259/3816 3801/4129/3706
f 3801/4129/3706 3802/4259/3816 3774/4260/3817
f 3801/4129/3706 3774/4260/3817 3775/4127/3704
f 3775/4127/3704 3774/4260/3817 3811/4261/3818
f 3775/4127/3704 3811/4261/3818 3812/4125/3702
f 3812/4125/3702 3811/4261/3818 3853/4262/3819
f 3812/4125/3702 3853/4262/3819 3852/4123/3700
f 3852/4123/3700 3853/4262/3819 3831/4263/3820
f 3852/4123/3700 3831/4263/3820 3832/4121/3698
f 3832/4121/3698 3831/4263/3820 1544/4264/1834
f 3832/4121/3698 1544/4264/1834 1543/4119/1825
f 3751/4256/3813 1985/4255/2337 3716/4265/3821
f 3716/4265/3821 1985/4255/2337 1984/4266/2334
f 3716/4265/3821 1984/4266/2334 3752/4267/3822
f 3752/4267/3822 1984/4266/2334 1983/4268/2329
f 3752/4267/3822 1983/4268/2329 3805/4269/3823
f 3805/4269/3823 1983/4268/2329 3770/4270/3824
f 3805/4269/3823 3770/4270/3824 3771/4271/3825
f 3771/4271/3825 3770/4270/3824 3807/4272/3826
f 3771/4271/3825 3807/4272/3826 3808/4273/3827
f 3808/4273/3827 3807/4272/3826 3857/4274/3828
f 3808/4273/3827 3857/4274/3828 3856/4275/3829
f 3856/4275/3829 3857/4274/3828 3827/4276/3830
f 3856/4275/3829 3827/4276/3830 3828/4277/3831
f 3828/4277/3831 3827/4276/3830 1548/4278/1842
f 3828/4277/3831 1548/4278/1842 1547/4279/1840
f 1983/4268/2329 1982/4280/2327 3770/4270/3824
f 3770/4270/3824 1982/4280/2327 3806/4281/3832
f 3770/4270/3824 3806/4281/3832 3807/4272/3826
f 3807/4272/3826 3806/4281/3832 3858/4282/3833
f 3807/4272/3826 3858/4282/3833 3857/4274/3828
f 3857/4274/3828 3858/4282/3833 3826/4283/3834
f 3857/4274/3828 3826/4283/3834 3827/4276/3830
f 3827/4276/3830 3826/4283/3834 1548/4278/1842
f 1982/4280/2327 1981/4284/2325 3806/4281/3832
f 3806/4281/3832 1981/4284/2325 3859/4285/3835
f 3806/4281/3832 3859/4285/3835 3858/4282/3833
f 3858/4282/3833 3859/4285/3835 3825/4286/3836
f 3858/4282/3833 3825/4286/3836 3826/4283/3834
f 3826/4283/3834 3825/4286/3836 1549/4287/1857
f 3826/4283/3834 1549/4287/1857 1548/4278/1842
f 3859/4285/3835 1981/4284/2325 3824/4288/3837
f 3824/4288/3837 1981/4284/2325 1980/4289/2323
f 3824/4288/3837 1980/4289/2323 1550/4290/1866
f 1550/4290/1866 1549/4287/1857 3824/4288/3837
f 3824/4288/3837 1549/4287/1857 3825/4286/3836
f 3824/4288/3837 3825/4286/3836 3859/4285/3835
f 3828/4277/3831 1547/4279/1840 3829/4291/3838
f 3829/4291/3838 1547/4279/1840 1546/4292/1838
f 3829/4291/3838 1546/4292/1838 3830/4293/3839
f 3830/4293/3839 1546/4292/1838 1545/4294/1836
f 3830/4293/3839 1545/4294/1836 3831/4263/3820
f 3831/4263/3820 1545/4294/1836 1544/4264/1834
f 3839/4108/3691 1538/4110/1692 3840/4295/3840
f 3840/4295/3840 1538/4110/1692 1537/4296/1690
f 3840/4295/3840 1537/4296/1690 3841/4297/3841
f 3841/4297/3841 1537/4296/1690 1536/4298/1688
f 3841/4297/3841 1536/4298/1688 3139/4299/3438
f 3841/4297/3841 3139/4299/3438 3842/4300/3842
f 3842/4300/3842 3139/4299/3438 3138/4301/3423
f 3842/4300/3842 3138/4301/3423 3823/4302/3843
f 3823/4302/3843 3138/4301/3423 3137/4303/3421
f 3823/4302/3843 3137/4303/3421 3787/4304/3844
f 3787/4304/3844 3137/4303/3421 3136/4305/3419
f 3787/4304/3844 3136/4305/3419 3788/4306/3845
f 3788/4306/3845 3136/4305/3419 3769/4307/3846
f 3788/4306/3845 3769/4307/3846 3768/4308/3847
f 3768/4308/3847 3769/4307/3846 3732/4309/3848
f 3768/4308/3847 3732/4309/3848 3731/4096/3679
f 3731/4096/3679 3732/4309/3848 3736/4094/3677
f 3136/4305/3419 3135/4310/3417 3769/4307/3846
f 3769/4307/3846 3135/4310/3417 3733/4311/3849
f 3769/4307/3846 3733/4311/3849 3732/4309/3848
f 3732/4309/3848 3733/4311/3849 3735/4312/3850
f 3732/4309/3848 3735/4312/3850 3736/4094/3677
f 3736/4094/3677 3735/4312/3850 3695/4092/3675
f 3135/4310/3417 3134/4313/3415 3733/4311/3849
f 3733/4311/3849 3134/4313/3415 3734/4314/3851
f 3733/4311/3849 3734/4314/3851 3735/4312/3850
f 3735/4312/3850 3734/4314/3851 3696/4315/3852
f 3735/4312/3850 3696/4315/3852 3695/4092/3675
f 3695/4092/3675 3696/4315/3852 3700/4090/3673
f 3734/4314/3851 3134/4313/3415 3697/4316/3853
f 3697/4316/3853 3134/4313/3415 3133/4317/3406
f 3697/4316/3853 3133/4317/3406 3698/4318/3854
f 3698/4318/3854 3133/4317/3406 3661/4319/3855
f 3698/4318/3854 3661/4319/3855 3660/4320/3856
f 3660/4320/3856 3661/4319/3855 3663/4321/3857
f 3660/4320/3856 3663/4321/3857 3664/4086/3669
f 3664/4086/3669 3663/4321/3857 3641/4084/3667
f 3133/4317/3406 3132/4322/3398 3661/4319/3855
f 3661/4319/3855 3132/4322/3398 3662/4323/3858
f 3661/4319/3855 3662/4323/3858 3663/4321/3857
f 3663/4321/3857 3662/4323/3858 3642/4324/3859
f 3663/4321/3857 3642/4324/3859 3641/4084/3667
f 3641/4084/3667 3642/4324/3859 3605/4082/3665
f 3662/4323/3858 3132/4322/3398 3643/4325/3860
f 3643/4325/3860 3132/4322/3398 3131/4326/3390
f 3643/4325/3860 3131/4326/3390 3607/4327/3861
f 3607/4327/3861 3131/4326/3390 3130/4328/3382
f 3607/4327/3861 3130/4328/3382 3608/4329/3862
f 3608/4329/3862 3130/4328/3382 3589/4330/3863
f 3608/4329/3862 3589/4330/3863 3588/4331/3864
f 3588/4331/3864 3589/4330/3863 3552/4332/3865
f 3588/4331/3864 3552/4332/3865 3551/4076/3659
f 3551/4076/3659 3552/4332/3865 3556/4074/3657
f 3130/4328/3382 3129/4333/3374 3589/4330/3863
f 3589/4330/3863 3129/4333/3374 3553/4334/3866
f 3589/4330/3863 3553/4334/3866 3552/4332/3865
f 3552/4332/3865 3553/4334/3866 3555/4335/3867
f 3552/4332/3865 3555/4335/3867 3556/4074/3657
f 3556/4074/3657 3555/4335/3867 3533/4072/3655
f 3129/4333/3374 3128/4336/3281 3553/4334/3866
f 3553/4334/3866 3128/4336/3281 3554/4337/3868
f 3553/4334/3866 3554/4337/3868 3555/4335/3867
f 3555/4335/3867 3554/4337/3868 3534/4338/3869
f 3555/4335/3867 3534/4338/3869 3533/4072/3655
f 3533/4072/3655 3534/4338/3869 3515/4070/3653
f 3554/4337/3868 3128/4336/3281 3535/4339/3870
f 3535/4339/3870 3128/4336/3281 3127/4064/3279
f 3535/4339/3870 3127/4064/3279 3517/4066/3651
f 3519/4236/3800 3501/4235/3799 3500/4242/3806
f 3504/4218/3784 3503/4220/3785 3522/4340/3871
f 3522/4340/3871 3503/4220/3785 3521/4222/3787
f 3522/4340/3871 3521/4222/3787 3567/4341/3872
f 3567/4341/3872 3521/4222/3787 3568/4224/3789
f 3567/4341/3872 3568/4224/3789 3540/4342/3873
f 3540/4342/3873 3568/4224/3789 3539/4226/3791
f 3540/4342/3873 3539/4226/3791 3576/4343/3874
f 3576/4343/3874 3539/4226/3791 3575/4228/3793
f 3576/4343/3874 3575/4228/3793 3621/4344/3875
f 3621/4344/3875 3575/4228/3793 3622/4230/3795
f 3621/4344/3875 3622/4230/3795 3594/4345/3876
f 3594/4345/3876 3622/4230/3795 3593/4232/3797
f 3594/4345/3876 3593/4232/3797 3630/4151/3726
f 3630/4151/3726 3593/4232/3797 3629/4149/3724
f 3505/4216/3783 3504/4218/3784 3523/4346/3877
f 3523/4346/3877 3504/4218/3784 3522/4340/3871
f 3523/4346/3877 3522/4340/3871 3566/4347/3878
f 3566/4347/3878 3522/4340/3871 3567/4341/3872
f 3566/4347/3878 3567/4341/3872 3541/4348/3879
f 3541/4348/3879 3567/4341/3872 3540/4342/3873
f 3541/4348/3879 3540/4342/3873 3577/4349/3880
f 3577/4349/3880 3540/4342/3873 3576/4343/3874
f 3577/4349/3880 3576/4343/3874 3620/4350/3881
f 3620/4350/3881 3576/4343/3874 3621/4344/3875
f 3620/4350/3881 3621/4344/3875 3595/4351/3882
f 3595/4351/3882 3621/4344/3875 3594/4345/3876
f 3595/4351/3882 3594/4345/3876 3631/4153/3728
f 3631/4153/3728 3594/4345/3876 3630/4151/3726
f 3506/4214/3782 3505/4216/3783 3524/4352/3883
f 3524/4352/3883 3505/4216/3783 3523/4346/3877
f 3524/4352/3883 3523/4346/3877 3565/4353/3884
f 3565/4353/3884 3523/4346/3877 3566/4347/3878
f 3565/4353/3884 3566/4347/3878 3542/4354/3885
f 3542/4354/3885 3566/4347/3878 3541/4348/3879
f 3542/4354/3885 3541/4348/3879 3578/4355/3886
f 3578/4355/3886 3541/4348/3879 3577/4349/3880
f 3578/4355/3886 3577/4349/3880 3619/4356/3887
f 3619/4356/3887 3577/4349/3880 3620/4350/3881
f 3619/4356/3887 3620/4350/3881 3596/4357/3888
f 3596/4357/3888 3620/4350/3881 3595/4351/3882
f 3596/4357/3888 3595/4351/3882 3632/4155/3730
f 3632/4155/3730 3595/4351/3882 3631/4153/3728
f 3507/4212/3781 3506/4214/3782 3525/4358/3889
f 3525/4358/3889 3506/4214/3782 3524/4352/3883
f 3525/4358/3889 3524/4352/3883 3564/4359/3890
f 3564/4359/3890 3524/4352/3883 3565/4353/3884
f 3564/4359/3890 3565/4353/3884 3543/4360/3891
f 3543/4360/3891 3565/4353/3884 3542/4354/3885
f 3543/4360/3891 3542/4354/3885 3579/4361/3892
f 3579/4361/3892 3542/4354/3885 3578/4355/3886
f 3579/4361/3892 3578/4355/3886 3618/4362/3893
f 3618/4362/3893 3578/4355/3886 3619/4356/3887
f 3618/4362/3893 3619/4356/3887 3597/4363/3894
f 3597/4363/3894 3619/4356/3887 3596/4357/3888
f 3597/4363/3894 3596/4357/3888 3633/4157/3732
f 3633/4157/3732 3596/4357/3888 3632/4155/3730
f 3527/4204/3774 3509/4203/3773 3508/4210/3780
f 3508/4210/3780 3507/4212/3781 3526/4364/3895
f 3526/4364/3895 3507/4212/3781 3525/4358/3889
f 3526/4364/3895 3525/4358/3889 3563/4365/3896
f 3563/4365/3896 3525/4358/3889 3564/4359/3890
f 3563/4365/3896 3564/4359/3890 3544/4366/3897
f 3544/4366/3897 3564/4359/3890 3543/4360/3891
f 3544/4366/3897 3543/4360/3891 3580/4367/3898
f 3580/4367/3898 3543/4360/3891 3579/4361/3892
f 3580/4367/3898 3579/4361/3892 3617/4368/3899
f 3617/4368/3899 3579/4361/3892 3618/4362/3893
f 3617/4368/3899 3618/4362/3893 3598/4369/3900
f 3598/4369/3900 3618/4362/3893 3597/4363/3894
f 3598/4369/3900 3597/4363/3894 3634/4159/3734
f 3634/4159/3734 3597/4363/3894 3633/4157/3732
f 3535/4339/3870 3517/4066/3651 3516/4068/3652
f 3535/4339/3870 3516/4068/3652 3534/4338/3869
f 3534/4338/3869 3516/4068/3652 3515/4070/3653
f 3570/4237/3801 3519/4236/3800 3518/4245/3807
f 3518/4245/3807 3519/4236/3800 3500/4242/3806
f 3562/4205/3775 3527/4204/3774 3526/4364/3895
f 3526/4364/3895 3527/4204/3774 3508/4210/3780
f 3562/4205/3775 3526/4364/3895 3563/4365/3896
f 3554/4337/3868 3535/4339/3870 3534/4338/3869
f 3571/4247/3808 3537/4238/3802 3570/4237/3801
f 3562/4205/3775 3563/4365/3896 3545/4206/3776
f 3545/4206/3776 3563/4365/3896 3544/4366/3897
f 3545/4206/3776 3544/4366/3897 3581/4207/3777
f 3581/4207/3777 3544/4366/3897 3580/4367/3898
f 3581/4207/3777 3580/4367/3898 3616/4208/3778
f 3616/4208/3778 3580/4367/3898 3617/4368/3899
f 3616/4208/3778 3617/4368/3899 3599/4209/3779
f 3599/4209/3779 3617/4368/3899 3598/4369/3900
f 3599/4209/3779 3598/4369/3900 3635/4161/3736
f 3635/4161/3736 3598/4369/3900 3634/4159/3734
f 3588/4331/3864 3551/4076/3659 3587/4078/3661
f 3518/4245/3807 3571/4247/3808 3570/4237/3801
f 3588/4331/3864 3587/4078/3661 3609/4370/3901
f 3609/4370/3901 3587/4078/3661 3610/4080/3663
f 3609/4370/3901 3610/4080/3663 3606/4371/3902
f 3606/4371/3902 3610/4080/3663 3605/4082/3665
f 3606/4371/3902 3605/4082/3665 3642/4324/3859
f 3627/4145/3720 3591/4241/3805 3590/4253/3812
f 3590/4253/3812 3591/4241/3805 3625/4252/3811
f 3626/4143/3718 3627/4145/3720 3590/4253/3812
f 3606/4371/3902 3607/4327/3861 3609/4370/3901
f 3609/4370/3901 3607/4327/3861 3608/4329/3862
f 3609/4370/3901 3608/4329/3862 3588/4331/3864
f 3607/4327/3861 3606/4371/3902 3643/4325/3860
f 3643/4325/3860 3606/4371/3902 3642/4324/3859
f 3643/4325/3860 3642/4324/3859 3662/4323/3858
f 3678/4144/3719 3679/4142/3717 3645/4372/3903
f 3645/4372/3903 3679/4142/3717 3644/4140/3716
f 3645/4372/3903 3644/4140/3716 3714/4373/3904
f 3714/4373/3904 3644/4140/3716 3715/4138/3715
f 3714/4373/3904 3715/4138/3715 3681/4136/3713
f 3677/4146/3721 3678/4144/3719 3646/4374/3905
f 3646/4374/3905 3678/4144/3719 3645/4372/3903
f 3646/4374/3905 3645/4372/3903 3713/4375/3906
f 3713/4375/3906 3645/4372/3903 3714/4373/3904
f 3713/4375/3906 3714/4373/3904 3682/4376/3907
f 3682/4376/3907 3714/4373/3904 3681/4136/3713
f 3682/4376/3907 3681/4136/3713 3749/4134/3711
f 3676/4148/3723 3677/4146/3721 3647/4377/3908
f 3647/4377/3908 3677/4146/3721 3646/4374/3905
f 3647/4377/3908 3646/4374/3905 3712/4378/3909
f 3712/4378/3909 3646/4374/3905 3713/4375/3906
f 3712/4378/3909 3713/4375/3906 3683/4379/3910
f 3683/4379/3910 3713/4375/3906 3682/4376/3907
f 3683/4379/3910 3682/4376/3907 3748/4380/3911
f 3748/4380/3911 3682/4376/3907 3749/4134/3711
f 3748/4380/3911 3749/4134/3711 3719/4132/3709
f 3675/4150/3725 3676/4148/3723 3648/4381/3912
f 3648/4381/3912 3676/4148/3723 3647/4377/3908
f 3648/4381/3912 3647/4377/3908 3711/4382/3913
f 3711/4382/3913 3647/4377/3908 3712/4378/3909
f 3711/4382/3913 3712/4378/3909 3684/4383/3914
f 3684/4383/3914 3712/4378/3909 3683/4379/3910
f 3684/4383/3914 3683/4379/3910 3747/4384/3915
f 3747/4384/3915 3683/4379/3910 3748/4380/3911
f 3747/4384/3915 3748/4380/3911 3720/4385/3916
f 3720/4385/3916 3748/4380/3911 3719/4132/3709
f 3720/4385/3916 3719/4132/3709 3756/4130/3707
f 3674/4152/3727 3675/4150/3725 3649/4386/3917
f 3649/4386/3917 3675/4150/3725 3648/4381/3912
f 3649/4386/3917 3648/4381/3912 3710/4387/3918
f 3710/4387/3918 3648/4381/3912 3711/4382/3913
f 3710/4387/3918 3711/4382/3913 3685/4388/3919
f 3685/4388/3919 3711/4382/3913 3684/4383/3914
f 3685/4388/3919 3684/4383/3914 3746/4389/3920
f 3746/4389/3920 3684/4383/3914 3747/4384/3915
f 3746/4389/3920 3747/4384/3915 3721/4390/3921
f 3721/4390/3921 3747/4384/3915 3720/4385/3916
f 3721/4390/3921 3720/4385/3916 3757/4391/3922
f 3757/4391/3922 3720/4385/3916 3756/4130/3707
f 3757/4391/3922 3756/4130/3707 3800/4128/3705
f 3673/4154/3729 3674/4152/3727 3650/4392/3923
f 3650/4392/3923 3674/4152/3727 3649/4386/3917
f 3650/4392/3923 3649/4386/3917 3709/4393/3924
f 3709/4393/3924 3649/4386/3917 3710/4387/3918
f 3709/4393/3924 3710/4387/3918 3686/4394/3925
f 3686/4394/3925 3710/4387/3918 3685/4388/3919
f 3686/4394/3925 3685/4388/3919 3745/4395/3926
f 3745/4395/3926 3685/4388/3919 3746/4389/3920
f 3745/4395/3926 3746/4389/3920 3722/4396/3927
f 3722/4396/3927 3746/4389/3920 3721/4390/3921
f 3722/4396/3927 3721/4390/3921 3758/4397/3928
f 3758/4397/3928 3721/4390/3921 3757/4391/3922
f 3758/4397/3928 3757/4391/3922 3799/4398/3929
f 3799/4398/3929 3757/4391/3922 3800/4128/3705
f 3799/4398/3929 3800/4128/3705 3776/4126/3703
f 3672/4156/3731 3673/4154/3729 3651/4399/3930
f 3651/4399/3930 3673/4154/3729 3650/4392/3923
f 3651/4399/3930 3650/4392/3923 3708/4400/3931
f 3708/4400/3931 3650/4392/3923 3709/4393/3924
f 3708/4400/3931 3709/4393/3924 3687/4401/3932
f 3687/4401/3932 3709/4393/3924 3686/4394/3925
f 3687/4401/3932 3686/4394/3925 3744/4402/3933
f 3744/4402/3933 3686/4394/3925 3745/4395/3926
f 3744/4402/3933 3745/4395/3926 3723/4403/3934
f 3723/4403/3934 3745/4395/3926 3722/4396/3927
f 3723/4403/3934 3722/4396/3927 3759/4404/3935
f 3759/4404/3935 3722/4396/3927 3758/4397/3928
f 3759/4404/3935 3758/4397/3928 3798/4405/3936
f 3798/4405/3936 3758/4397/3928 3799/4398/3929
f 3798/4405/3936 3799/4398/3929 3777/4406/3937
f 3777/4406/3937 3799/4398/3929 3776/4126/3703
f 3777/4406/3937 3776/4126/3703 3813/4124/3701
f 3671/4158/3733 3672/4156/3731 3652/4407/3938
f 3652/4407/3938 3672/4156/3731 3651/4399/3930
f 3652/4407/3938 3651/4399/3930 3707/4408/3939
f 3707/4408/3939 3651/4399/3930 3708/4400/3931
f 3707/4408/3939 3708/4400/3931 3688/4409/3940
f 3688/4409/3940 3708/4400/3931 3687/4401/3932
f 3688/4409/3940 3687/4401/3932 3743/4410/3941
f 3743/4410/3941 3687/4401/3932 3744/4402/3933
f 3743/4410/3941 3744/4402/3933 3724/4411/3942
f 3724/4411/3942 3744/4402/3933 3723/4403/3934
f 3724/4411/3942 3723/4403/3934 3760/4412/3943
f 3760/4412/3943 3723/4403/3934 3759/4404/3935
f 3760/4412/3943 3759/4404/3935 3797/4413/3944
f 3797/4413/3944 3759/4404/3935 3798/4405/3936
f 3797/4413/3944 3798/4405/3936 3778/4414/3945
f 3778/4414/3945 3798/4405/3936 3777/4406/3937
f 3778/4414/3945 3777/4406/3937 3814/4415/3946
f 3814/4415/3946 3777/4406/3937 3813/4124/3701
f 3814/4415/3946 3813/4124/3701 3851/4122/3699
f 3670/4160/3735 3671/4158/3733 3653/4416/3947
f 3653/4416/3947 3671/4158/3733 3652/4407/3938
f 3653/4416/3947 3652/4407/3938 3706/4417/3948
f 3706/4417/3948 3652/4407/3938 3707/4408/3939
f 3706/4417/3948 3707/4408/3939 3689/4418/3949
f 3689/4418/3949 3707/4408/3939 3688/4409/3940
f 3689/4418/3949 3688/4409/3940 3742/4419/3950
f 3742/4419/3950 3688/4409/3940 3743/4410/3941
f 3742/4419/3950 3743/4410/3941 3725/4420/3951
f 3725/4420/3951 3743/4410/3941 3724/4411/3942
f 3725/4420/3951 3724/4411/3942 3761/4421/3952
f 3761/4421/3952 3724/4411/3942 3760/4412/3943
f 3761/4421/3952 3760/4412/3943 3796/4422/3953
f 3796/4422/3953 3760/4412/3943 3797/4413/3944
f 3796/4422/3953 3797/4413/3944 3779/4423/3954
f 3779/4423/3954 3797/4413/3944 3778/4414/3945
f 3779/4423/3954 3778/4414/3945 3815/4424/3955
f 3815/4424/3955 3778/4414/3945 3814/4415/3946
f 3815/4424/3955 3814/4415/3946 3850/4425/3956
f 3850/4425/3956 3814/4415/3946 3851/4122/3699
f 3850/4425/3956 3851/4122/3699 3833/4120/3697
f 3669/4162/3737 3670/4160/3735 3654/4426/3957
f 3654/4426/3957 3670/4160/3735 3653/4416/3947
f 3654/4426/3957 3653/4416/3947 3705/4427/3958
f 3705/4427/3958 3653/4416/3947 3706/4417/3948
f 3705/4427/3958 3706/4417/3948 3690/4428/3959
f 3690/4428/3959 3706/4417/3948 3689/4418/3949
f 3690/4428/3959 3689/4418/3949 3741/4429/3960
f 3741/4429/3960 3689/4418/3949 3742/4419/3950
f 3741/4429/3960 3742/4419/3950 3726/4430/3961
f 3726/4430/3961 3742/4419/3950 3725/4420/3951
f 3726/4430/3961 3725/4420/3951 3762/4431/3962
f 3762/4431/3962 3725/4420/3951 3761/4421/3952
f 3762/4431/3962 3761/4421/3952 3795/4432/3963
f 3795/4432/3963 3761/4421/3952 3796/4422/3953
f 3795/4432/3963 3796/4422/3953 3780/4433/3964
f 3780/4433/3964 3796/4422/3953 3779/4423/3954
f 3780/4433/3964 3779/4423/3954 3816/4434/3965
f 3816/4434/3965 3779/4423/3954 3815/4424/3955
f 3816/4434/3965 3815/4424/3955 3849/4435/3966
f 3849/4435/3966 3815/4424/3955 3850/4425/3956
f 3849/4435/3966 3850/4425/3956 3834/4118/3696
f 3834/4118/3696 3850/4425/3956 3833/4120/3697
f 3668/4164/3739 3669/4162/3737 3655/4436/3967
f 3655/4436/3967 3669/4162/3737 3654/4426/3957
f 3655/4436/3967 3654/4426/3957 3704/4437/3968
f 3704/4437/3968 3654/4426/3957 3705/4427/3958
f 3704/4437/3968 3705/4427/3958 3691/4438/3969
f 3691/4438/3969 3705/4427/3958 3690/4428/3959
f 3691/4438/3969 3690/4428/3959 3740/4439/3970
f 3740/4439/3970 3690/4428/3959 3741/4429/3960
f 3740/4439/3970 3741/4429/3960 3727/4440/3971
f 3727/4440/3971 3741/4429/3960 3726/4430/3961
f 3727/4440/3971 3726/4430/3961 3763/4441/3972
f 3763/4441/3972 3726/4430/3961 3762/4431/3962
f 3763/4441/3972 3762/4431/3962 3794/4442/3973
f 3794/4442/3973 3762/4431/3962 3795/4432/3963
f 3794/4442/3973 3795/4432/3963 3781/4443/3974
f 3781/4443/3974 3795/4432/3963 3780/4433/3964
f 3781/4443/3974 3780/4433/3964 3817/4444/3975
f 3817/4444/3975 3780/4433/3964 3816/4434/3965
f 3817/4444/3975 3816/4434/3965 3848/4445/3976
f 3848/4445/3976 3816/4434/3965 3849/4435/3966
f 3848/4445/3976 3849/4435/3966 3835/4116/3695
f 3835/4116/3695 3849/4435/3966 3834/4118/3696
f 3667/4166/3741 3668/4164/3739 3656/4446/3977
f 3656/4446/3977 3668/4164/3739 3655/4436/3967
f 3656/4446/3977 3655/4436/3967 3703/4447/3978
f 3703/4447/3978 3655/4436/3967 3704/4437/3968
f 3703/4447/3978 3704/4437/3968 3692/4448/3979
f 3692/4448/3979 3704/4437/3968 3691/4438/3969
f 3692/4448/3979 3691/4438/3969 3739/4449/3980
f 3739/4449/3980 3691/4438/3969 3740/4439/3970
f 3739/4449/3980 3740/4439/3970 3728/4450/3981
f 3728/4450/3981 3740/4439/3970 3727/4440/3971
f 3728/4450/3981 3727/4440/3971 3764/4451/3982
f 3764/4451/3982 3727/4440/3971 3763/4441/3972
f 3764/4451/3982 3763/4441/3972 3793/4452/3983
f 3793/4452/3983 3763/4441/3972 3794/4442/3973
f 3793/4452/3983 3794/4442/3973 3782/4453/3984
f 3782/4453/3984 3794/4442/3973 3781/4443/3974
f 3782/4453/3984 3781/4443/3974 3818/4454/3985
f 3818/4454/3985 3781/4443/3974 3817/4444/3975
f 3818/4454/3985 3817/4444/3975 3847/4455/3986
f 3847/4455/3986 3817/4444/3975 3848/4445/3976
f 3847/4455/3986 3848/4445/3976 3836/4114/3694
f 3836/4114/3694 3848/4445/3976 3835/4116/3695
f 3666/4168/3743 3667/4166/3741 3657/4456/3987
f 3657/4456/3987 3667/4166/3741 3656/4446/3977
f 3657/4456/3987 3656/4446/3977 3702/4457/3988
f 3702/4457/3988 3656/4446/3977 3703/4447/3978
f 3702/4457/3988 3703/4447/3978 3693/4458/3989
f 3693/4458/3989 3703/4447/3978 3692/4448/3979
f 3693/4458/3989 3692/4448/3979 3738/4459/3990
f 3738/4459/3990 3692/4448/3979 3739/4449/3980
f 3738/4459/3990 3739/4449/3980 3729/4460/3991
f 3729/4460/3991 3739/4449/3980 3728/4450/3981
f 3729/4460/3991 3728/4450/3981 3765/4461/3992
f 3765/4461/3992 3728/4450/3981 3764/4451/3982
f 3765/4461/3992 3764/4451/3982 3792/4462/3993
f 3792/4462/3993 3764/4451/3982 3793/4452/3983
f 3792/4462/3993 3793/4452/3983 3783/4463/3994
f 3783/4463/3994 3793/4452/3983 3782/4453/3984
f 3783/4463/3994 3782/4453/3984 3819/4464/3995
f 3819/4464/3995 3782/4453/3984 3818/4454/3985
f 3819/4464/3995 3818/4454/3985 3846/4465/3996
f 3846/4465/3996 3818/4454/3985 3847/4455/3986
f 3846/4465/3996 3847/4455/3986 3837/4112/3693
f 3837/4112/3693 3847/4455/3986 3836/4114/3694
f 3665/4087/3670 3666/4168/3743 3658/4089/3672
f 3658/4089/3672 3666/4168/3743 3657/4456/3987
f 3658/4089/3672 3657/4456/3987 3701/4091/3674
f 3701/4091/3674 3657/4456/3987 3702/4457/3988
f 3701/4091/3674 3702/4457/3988 3694/4093/3676
f 3694/4093/3676 3702/4457/3988 3693/4458/3989
f 3694/4093/3676 3693/4458/3989 3737/4095/3678
f 3737/4095/3678 3693/4458/3989 3738/4459/3990
f 3737/4095/3678 3738/4459/3990 3730/4097/3680
f 3730/4097/3680 3738/4459/3990 3729/4460/3991
f 3730/4097/3680 3729/4460/3991 3766/4099/3682
f 3766/4099/3682 3729/4460/3991 3765/4461/3992
f 3766/4099/3682 3765/4461/3992 3791/4101/3684
f 3791/4101/3684 3765/4461/3992 3792/4462/3993
f 3791/4101/3684 3792/4462/3993 3784/4103/3686
f 3784/4103/3686 3792/4462/3993 3783/4463/3994
f 3784/4103/3686 3783/4463/3994 3820/4105/3688
f 3820/4105/3688 3783/4463/3994 3819/4464/3995
f 3820/4105/3688 3819/4464/3995 3845/4107/3690
f 3845/4107/3690 3819/4464/3995 3846/4465/3996
f 3845/4107/3690 3846/4465/3996 3838/4109/3692
f 3838/4109/3692 3846/4465/3996 3837/4112/3693
f 3664/4086/3669 3659/4088/3671 3660/4320/3856
f 3660/4320/3856 3659/4088/3671 3699/4466/3997
f 3660/4320/3856 3699/4466/3997 3698/4318/3854
f 3698/4318/3854 3699/4466/3997 3697/4316/3853
f 3699/4466/3997 3659/4088/3671 3700/4090/3673
f 3699/4466/3997 3700/4090/3673 3696/4315/3852
f 3734/4314/3851 3697/4316/3853 3696/4315/3852
f 3696/4315/3852 3697/4316/3853 3699/4466/3997
f 3751/4256/3813 3716/4265/3821 3717/4257/3814
f 3717/4257/3814 3716/4265/3821 3753/4467/3998
f 3717/4257/3814 3753/4467/3998 3754/4258/3815
f 3754/4258/3815 3753/4467/3998 3803/4468/3999
f 3754/4258/3815 3803/4468/3999 3802/4259/3816
f 3802/4259/3816 3803/4468/3999 3773/4469/4000
f 3802/4259/3816 3773/4469/4000 3774/4260/3817
f 3774/4260/3817 3773/4469/4000 3810/4470/4001
f 3774/4260/3817 3810/4470/4001 3811/4261/3818
f 3811/4261/3818 3810/4470/4001 3854/4471/4002
f 3811/4261/3818 3854/4471/4002 3853/4262/3819
f 3853/4262/3819 3854/4471/4002 3830/4293/3839
f 3853/4262/3819 3830/4293/3839 3831/4263/3820
f 3768/4308/3847 3731/4096/3679 3767/4098/3681
f 3716/4265/3821 3752/4267/3822 3753/4467/3998
f 3753/4467/3998 3752/4267/3822 3804/4472/4003
f 3753/4467/3998 3804/4472/4003 3803/4468/3999
f 3803/4468/3999 3804/4472/4003 3772/4473/4004
f 3803/4468/3999 3772/4473/4004 3773/4469/4000
f 3773/4469/4000 3772/4473/4004 3809/4474/4005
f 3773/4469/4000 3809/4474/4005 3810/4470/4001
f 3810/4470/4001 3809/4474/4005 3855/4475/4006
f 3810/4470/4001 3855/4475/4006 3854/4471/4002
f 3854/4471/4002 3855/4475/4006 3829/4291/3838
f 3854/4471/4002 3829/4291/3838 3830/4293/3839
f 3768/4308/3847 3767/4098/3681 3789/4476/4007
f 3789/4476/4007 3767/4098/3681 3790/4100/3683
f 3789/4476/4007 3790/4100/3683 3786/4477/4008
f 3786/4477/4008 3790/4100/3683 3785/4102/3685
f 3786/4477/4008 3785/4102/3685 3822/4478/4009
f 3822/4478/4009 3785/4102/3685 3821/4104/3687
f 3822/4478/4009 3821/4104/3687 3843/4479/4010
f 3843/4479/4010 3821/4104/3687 3844/4106/3689
f 3843/4479/4010 3844/4106/3689 3840/4295/3840
f 3840/4295/3840 3844/4106/3689 3839/4108/3691
f 3805/4269/3823 3771/4271/3825 3804/4472/4003
f 3804/4472/4003 3771/4271/3825 3772/4473/4004
f 3809/4474/4005 3772/4473/4004 3808/4273/3827
f 3808/4273/3827 3772/4473/4004 3771/4271/3825
f 3786/4477/4008 3787/4304/3844 3789/4476/4007
f 3789/4476/4007 3787/4304/3844 3788/4306/3845
f 3789/4476/4007 3788/4306/3845 3768/4308/3847
f 3787/4304/3844 3786/4477/4008 3823/4302/3843
f 3823/4302/3843 3786/4477/4008 3822/4478/4009
f 3823/4302/3843 3822/4478/4009 3842/4300/3842
f 3842/4300/3842 3822/4478/4009 3843/4479/4010
f 3842/4300/3842 3843/4479/4010 3841/4297/3841
f 3841/4297/3841 3843/4479/4010 3840/4295/3840
f 3752/4267/3822 3805/4269/3823 3804/4472/4003
f 3855/4475/4006 3809/4474/4005 3856/4275/3829
f 3856/4275/3829 3809/4474/4005 3808/4273/3827
f 3855/4475/4006 3856/4275/3829 3828/4277/3831
f 3828/4277/3831 3829/4291/3838 3855/4475/4006
# 3859 vertices
# 4479 texture params
# 4010 normals
# 7710 facets

# 2 groups
